legacy_release_id	label_name	company_id	company_ids	rotation_rows
27	EMOTIF/XSTATIC	1633	1633	1
28	SHADOW	890	890	1
35	DEF JUX	1948	1948	1
48	SUBSTRACTIF	1998	1998	1
56	BOMB HIP-HOP	849	849	1
69	75 ARK	1674	1674	1
70	75 ARK	1674	1674	1
71	75 ARK	1674	1674	1
86	WARP	733	733	1
90	SIRE	782	782	1
92	LONDON/SIRE	2084	2084	1
93	WARP	733	733	1
96	BRONX SCIENCE	1624	1624	1
97	BRONX SCIENCE	1624	1624	1
109	MATADOR	332	332	1
171	HOUSEHUSBAND	1542	1542	1
173	MATADOR	332	332	1
177	DELUXE	752	752	1
224	75 ARK	1674	1674	1
254	GOOD LOOKING	2048	2048	1
284	QUANNUM PROJECTS	1610	1610	1
285	QUANNUM PROJECTS	1610	1610	1
304	MCA	333	333	1
355	NOTHING/INTERSCOPE	1032	1032	1
356	44 WAYS	1539	1539	1
358	BODEGA SYSTEM	2035	2035	1
369	ARISTA	121	121	1
370	ARISTA	121	121	1
374	NUMERO GROUP	2709	2709	1
385	STONE'S THROW	1153	1153	1
387	WARP	733	733	1
484	EAST WEST	432	432	1
485	K7	954	954	1
496	NINJA TUNE	700	700	1
500	MCA	333	333	2
541	SPONGEBATH	1675	1675	1
544	SIGMA EDITIONS	1799	1799	1
558	SHADOW	890	890	1
569	STONE'S THROW	1153	1153	1
570	PLAG DICH NICHT	1442	1442	1
587	QUEERCORPS	1350	1350	1
598	MATADOR	332	332	1
599	MATADOR	332	332	1
636	K7	954	954	1
637	GERN BLANDSTEN	619	619	1
640	CONCEPTION	1230	1230	1
664	HIERO IMPERIUM	1317	1317	1
671	Chrysalis	6743	6743	1
708	TOMMY BOY	267	267	1
713	SCHEMATIC/ASPHODEL	1731	1731	1
714	JIVE ELECTRO	2004	2004	1
738	DTX	1170	1170	1
741	MO WAX	696	696	1
771	CAPITOL	494	494	1
772	CAPITOL	494	494	1
799	INSTINCT	364	364	1
800	RED INK/SONY	1597	1597	1
801	RED INK/SONY	1597	1597	1
811	CAIPIRINHA	1057	1057	1
813	SULFUR/BEGGARS BANQUET	1717	1717	1
823	LIQUID SKY	783	783	1
824	QUATERMASS	1929	1929	1
830	SHADOW	890	890	1
831	SIX DEGREES	722	722	1
834	NINJA TUNE	700	700	1
835	NINJA TUNE	700	700	1
836	NINJA TUNE	700	700	1
840	DJ HONDA	1780	1780	1
842	SMILE	813	813	1
846	NINJA TUNE	700	700	1
848	NINJA TUNE	700	700	1
850	BOMB HIP-HOP	849	849	1
851	BOMB HIP-HOP	849	849	1
855	MERCURY	336	336	1
864	BOMB HIP-HOP	849	849	1
865	BOMB HIP-HOP	849	849	1
867	EMPEROR NORTON	1347	1347	1
871	BOMB HIP-HOP	849	849	1
873	OM	688	688	1
875	INTUIT-SOLAR	1801	1801	1
877	INTUIT-SOLAR	1801	1801	1
901	TOTAL IMPACT	1584	1584	1
910	LO	2014	2014	1
941	SIX DEGREES	722	722	1
985	DELUXE	752	752	1
991	EL TURCO LOCO/DIGITAL HARDCORE	1623	1623	1
993	AFTERMATH/INTERSCOPE	1417	1417	1
1000	75 ARK	1674	1674	1
1047	COMPOST	1345	1345	1
1060	TRITONE	1608	1608	1
1062	KINETIC	2006	2006	1
1063	NINJA TUNE	700	700	1
1068	ELEKTRA	444	444	1
1074	SWILL RADIO	1425	1425	1
1075	SOLEILMOON	251	251	1
1078	DEF JUX	1948	1948	1
1127	K7	954	954	1
1147	MUTE	348	348	1
1171	HYPERDUB	3233	3233	1
1205	ISOPHLUX	1831	1831	1
1206	ELECTRONIC 78	1915	1915	1
1224	ASTRALWERKS	124	124	1
1246	UBIQUITY	706	706	1
1247	HIGHER GROUND	1432	1432	1
1252	F-111	1776	1776	1
1282	TOMMY BOY	267	267	1
1285	MUTE	348	348	1
1286	HYDROGEN DUKEBOX	2007	2007	1
1302	DUCKDOWN/PRIORITY	1404	1404	1
1309	NINJA TUNE	700	700	1
1312	NTONE/NINJA TUNE	1860	1860	1
1313	K7	954	954	1
1329	PHASE 4/LONDON	1285	1285	1
1330	FFRR	781	781	1
1331	CELESTIAL	1477	1477	1
1334	RAWKUS	934	934	1
1335	ANTIPOP	1949	1949	1
1353	PALM PICTURES	1448	1448	1
1363	PLANET E	537	537	2
1364	RECKANKREUZUNGSKLANKEWERKZEUGE	1569	1569	1
1365	RECKANKREUZUNGSKLANKEWERKZEUGE	1569	1569	1
1427	PLANET E	537	537	1
1435	NINJA TUNE	700	700	1
1452	COMPOST	1345	1345	1
1455	WORLD DOMINATION	523	523	2
1461	INTUIT-SOLAR	1801	1801	1
1463	NUDE	1952	1952	1
1475	BOMB HIP-HOP	849	849	1
1476	MATADOR	332	332	1
1478	MATADOR	332	332	1
1480	FORCE INC.	1872	1872	1
1482	ALIEN8	1546	1546	1
1483	SUBSTRACTIF	1998	1998	1
1492	TOMMY BOY	267	267	1
1513	INTERSCOPE	365	365	1
1514	INTERSCOPE	365	365	2
1541	MATADOR	332	332	1
1542	MATADOR	332	332	1
1543	MATADOR	332	332	1
1546	OZONE MUSIC	1523	1523	1
1577	NINJA TUNE	700	700	1
1578	K7	954	954	1
1580	CARPARK	1692	1692	1
1581	IPECAC	1529	1529	1
1582	MILLE PLATEAUX	942	942	1
1604	RUFFHOUSE	533	533	1
1610	BRONX SCIENCE	1624	1624	1
1626	K7	954	954	1
1629	ALIEN8	1546	1546	1
1630	ALIEN8	1546	1546	1
1640	RAWKUS	934	934	1
1641	RAWKUS	934	934	1
1667	MATADOR	332	332	1
1673	OZONE MUSIC	1523	1523	1
1674	OZONE MUSIC	1523	1523	1
1700	REPHLEX	675	675	1
1717	Hot Releases	7041	7041	1
1718	MATADOR	332	332	1
1727	THE AGRICULTURE	1902	1902	1
1749	PLUG RESEARCH	1400	1400	1
1751	ELEKTRA	444	444	1
1752	BRONX SCIENCE	1624	1624	1
1753	HIERO IMPERIUM	1317	1317	1
1754	PDSE	1827	1827	1
1756	BRONX SCIENCE	1624	1624	1
1824	MERCK	1824	1824	1
1886	BOMB HIP-HOP	849	849	1
1902	FLYING BOMB	658	658	1
1904	MOONSHINE	765	765	1
1908	OM	688	688	1
1910	OM	688	688	1
1932	EMPEROR NORTON	1347	1347	1
1940	THRILL JOCKEY	266	266	1
1956	RAWKUS	934	934	1
1957	RAWKUS	934	934	1
1958	MATADOR	332	332	1
1959	MATADOR	332	332	1
1960	MATADOR	332	332	1
1967	NINJA TUNE	700	700	1
1968	MUTE	348	348	1
1969	MUTE	348	348	1
1971	MATADOR	332	332	1
1973	DEF JUX	1948	1948	1
1982	ASTRALWERKS	124	124	1
1990	SOLEILMOON	251	251	1
1995	SCHEMATIC/ASPHODEL	1731	1731	1
2033	BIG DADA/NINJA TUNE	1646	1646	1
2034	BIG DADA/NINJA TUNE	1646	1646	1
2035	75 ARK	1674	1674	1
2036	75 ARK	1674	1674	1
2037	MAD MONKEY	1871	1871	1
2045	MATADOR	332	332	1
2066	MENDS	1735	1735	1
2067	UBIQUITY	706	706	1
2115	VINYL COMMUNICATIONS	662	662	1
2130	COOL DEATH	5225	5225	1
2162	LAFACE	579	579	1
2175	BSI	1891	1891	1
2192	MELANKOLIC	1394	1394	1
2208	STONE'S THROW	1153	1153	1
2210	G-STONE	1618	1618	1
2211	OM	688	688	1
2228	ASTRALWERKS	124	124	1
2231	CELESTIAL	1477	1477	1
2241	RAW.KUTS/RAWKUS	1401	1401	1
2243	self-released	853	853	1
2251	ABB	1416	1416	1
2252	MATADOR	332	332	1
2254	DOWN LOW	1874	1874	1
2258	NOTHING/INTERSCOPE	1032	1032	1
2293	MUTE	348	348	1
2295	MATADOR	332	332	1
2326	TOMMY BOY	267	267	1
2327	TOMMY BOY	267	267	1
2330	WORDSOUND	666	666	1
2337	FATCAT	1728	1728	1
2344	UBIQUITY	706	706	1
2395	STONE'S THROW	1153	1153	1
2396	STONE'S THROW	1153	1153	1
2422	PRIORITY	316	316	1
2428	SMILE	813	813	1
2431	MCA	333	333	1
2433	ELEKTRA	444	444	1
2439	REPHLEX	675	675	1
2440	REPHLEX	675	675	1
2473	MATADOR	332	332	1
2478	PLANET E	537	537	1
2480	OH-EYE	1888	1888	1
2481	OH-EYE	1888	1888	1
2509	MCA	333	333	1
2511	MCA	333	333	1
2524	BIG DADA/NINJA TUNE	1646	1646	1
2525	BIG DADA/NINJA TUNE	1646	1646	1
2527	REPHLEX	675	675	1
2569	TZADIK	139	139	1
2587	SLABCO	682	682	1
2603	WORDSOUND	666	666	1
2604	MATADOR	332	332	1
2607	DINING ROOM	1505	1505	1
2608	self-released	853	853	1
2609	NOVAMUTE	1107	1107	1
2648	BOMB HIP-HOP	849	849	1
2665	SPRAWL	1344	1344	1
2670	WORLD DOMINATION	523	523	1
2701	HEFTY	669	669	1
2713	K7	954	954	1
2746	ASTRALWERKS	124	124	1
2752	CAIPIRINHA	1057	1057	1
2755	OZONE MUSIC	1523	1523	1
2779	NOVAMUTE	1107	1107	1
2780	NOVAMUTE	1107	1107	1
2786	THIRSTY EAR	808	808	1
2787	THIRSTY EAR	808	808	1
2789	TUGBOAT	1825	1825	1
2799	INFINITY	208	208	1
2811	NOTHING/INTERSCOPE	1032	1032	1
2812	NOTHING/INTERSCOPE	1032	1032	1
2813	WARP/NOTHING	1387	1387	1
2816	WARP	733	733	1
2839	HI-HO/MAMMOTH	1497	1497	1
2841	HI-HO/MAMMOTH	1497	1497	1
2864	ABB	1416	1416	1
2875	ASPHODEL	502	502	1
2877	ASPHODEL	502	502	1
2882	MERCK	1824	1824	1
2887	UBIQUITY	706	706	1
2898	THRILL JOCKEY	266	266	1
2899	CARPARK	1692	1692	1
2919	PORK	1953	1953	1
2921	MATADOR	332	332	1
2938	K7	954	954	1
2939	EIGHTEENTH STREET LOUNGE MUSIC	874	874	1
2940	EIGHTEENTH STREET LOUNGE MUSIC	874	874	1
2992	G-STONE	1618	1618	1
2994	NINJA TUNE	700	700	1
2995	NINJA TUNE	700	700	1
2996	TOMMY BOY	267	267	1
2998	DOUBLE H'N	1829	1829	1
3069	MATADOR	332	332	1
3071	MAMMOTH	386	386	1
3072	ILLGORE	1804	1804	1
3074	PRIORITY	316	316	1
3077	1500	1418	1418	1
3103	75 ARK	1674	1674	1
3106	FUTURE TIMES	3933	3933	1
3109	NINJA TUNE	700	700	1
3112	EIGHTEENTH STREET LOUNGE MUSIC	874	874	1
3360	BOMB HIP-HOP	849	849	1
3371	OM	688	688	1
3495	CARPET GROUP RECORDINGS	5412	5412	1
3503	EVIL TEEN	1297	1297	1
3506	K7	954	954	1
3509	RRR	284	284	1
3512	TIMBER!/TOMMY BOY	1456	1456	1
3514	SOUP-DISK	1445	1445	1
3515	INFRACOM	1444	1444	1
3520	SHADOW	890	890	1
3521	ULTRA	1312	1312	1
3522	K7	954	954	1
3534	BOTCHIT AND SCARPER	1574	1574	1
3551	SSR	772	772	1
3552	QUANNUM PROJECTS	1610	1610	1
3555	MATADOR	332	332	1
3557	NO MAYO/LOOSEGROOVE	1611	1611	1
3560	LEAF	1077	1077	1
3562	CONCENTRATED ENTERTAINMENT	1640	1640	1
3580	RAPTIVISM	1709	1709	1
3585	BOTCHIT AND SCARPER	1574	1574	1
3589	SCHEMATIC/ASPHODEL	1731	1731	1
3604	UBIQUITY	706	706	1
3615	MERCK	1824	1824	1
3618	STRICTLY BREAK	1826	1826	1
3620	ISOPHLUX	1831	1831	1
3624	NINJA TUNE	700	700	2
3626	FORCE INC.	1872	1872	1
3633	BSI	1891	1891	1
3645	CHOCOLATE INDUSTRIES	1925	1925	1
3646	SHADOW	890	890	1
3648	DUB	1937	1937	1
3651	PALM PICTURES	1448	1448	1
3655	MILLE PLATEAUX	942	942	1
3657	SCHEMATIC/ASPHODEL	1731	1731	1
3658	BIP-HOP	1957	1957	1
3659	BIP-HOP	1957	1957	1
3660	BIP-HOP	1957	1957	1
3661	STEREO DELUXE	1978	1978	1
3662	COMPOST	1345	1345	1
3663	EMPEROR NORTON	1347	1347	1
3664	LO	2014	2014	1
3667	UNITONE	2030	2030	1
3668	UNITONE	2030	2030	1
3669	UNITONE	2030	2030	1
3670	BIG DADA/NINJA TUNE	1646	1646	1
3671	MATADOR	332	332	1
3676	SHADOW	890	890	1
3677	PAGODA	2005	2005	1
3680	SHADOW	890	890	1
3681	PAPAYA	2076	2076	1
3704	FAT CAT	1602	1602	1
3719	SCHEMATIC/ASPHODEL	1731	1731	1
3722	NOVAMUTE	1107	1107	1
3723	NOVAMUTE	1107	1107	1
3724	NOVAMUTE	1107	1107	1
3742	ASPHODEL	502	502	1
3743	LIQUID SKY	783	783	1
3745	MUTE	348	348	1
3767	INDIE 5000	1983	1983	1
3768	AMERICAN	115	115	1
3843	NU GRUV ALLIANCE	1783	1783	1
3844	GROUND FAULT	1725	1725	1
3859	DELMARK	435	435	1
3860	MUTABLEMUSIC	1986	1986	1
3890	BETWEEN THE LINES	1660	1660	1
3917	32 JAZZ	807	807	1
3930	KNITTING FACTORY	375	375	1
3933	EVOLVING EAR/PAX	1910	1910	1
3970	EREMITE	804	804	1
3971	UNHEARD MUSIC SERIES/ATAVISTIC	1748	1748	1
3972	THRILL JOCKEY	266	266	1
4013	ATLANTIC	123	123	1
4037	FANTASY	1990	1990	1
4038	MO WAX	696	696	1
4146	TZADIK	139	139	1
4147	KNITTING FACTORY	375	375	1
4185	LOVELY MUSIC	381	381	1
4196	THIRSTY EAR	808	808	1
4217	BASTA	1186	1186	1
4219	BASTA	1186	1186	1
4228	ATAVISTIC	122	122	1
4230	TZADIK	139	139	1
4233	UNHEARD MUSIC SERIES/ATAVISTIC	1748	1748	1
4239	WOBBLY RAIL	1223	1223	1
4324	HATOLOGY/HAT HUT	863	863	1
4327	WINTER & WINTER	1577	1577	1
4329	IRENE	1988	1988	1
4363	NEW WORLD	351	351	1
4370	482 MUSIC	1958	1958	1
4378	NEWTONE/ROBI DROLI	1504	1504	1
4379	DELMARK	435	435	1
4384	IMPULSE	775	775	1
4400	VERVE	550	550	1
4454	UNHEARD MUSIC SERIES/ATAVISTIC	1748	1748	1
4474	ECM	443	443	1
4480	CUNEIFORM	437	437	1
4511	WOBBLY RAIL	1223	1223	1
4512	RED TOUCAN	2075	2075	1
4568	DELMARK	435	435	1
4569	THIRSTY EAR	808	808	1
4572	CUNEIFORM	437	437	1
4581	OMNITONE	1961	1961	1
4591	NEWTONE/ROBI DROLI	1504	1504	1
4593	NEWTONE/ROBI DROLI	1504	1504	1
4594	NEWTONE/ROBI DROLI	1504	1504	1
4596	NEWTONE/ROBI DROLI	1504	1504	1
4625	KNITTING FACTORY	375	375	1
4629	VIRGIN	219	219	1
4649	DELMARK	435	435	1
4651	DELMARK	435	435	1
4652	THRILL JOCKEY	266	266	1
4653	self-released	853	853	1
4686	W.I.N.	556	556	1
4687	SMELLS LIKE	249	249	1
4688	ATAVISTIC	122	122	1
4694	HATOLOGY/HAT HUT	863	863	1
4847	PERIPLUM	1653	1653	1
4884	RASTASCAN	327	327	1
4888	POOKY LOOKY	1532	1532	1
4890	HANNIBAL/RYKODISC	570	570	1
4893	ATAVISTIC	122	122	1
4894	PENUMBRA MUSIC	585	585	1
4896	BETWEEN THE LINES	1660	1660	1
4902	EIGHTEENTH STREET LOUNGE MUSIC	874	874	1
4903	MUTABLEMUSIC	1986	1986	1
4904	SEDIMENTAL	1438	1438	1
4926	KOCH	558	558	1
4934	self-released	853	853	1
4937	UNHEARD MUSIC SERIES/ATAVISTIC	1748	1748	1
4945	JAZZ MAGNET	2033	2033	1
5039	KOCH	558	558	1
5050	LUV N' HAIGHT/UBIQUITY	1242	1242	1
5094	CUNEIFORM	437	437	1
5102	AMBIANCES MAGNETIQUES/DAME	1479	1479	1
5103	AMBIANCES MAGNETIQUES/DAME	1479	1479	1
5104	AMBIANCES MAGNETIQUES/DAME	1479	1479	1
5131	WOBBLY RAIL	1223	1223	1
5172	CUNEIFORM	437	437	1
5178	RCA VICTOR	897	897	1
5228	SCREWGUN	818	818	1
5231	CUNEIFORM	437	437	1
5232	CUNEIFORM	437	437	1
5258	TZADIK	139	139	1
5265	ACCURATE	106	106	1
5269	CIMP	1056	1056	1
5329	EUPHORIA JAZZ/SUNDAZED	1643	1643	1
5347	HATOLOGY/HAT HUT	863	863	1
5348	HATOLOGY/HAT HUT	863	863	1
5349	HATOLOGY/HAT HUT	863	863	1
5350	HATOLOGY/HAT HUT	863	863	1
5353	DELMARK	435	435	1
5403	FLYING NOTE	885	885	1
5426	GEODE	1773	1773	1
5427	DELMARK	435	435	1
5440	EINSTEIN	421	421	1
5449	CUNEIFORM	437	437	1
5462	DELMARK	435	435	1
5463	KOCH	558	558	1
5464	DELMARK	435	435	1
5479	NONESUCH	799	799	1
5496	KNITTING FACTORY	375	375	1
5506	TZADIK	139	139	1
5560	KNITTING FACTORY	375	375	1
5561	KNITTING FACTORY	375	375	1
5588	RASTASCAN	327	327	1
5622	COLUMBIA	468	468	1
5623	AESTHETICS	1484	1484	1
5685	SQUEALER	793	793	1
5693	LOVELETTER	1064	1064	1
5759	WOBBLY RAIL	1223	1223	1
5763	DELMARK	435	435	1
5765	UNHEARD MUSIC SERIES/ATAVISTIC	1748	1748	1
5779	AMBIANCES MAGNETIQUES/DAME	1479	1479	1
5836	UBIQUITY	706	706	1
5936	AUCOURANT	1537	1537	1
5938	KOCH	558	558	1
5939	NINE WINDS	1020	1020	1
5940	CRANK AUTOMOTIVE	1729	1729	1
5941	LABEL M	1992	1992	1
5948	SCREWGUN	818	818	1
5999	GM	1372	1372	1
6000	TZADIK	139	139	1
6002	ERSTWHILE	1661	1661	1
6003	UMBRELLA	1622	1622	1
6006	pfMENTUM	1571	1571	1
6008	AMBIANCES MAGNETIQUES/DAME	1479	1479	1
6010	IMPULSE	775	775	1
6068	KNITTING FACTORY	375	375	1
6069	KNITTING FACTORY	375	375	1
6102	KNITTING FACTORY	375	375	1
6106	PERIPLUM	1653	1653	1
6115	EREMITE	804	804	1
6118	ABOUT TIME	1612	1612	1
6119	ERSTWHILE	1661	1661	1
6120	ENTROPY STEREO	1787	1787	1
6121	X-OR	1588	1588	1
6139	KOCH	558	558	1
6154	ONE WAY	969	969	1
6174	WOBBLY RAIL	1223	1223	1
6175	HOPSCOTCH	1645	1645	1
6176	TZADIK	139	139	1
6180	FANG	396	396	1
6378	KOCH	558	558	1
6379	KOCH	558	558	1
6383	HOPSCOTCH	1645	1645	1
6384	W.I.N.	556	556	1
6385	UNHEARD MUSIC SERIES/ATAVISTIC	1748	1748	1
6393	pfMENTUM	1571	1571	1
6394	pfMENTUM	1571	1571	1
6395	pfMENTUM	1571	1571	1
6396	KNITTING FACTORY	375	375	1
6478	AMBIANCES MAGNETIQUES/DAME	1479	1479	1
6490	TZADIK	139	139	1
6493	BETWEEN THE LINES	1660	1660	1
6517	NONESUCH	799	799	1
6523	KNITTING FACTORY	375	375	1
6531	MASS PARTICLES	1468	1468	1
6609	NORTON	355	355	1
6617	HATOLOGY/HAT HUT	863	863	1
6618	JAZZ MAGNET	2033	2033	1
6628	KOCH	558	558	1
6630	BASTA	1186	1186	1
6633	AMBIANCES MAGNETIQUES/DAME	1479	1479	1
6634	HATOLOGY/HAT HUT	863	863	1
6678	TZADIK	139	139	1
6679	DELMARK	435	435	1
6685	ERSTWHILE	1661	1661	1
6686	AMBIANCES MAGNETIQUES/DAME	1479	1479	1
6687	AMBIANCES MAGNETIQUES/DAME	1479	1479	1
6706	EENIE MEENIE	1706	1706	1
6710	BETWEEN THE LINES	1660	1660	1
6713	FRESH SOUND NEW TALENT	1771	1771	1
6765	EXPLAIN	1516	1516	1
6777	STRANGE AND BEAUTIFUL	1407	1407	1
6778	STRANGE AND BEAUTIFUL	1407	1407	1
6783	AMBIANCES MAGNETIQUES/DAME	1479	1479	1
6784	OHM	1443	1443	1
6949	ASPHODEL	502	502	1
6951	EREMITE	804	804	1
6958	NO MORE	862	862	1
6959	THIRSTY EAR	808	808	1
6960	SOUL NOTE	672	672	1
6962	ARABESQUE	1209	1209	1
6963	DARK BELOVED CLOUD	426	426	1
7033	DELMARK	435	435	1
7038	UNHEARD MUSIC SERIES/ATAVISTIC	1748	1748	1
7043	PUTUMAYO	1119	1119	1
7072	ARABESQUE	1209	1209	1
7073	ARABESQUE	1209	1209	1
7147	ECM	443	443	1
7148	DELMARK	435	435	1
7229	SMITHSONIAN FOLKWAYS	250	250	1
7254	AUM FIDELITY	1046	1046	1
7255	KNITTING FACTORY	375	375	1
7256	ABOUT TIME	1612	1612	1
7260	AUM FIDELITY	1046	1046	1
7266	EREMITE	804	804	1
7279	BETWEEN THE LINES	1660	1660	1
7321	EREMITE	804	804	1
7324	ERSTWHILE	1661	1661	1
7346	UNHEARD MUSIC SERIES/ATAVISTIC	1748	1748	1
7347	HATOLOGY/HAT HUT	863	863	1
7367	PENUMBRA MUSIC	585	585	1
7371	DELMARK	435	435	1
7381	TRADITIONAL CROSSROADS	505	505	1
7414	INDIGO	1788	1788	1
7446	GM	1372	1372	1
7447	PLAG DICH NICHT	1442	1442	1
7448	HATOLOGY/HAT HUT	863	863	1
7524	ATAVISTIC	487	487	1
7526	TZADIK	139	139	1
7538	THIRSTY EAR	808	808	1
7539	AUM FIDELITY	1046	1046	1
7540	EREMITE	804	804	1
7541	AUM FIDELITY	1046	1046	1
7555	DELMARK	435	435	1
7559	KNITTING FACTORY	375	375	1
7560	TINDER	583	583	1
7562	UBIQUITY	706	706	1
7564	KNITTING FACTORY	375	375	1
7597	BOXHOLDER	1911	1911	1
7613	VERVE	550	550	1
7641	SUPERIOR VIADUCT	4099	4099	1
7653	ARHOOLIE	120	120	1
7656	NEWTONE/ROBI DROLI	1504	1504	1
7695	EINSTEIN	421	421	1
7697	KNITTING FACTORY	375	375	1
7699	BASTA	1186	1186	1
7705	SOUL JAZZ	1936	1936	1
7729	X-OR	1588	1588	1
7730	GROB	1927	1927	1
7731	TZADIK	139	139	1
7732	KOCH	558	558	1
7753	EUPHORIA JAZZ/SUNDAZED	1643	1643	1
7784	BETWEEN THE LINES	1660	1660	1
7787	NEW WORLD	351	351	1
7789	HEFTY	669	669	1
7818	UBIQUITY	706	706	1
7838	RCA VICTOR	897	897	1
7839	RIVBEA	731	731	1
7866	MO RISEN	2958	2958	1
7887	WILD FOUNDATION	1744	1744	1
7903	ERSTWHILE	1661	1661	1
7904	TZADIK	139	139	1
7907	KNITTING FACTORY	375	375	1
7995	SUBLINGUAL	1469	1469	1
7996	SUBLINGUAL	1469	1469	1
8042	DECCA/MCA	1218	1218	1
8061	GM	1372	1372	1
8063	NEW WORLD	351	351	1
8064	UNHEARD MUSIC SERIES/ATAVISTIC	1748	1748	1
8073	SAMBA MOON	1676	1676	1
8081	KNITTING FACTORY	375	375	1
8082	ROPEADOPE	2069	2069	1
8146	HATOLOGY/HAT HUT	863	863	1
8147	THIRSTY EAR	808	808	1
8148	THIRSTY EAR	808	808	1
8150	HATOLOGY/HAT HUT	863	863	1
8156	TZADIK	139	139	1
8160	VERVE	550	550	1
8233	NAIM	754	754	1
8235	ARHOOLIE	120	120	1
8237	EREMITE	804	804	1
8277	TZADIK	139	139	1
8279	TZADIK	139	139	1
8280	ANONYM	1899	1899	1
8293	CUNEIFORM	437	437	1
8303	MULATTA	2094	2094	1
8327	TZADIK	139	139	1
8328	BLACK SAINT	659	659	1
8332	CLASSICS	1595	1595	1
8333	TRADITIONAL CROSSROADS	505	505	1
8367	EINSTEIN	421	421	1
8391	SOUNDIES/BLOODSHOT	1514	1514	1
8439	EVIDENCE	427	427	1
8488	UBIQUITY	706	706	1
8489	UBIQUITY	706	706	1
8490	THIRSTY EAR	808	808	1
8493	UNHEARD MUSIC SERIES/ATAVISTIC	1748	1748	1
8513	DELMARK	435	435	1
8528	DELMARK	435	435	1
8529	DELMARK	435	435	1
8530	DELMARK	435	435	1
8540	ANGEL	1480	1480	1
8541	ANGEL	1480	1480	1
8575	EINSTEIN	421	421	1
8589	SOLITAIRE	2053	2053	1
8591	HOPSCOTCH	1645	1645	1
8616	PENUMBRA MUSIC	585	585	1
8622	OOdiscs	620	620	1
8623	MICROSCOPIC	1933	1933	1
8665	FAMILY VINEYARD	1980	1980	1
8805	EMF	2105	2105	1
8830	BLUE NOTE	462	462	1
8887	CIMP	1056	1056	1
8888	CIMP	1056	1056	1
8889	CIMP	1056	1056	1
8890	CIMP	1056	1056	1
8914	DIW	1370	1370	1
8915	ALADDIN/CAPITOL	1488	1488	1
8917	RIGHT STUFF	607	607	1
8920	BLUE NOTE	462	462	1
8921	BLUE NOTE	462	462	1
8922	BLUE NOTE	462	462	1
8924	CADENCE JAZZ	1221	1221	1
8927	JAZZ ORACLE	1534	1534	1
8928	MUSIC CLUB	1082	1082	1
8929	ZOAR	1060	1060	1
8930	VANGUARD	947	947	1
8941	BEAN SNICKER	1964	1964	1
8944	LABEL M	1992	1992	1
8948	LABEL M	1992	1992	1
8979	ATAVISTIC	122	122	1
8982	DELMARK	435	435	1
8983	ATAVISTIC	122	122	1
8987	WOBBLY RAIL	1223	1223	1
8989	ATAVISTIC	122	122	1
8990	ATAVISTIC	487	487	1
9010	ERSTWHILE	1661	1661	1
9020	ACOUSTIC DISC	1216	1216	1
9098	SPLASC(H)	1960	1960	1
9099	AUM FIDELITY	1046	1046	1
9109	WALLIS ORIGINALS	1527	1527	1
9110	AVANT	125	125	1
9112	NU	1038	1038	1
9152	KOCH	558	558	1
9192	FAT CAT	1602	1602	1
9244	ARHOOLIE	120	120	1
9279	BOXHOLDER	1911	1911	1
9303	TZADIK	139	139	1
9309	BOXmedia	1447	1447	1
9310	PENUMBRA MUSIC	585	585	1
9348	TZADIK	139	139	1
9358	PENUMBRA MUSIC	585	585	1
9376	TZADIK	139	139	1
9388	SOUNDIES/BLOODSHOT	1514	1514	1
9412	BEAR FAMILY	966	966	1
9510	TINDER	583	583	1
9511	SUGAR HILL	259	259	1
9546	COPPER CREEK	712	712	1
9573	SOUNDIES/BLOODSHOT	1514	1514	1
9589	GADFLY	1815	1815	1
9605	SUGAR HILL	259	259	1
9625	NORTHSIDE	927	927	1
9626	self-released	853	853	1
9665	ARHOOLIE	120	120	1
9709	ARHOOLIE	120	120	1
9723	ALLIGATOR	112	112	1
9729	ROUNDER	283	283	1
9758	GRAND	1453	1453	1
9766	ARHOOLIE	120	120	1
9800	SOUNDIES/BLOODSHOT	1514	1514	1
9805	ROUNDER	283	283	1
9807	MILES OF MUSIC/LIL' HOSS	2071	2071	1
9822	ARHOOLIE	120	120	1
9823	TZADIK	139	139	1
9825	ARHOOLIE	120	120	1
9826	ARHOOLIE	120	120	1
9840	TZADIK	139	139	1
9847	ACOUSTIC MUSIC	1750	1750	1
9883	ROUNDER	283	283	1
9894	HIGHTONE	398	398	1
9897	HMG/HIGHTONE	1846	1846	1
9898	ORANGE MUSIC	1688	1688	1
9920	ROUNDER	283	283	1
9921	ROUNDER	283	283	1
9928	SHIMMY DISC	293	293	1
9948	HIGHTONE	398	398	1
9949	VANGUARD	947	947	1
9950	COPPER CREEK	712	712	1
10052	ACOUSTIC MUSIC	1750	1750	1
10055	ROUNDER	283	283	1
10058	THE PHYSICAL WORLD	2046	2046	1
10073	TRADITIONAL CROSSROADS	505	505	1
10099	SUGAR HILL	259	259	1
10104	NORTHSIDE	927	927	1
10105	SHANACHIE	291	291	1
10106	SHANACHIE	291	291	1
10107	self-released	853	853	1
10108	JUBA	1950	1950	1
10120	NORTHSIDE	927	927	1
10121	NORTHSIDE	927	927	1
10136	FINLANDIA	1396	1396	1
10140	NORTHSIDE	927	927	1
10145	DISCHORD	424	424	1
10162	NORTHSIDE	927	927	1
10180	ROUNDER	283	283	1
10187	self-released	853	853	1
10201	SMITHSONIAN FOLKWAYS	250	250	1
10202	ARHOOLIE	120	120	1
10232	COPPER CREEK	712	712	1
10233	NORTHSIDE	927	927	1
10251	NORTHSIDE	927	927	1
10253	NORTHSIDE	927	927	1
10267	self-released	853	853	1
10268	COPPER CREEK	712	712	1
10285	ROUNDER	283	283	1
10297	ROUNDER	283	283	1
10300	HIGHTONE	398	398	1
10301	HIGHTONE	398	398	1
10309	FIELD RECORDING CO.	1672	1672	1
10316	OLD 97	2027	2027	1
10320	ROUNDER	283	283	1
10324	SHANACHIE	291	291	1
10331	NETWORK	1956	1956	1
10359	OVERCOAT	1669	1669	1
10369	ROUNDER	283	283	1
10373	NORTHSIDE	927	927	1
10377	ALULA	845	845	1
10412	SMITHSONIAN FOLKWAYS	250	250	1
10426	SOUNDIES/BLOODSHOT	1514	1514	1
10427	YAZOO	239	239	1
10428	HIGHTONE	398	398	1
10436	ROUNDER	283	283	1
10437	STARKLAND	256	256	1
10439	LYRICHORD	211	211	1
10448	LABEL BLEU	1967	1967	1
10449	TZADIK	139	139	1
10467	SUGAR HILL	259	259	1
10468	SUGAR HILL	259	259	1
10482	ROUNDER	283	283	1
10483	ROUNDER	283	283	1
10487	JUNE APPAL	2025	2025	1
10500	HEMISPHERE	963	963	1
10507	NORTHSIDE	927	927	1
10516	ARHOOLIE	120	120	1
10521	KNOT KNOWN	1854	1854	1
10524	IPECAC	1529	1529	1
10532	ROUNDER	283	283	1
10580	ROUNDER	283	283	1
10604	CHROME	1591	1591	1
10616	CEILI	1554	1554	1
10617	ROUNDER	283	283	1
10618	CEILI	1554	1554	1
10631	ROUNDER	283	283	1
10642	HIGHTONE	398	398	1
10694	ROUNDER	283	283	1
10713	ROUNDER	283	283	1
10716	MAISON DE SOL	383	383	1
10751	TEMPLE	1852	1852	1
10752	L' EMPREINTE DIGITALE	2031	2031	1
10770	SUGAR HILL	259	259	1
10771	TZADIK	139	139	1
10781	NORTHSIDE	927	927	1
10794	ALULA	845	845	1
10816	ROUNDER	283	283	1
10817	ROUNDER	283	283	1
10835	ROUNDER	283	283	1
10854	SUGAR HILL	259	259	1
10855	SUGAR HILL	259	259	1
10877	HIGHWATER REC. CO.c/o of DR. DAVID EVANS	388	388	1
10886	SOUNDIES/BLOODSHOT	1514	1514	1
10891	KNITTING FACTORY	375	375	1
10914	GNP/CRESCENDO	1427	1427	1
10963	ROUNDER	283	283	1
10965	COPPER CREEK	712	712	1
10976	GREENHAYS	2045	2045	1
10989	ROUNDER	283	283	1
11002	ROUNDER	283	283	1
11008	SUNDAZED	164	164	1
11009	SUGAR HILL	259	259	1
11065	HIGHTONE	398	398	1
11069	COMPASS	1449	1449	1
11074	ARHOOLIE	120	120	1
11140	COPPER CREEK	712	712	1
11141	COPPER CREEK	712	712	1
11171	SKAGGS FAMILY	1454	1454	1
11173	SKAGGS FAMILY	1454	1454	1
11187	LONE OAK	2062	2062	1
11190	Be With Records	6068	6068	1
11204	YAZOO	239	239	2
11214	TZADIK	139	139	1
11215	ACOUSTIC MUSIC	1750	1750	1
11216	TZADIK	139	139	1
11217	COPPER CREEK	712	712	1
11262	self-released	853	853	1
11272	SUGAR HILL	259	259	1
11273	CEILI	1554	1554	1
11310	NONESUCH	799	799	1
11317	INTUITION	1378	1378	1
11334	SOUNDIES/BLOODSHOT	1514	1514	1
11341	ROUNDER	283	283	1
11343	ROUNDER	283	283	1
11355	COPPER CREEK	712	712	1
11380	DUNYA/FELMAY	1519	1519	1
11382	NORTHSIDE	927	927	1
11463	ROUNDER	283	283	1
11539	SMITHSONIAN FOLKWAYS	250	250	1
11587	ROUNDER	283	283	1
11602	ARHOOLIE	120	120	1
11638	YAZOO	239	239	1
11672	COUNTY	690	690	1
11676	ROIR	281	281	1
11680	MUSIC OF THE WORLD	347	347	1
11683	ALULA	845	845	1
11685	ROUNDER	283	283	1
11695	ROUNDER	283	283	1
11696	ELLIPSIS ARTS	210	210	1
11697	CAPITOL	494	494	1
11700	ROUNDER	283	283	1
11701	KRAZY KAT	1162	1162	1
11702	OLD HAT	1367	1367	1
11704	NORTHSIDE	927	927	1
11705	SMITHSONIAN FOLKWAYS	250	250	1
11706	NORTHSIDE	927	927	1
11707	YAZOO	239	239	1
11709	SMITHSONIAN FOLKWAYS	250	250	1
11711	WINTER & WINTER	1577	1577	1
11712	OMNIUM/ROUNDER	691	691	1
11714	ROUNDER	283	283	1
11716	ROUNDER	283	283	1
11718	ROUNDER	283	283	1
11728	YAZOO	239	239	1
11730	ROUNDER	283	283	1
11731	ROUNDER	283	283	1
11733	SMITHSONIAN FOLKWAYS	250	250	1
11735	DRAGON STREET	1698	1698	1
11739	ROUNDER	283	283	1
11740	SMITHSONIAN FOLKWAYS	250	250	1
11742	ARHOOLIE	120	120	1
11744	YAZOO	239	239	1
11747	ROUNDER	283	283	1
11750	ROUNDER	283	283	1
11753	ROUNDER	283	283	1
11754	YAZOO	239	239	1
11763	ROUNDER	283	283	1
11764	MUSIC MILL	1869	1869	1
11769	ARHOOLIE	120	120	1
11773	ARHOOLIE	120	120	1
11774	SMITHSONIAN FOLKWAYS	250	250	1
11778	DRAGON STREET	1698	1698	1
11779	ROUNDER	283	283	1
11783	ROUNDER	283	283	1
11784	ROUNDER	283	283	1
11785	APPLESEED	1086	1086	1
11787	NETWORK	1956	1956	1
11788	KEHILLAH	1966	1966	1
11790	OLD HAT	1367	1367	1
11792	ROUNDER	283	283	1
11795	SMITHSONIAN FOLKWAYS	250	250	1
11806	ROUNDER	283	283	1
11808	KRAZY KAT	1162	1162	1
11809	NORTHSIDE	927	927	1
11812	INNOVA	153	153	1
11813	ARK 21	1013	1013	1
11814	XENO MUSIC	2082	2082	1
11817	SMITHSONIAN FOLKWAYS	250	250	1
11832	WICKLOW	1395	1395	1
11847	ROUNDER	283	283	1
11850	HIGHTONE	398	398	1
11874	SUGAR HILL	259	259	1
11883	BARKER	1455	1455	1
11901	HIGHTONE	398	398	1
11911	self-released	853	853	1
11913	CEILI	1554	1554	1
11929	SUGAR HILL	259	259	1
11943	MERCURY	336	336	1
11978	NORTHSIDE	927	927	1
11979	NORTHSIDE	927	927	1
11984	COPPER CREEK	712	712	1
11996	TRADITIONAL CROSSROADS	505	505	1
12030	HEARTBEAT	399	399	1
12069	PENTHOUSE	2042	2042	1
12072	HEARTBEAT	399	399	1
12111	HEARTBEAT	399	399	1
12127	RAS	326	326	1
12169	BLOOD AND FIRE	586	586	1
12191	BLOOD AND FIRE	586	586	1
12302	HEARTBEAT	399	399	1
12321	BSI	1891	1891	1
12341	HEARTBEAT	399	399	1
12349	BLOOD AND FIRE	586	586	1
12381	BLOOD AND FIRE	586	586	1
12443	BLOOD AND FIRE	586	586	1
12510	HEARTBEAT	399	399	1
12569	BEATVILLE	1466	1466	1
12570	HEARTBEAT	399	399	1
12651	RAS	326	326	1
12688	MOTION	1800	1800	1
12709	GHETTO TECH	2018	2018	1
12733	BLOOD AND FIRE	586	586	1
12741	MIRUMIR	4891	4891	1
12742	RAS	326	326	1
12803	ROIR	281	281	1
12812	BLOOD AND FIRE	586	586	1
12836	BLOOD AND FIRE	586	586	1
12840	M	1248	1248	1
12841	self-released	853	853	1
12842	M	1248	1248	1
12851	K	373	373	1
12926	HEARTBEAT	399	399	1
13032	MUSIC CLUB	1082	1082	1
13034	HEARTBEAT	399	399	1
13042	VP	1286	1286	1
13048	VP	1286	1286	1
13058	JAH WARRIOR	2019	2019	1
13059	HEARTBEAT	399	399	1
13060	BLOOD AND FIRE	586	586	1
13061	BLOOD AND FIRE	586	586	1
13073	RAS	326	326	1
13080	BLOOD AND FIRE	586	586	1
13086	BEATVILLE	1466	1466	1
13103	VP	1286	1286	1
13114	RHYMESAYERS	2102	2102	1
13116	WARP	733	733	1
13117	POGUS	305	305	1
13120	UNHEARD MUSIC SERIES/ATAVISTIC	1748	1748	1
13121	BARKER	1455	1455	1
13123	COPPER CREEK	712	712	1
13125	NINJA TUNE	700	700	1
13130	PEACOCK	2108	2108	1
13131	PEACOCK	2108	2108	1
13132	TRESOR	2107	2107	1
13133	MUTE	348	348	1
13134	COPPER CREEK	712	712	1
13139	POINTLESS	1053	1053	1
13144	AUDIO DREGS	1579	1579	1
13153	RECTANGLE	1169	1169	1
13154	ATAVISTIC	487	487	1
13156	NORTHSIDE	927	927	1
13157	NORTHSIDE	927	927	1
13158	NORTHSIDE	927	927	1
13159	NORTHSIDE	927	927	1
13160	NORTHSIDE	927	927	1
13162	THRILL JOCKEY	266	266	1
13174	ROUNDER	283	283	1
13175	COPPER CREEK	712	712	1
13176	ROUNDER	283	283	1
13178	ROUNDER	283	283	1
13181	SCHEMATIC/ASPHODEL	1731	1731	1
13182	EMPEROR NORTON	1347	1347	1
13183	MO WAX	696	696	1
13185	CUNEIFORM	437	437	1
13186	HATOLOGY/HAT HUT	863	863	1
13187	ROAD CONE	277	277	1
13188	BOXHOLDER	1911	1911	1
13190	BSI	1891	1891	1
13192	LOUD/RCA	895	895	1
13204	MO WAX	696	696	1
13205	HEARTBEAT	399	399	1
13227	MCA/QUANNUM PROJECTS	2043	2043	1
13231	EIGHTEENTH STREET LOUNGE MUSIC	874	874	1
13232	CAPITOL	494	494	1
13233	75 ARK	1674	1674	1
13239	FUTURE PRIMITIVE SOUND	2092	2092	1
13240	HEFTY	669	669	1
13251	MILLE PLATEAUX	942	942	1
13254	DOWN LOW	1874	1874	1
13255	SCHEMATIC/ASPHODEL	1731	1731	1
13259	TRESOR	2107	2107	1
13265	ANTICON	2090	2090	1
13271	ECSTATIC YOD	2095	2095	1
13272	UNHEARD MUSIC SERIES/ATAVISTIC	1748	1748	1
13273	UNHEARD MUSIC SERIES/ATAVISTIC	1748	1748	1
13274	UNHEARD MUSIC SERIES/ATAVISTIC	1748	1748	1
13280	UNHEARD MUSIC SERIES/ATAVISTIC	1748	1748	1
13287	GREY FLAT	1882	1882	1
13289	HATOLOGY/HAT HUT	863	863	1
13290	GM	1372	1372	1
13291	PALMETTO	1373	1373	1
13292	SOUTRANE	2118	2118	1
13294	MUTABLEMUSIC	1986	1986	1
13295	AMISH	500	500	1
13297	MUTABLEMUSIC	1986	1986	1
13300	ARHOOLIE	120	120	1
13303	SOUNDIES/BLOODSHOT	1514	1514	1
13305	ARHOOLIE	120	120	1
13306	JASMINE	2096	2096	1
13314	SMITHSONIAN FOLKWAYS	250	250	1
13323	EXTRA BALL	1498	1498	1
13324	NOW & THEN	2115	2115	1
13325	ROUNDER	283	283	1
13326	self-released	853	853	1
13327	ROUNDER	283	283	1
13337	LION & ROOTS	2098	2098	1
13339	BEATVILLE	1466	1466	1
13341	VP	1286	1286	1
13344	DEF JUX	1948	1948	1
13346	QUANNUM PROJECTS	1610	1610	1
13348	F5	2130	2130	1
13349	NINJA TUNE	700	700	1
13355	CIMP	1056	1056	1
13357	DELMARK	435	435	1
13359	DELMARK	435	435	1
13361	ROUNDER	283	283	1
13363	NORTHSIDE	927	927	1
13367	SMITHSONIAN FOLKWAYS	250	250	1
13368	LOCHSHORE	616	616	1
13374	THIRSTY EAR	808	808	1
13389	CARPARK	1692	1692	1
13390	BIP-HOP	1957	1957	1
13392	OHM	1443	1443	1
13400	AUM FIDELITY	1046	1046	1
13402	HEFTY	669	669	1
13404	ACTIVE SUSPENSION	2141	2141	1
13410	HIGHTONE	398	398	1
13412	SOUL JAZZ	1936	1936	1
13413	DIVISION ONE/ATLANTIC	2066	2066	1
13414	EREMITE	804	804	1
13415	EREMITE	804	804	2
13417	CRYPTOGRAMOPHONE	2150	2150	1
13418	NAIVE	2147	2147	1
13422	SOUL JAZZ	1936	1936	1
13426	MCA	333	333	1
13432	WARP	733	733	1
13440	DRAGON STREET	1698	1698	1
13442	THRILL JOCKEY	266	266	1
13444	HIGHTONE	398	398	1
13445	WARP	733	733	1
13447	STRUT	1941	1941	1
13448	MUTABLEMUSIC	1986	1986	1
13451	LE SYSTEME	2156	2156	1
13452	AMBIANCES MAGNETIQUES/DAME	1479	1479	1
13453	WARP	733	733	1
13455	ILL BOOGIE	2162	2162	1
13456	DEF JUX	1948	1948	1
13463	DEF JUX	1948	1948	1
13469	FREE RADICAL SOUNDS	2165	2165	1
13471	SONGLINES	137	137	1
13472	CRYPTOGRAMOPHONE	2150	2150	1
13473	CRYPTOGRAMOPHONE	2150	2150	1
13477	MOTION	1800	1800	1
13478	HEARTBEAT	399	399	1
13484	COMPULSIVE	2172	2172	1
13485	NONRESPONSE	2180	2180	1
13486	EMPEROR NORTON	1347	1347	1
13489	FREE RADICAL SOUNDS	2165	2165	1
13491	ENDURO/L'AGE D'OR	2173	2173	1
13492	MCA	333	333	1
13493	ACTIVE SUSPENSION	2141	2141	1
13498	RIVERBOAT	2168	2168	1
13501	SUGAR HILL	259	259	1
13502	OMNIUM/ROUNDER	691	691	1
13504	NONESUCH	799	799	1
13505	AMBUSH	2179	2179	1
13507	THRILL JOCKEY	266	266	1
13518	BETRUG	2170	2170	1
13522	HATOLOGY/HAT HUT	863	863	1
13526	PERISHABLE	1212	1212	1
13527	THIRSTY EAR	808	808	1
13528	HIP HOP SLAM	2182	2182	1
13529	THE AGRICULTURE	1902	1902	1
13532	self-released	853	853	1
13533	KNITTING FACTORY	375	375	1
13536	AMBIANCES MAGNETIQUES/DAME	1479	1479	1
13537	AMBIANCES MAGNETIQUES/DAME	1479	1479	1
13555	SMITHSONIAN FOLKWAYS	250	250	1
13556	ROUNDER	283	283	1
13557	SUGAR HILL	259	259	1
13558	ROUNDER	283	283	1
13559	SUGAR HILL	259	259	1
13565	CAIPIRINHA	1057	1057	1
13567	QUATERMASS	1929	1929	1
13569	AUM FIDELITY	1046	1046	1
13570	SONGLINES	137	137	1
13572	SCREWGUN	818	818	1
13581	GM	1372	1372	1
13582	DRIMALA	1376	1376	1
13583	TIMES SQUARE	2152	2152	1
13584	TIMES SQUARE	2152	2152	1
13585	PIRANHA	2086	2086	1
13586	PIRANHA	2086	2086	1
13587	ROUNDER	283	283	1
13597	UBIQUITY	706	706	1
13598	PLUG RESEARCH	1400	1400	1
13599	ANTICON	2090	2090	1
13600	DELMARK	435	435	1
13601	THE SIRENS	2188	2188	1
13603	MUSH	2028	2028	2
13605	AUDIO DREGS/TOMLAB	2186	2186	1
13606	MUSH	2028	2028	1
13607	CUNEIFORM	437	437	1
13608	DELMARK	435	435	1
13609	XL	1833	1833	1
13613	LE GRAND MAGISTERY	1061	1061	1
13629	SILBER	1836	1836	1
13630	DARLA	138	138	1
13695	DETECTOR	1179	1179	1
13696	SQUEALER	793	793	1
13732	BLOODSHOT	571	571	1
13741	KITCHEN MOTORS	1928	1928	1
13744	MUTE	348	348	1
13747	TEENBEAT	264	264	1
13748	TEENBEAT	264	264	1
13766	ERSATZ AUDIO	2012	2012	1
13777	FOUR STATES FAIR	2104	2104	1
13779	BOBSLED	1494	1494	1
13783	BABIYAGA	1720	1720	1
13784	CHEMIKAL UNDERGROUND	1864	1864	1
13785	MATADOR	332	332	1
13821	CHRISTMAS MOUNTAINS	2725	2725	1
13849	ASTRALWERKS	124	124	1
13855	PARALLELISM	1385	1385	1
13859	SLUMBERLAND	248	248	1
13880	MUSIC FELLOWSHIP	1683	1683	1
13881	TIGERSTYLE	1724	1724	1
13958	MAGIC MARKER	1231	1231	1
13959	K	373	373	1
13969	INNERSPACE	1575	1575	1
14043	DARLA	138	138	1
14059	HEFTY	669	669	1
14067	HIGHTONE	398	398	1
14095	self-released	853	853	1
14113	EMPEROR JONES	600	600	1
14151	CARROT TOP	495	495	1
14171	self-released	853	853	1
14172	SHRIMPER	295	295	1
14173	SHRIMPER	295	295	1
14196	MERGE	337	337	1
14197	INTERSCOPE	365	365	1
14200	UP	584	584	1
14235	ISLAND/DEF JAM	367	367	1
14315	FAT WRECK CHORDS	720	720	1
14334	CRIPPLED DICK HOT WAX!	901	901	1
14354	DRAG CITY	441	441	1
14361	SPINART	254	254	1
14364	SPINART	254	254	1
14367	MUTE	348	348	1
14368	MUTE	348	348	1
14369	MUTE	348	348	1
14374	IDEAL	683	683	1
14375	IDEAL	683	683	1
14398	OP POP POP	1533	1533	1
14403	JETSET	625	625	1
14406	MATADOR	332	332	1
14431	DREAMY	1968	1968	1
14432	PEHR	1366	1366	1
14458	EMPEROR NORTON	1347	1347	1
14459	BASTA	1186	1186	1
14493	ACUARELA	1959	1959	1
14494	ACUARELA	1959	1959	1
14535	MODIBA	2929	2929	1
14550	KINDERCORE	643	643	1
14551	DARLING/KINDERCORE	1977	1977	1
14565	MENLO PARK	1274	1274	1
14612	SPANKS-A-LOT	1747	1747	1
14614	FEARLESS	1625	1625	1
14622	CAIPIRINHA	1057	1057	1
14624	SECRETLY CANADIAN	670	670	1
14644	DRUNKEN FISH	423	423	1
14645	NO IDEA	821	821	1
14649	STONE'S THROW	1153	1153	1
14710	LOOKOUT!	380	380	1
14729	SOLEILMOON	251	251	1
14740	DARK BELOVED CLOUD	426	426	1
14742	DARK BELOVED CLOUD	426	426	1
14755	WARM	1670	1670	1
14756	SADDLE CREEK	1654	1654	1
14757	WARM	1670	1670	1
14801	MISRA	1629	1629	1
14802	MISRA	1629	1629	1
14803	MISRA	1629	1629	1
14843	DRUNKEN FISH	423	423	1
14870	CATHEXIS	1920	1920	1
14883	SUGAR HILL	259	259	1
14912	XL	1833	1833	1
15038	HIGH IMPEDANCE	1431	1431	1
15050	KILL ROCK STARS	374	374	1
15057	TWISTED VILLAGE	216	216	1
15061	CRYPT	470	470	1
15062	FLYING BOMB	658	658	1
15065	SUNDAZED	164	164	1
15069	MARCH	134	134	1
15071	MARCH	134	134	1
15072	PULCEC	2052	2052	1
15087	MATADOR	332	332	1
15088	MATADOR	332	332	1
15109	TERMINUS	2079	2079	1
15133	MAGIC MARKER	1231	1231	1
15136	FLYING BOMB	658	658	1
15137	BIG NECK	1649	1649	1
15139	STRANGE ATTRACTORS	1858	1858	1
15140	STRANGE ATTRACTORS	1858	1858	1
15148	BIRDMAN	945	945	1
15151	ALIEN8	1546	1546	1
15152	GROUND FAULT	1725	1725	1
15171	LOVITT	1026	1026	1
15203	ATLANTIC	123	123	1
15252	SUB POP	258	258	1
15258	ZUM	1093	1093	1
15260	(self-released)	2782	2782	1
15270	K	373	373	1
15289	TELEGRAPH	2103	2103	1
15290	PELADO	2029	2029	1
15320	WIFFLEFIST	226	226	1
15368	DGC/GEFFEN	440	440	1
15427	SUNDAZED	164	164	1
15451	BLOODSHOT	571	571	1
15461	MATADOR	332	332	1
15462	MATADOR	332	332	1
15463	MATADOR	332	332	1
15465	MATADOR	332	332	1
15530	MAGIC MARKER	1231	1231	1
15562	SUGAR FREE	1224	1224	1
15563	VELOCETTE	2057	2057	1
15566	JAGJAGUWAR	1217	1217	1
15567	RUBRIC	1832	1832	1
15578	RUBRIC/WORONZOW	1673	1673	1
15599	SHUR	1355	1355	1
15661	PICKLED EGG	1919	1919	1
15662	PICKLED EGG	1919	1919	1
15679	TASANKEE	1678	1678	1
15689	HIGHTONE	398	398	1
15717	HIDDEN AGENDA/PARASOL	1236	1236	1
15718	HIDDEN AGENDA/PARASOL	1236	1236	1
15734	ELEKTRA	444	444	1
15749	ANIMAL WORLD	1333	1333	1
15758	ELECTRIC WATUSI BOOGALOO/KINDERCORE	1906	1906	1
15765	RYKODISC	285	285	1
15768	SUGAR FREE	977	977	1
15771	KINDERCORE	643	643	1
15792	4 AD	104	104	1
15871	TOUCH AND GO	268	268	1
15874	SUICIDE SQUEEZE	1461	1461	1
15947	BLOODSHOT	571	571	2
15949	BLOODSHOT	571	571	1
15957	SUNDAZED	164	164	1
15972	HUSH	1842	1842	1
15982	CUNEIFORM	437	437	1
16007	CUNEIFORM	437	437	1
16008	BA DA BING!	1110	1110	1
16026	STRUT	1941	1941	1
16050	TOUCH AND GO	268	268	1
16051	TOUCH AND GO	268	268	1
16067	AUTUMN	3831	3831	1
16099	LUAKA BOP	382	382	1
16109	BIG NECK	1649	1649	1
16177	SUB POP	258	258	1
16184	REWIND/BMG	1996	1996	1
16201	ELEKTRA	444	444	1
16232	Tuff City	6210	6210	1
16240	DERAILLEUR	1976	1976	1
16386	BIRDMAN	945	945	1
16402	IN THE RED	960	960	1
16502	ATAVISTIC	122	122	1
16503	ATAVISTIC	487	487	1
16506	MAGIC MARKER	1231	1231	1
16510	SLINGSHOT	1430	1430	1
16528	SUNDAZED	164	164	1
16531	FRENETIC	1094	1094	1
16570	ELEKTRA	444	444	1
16575	NORMAL/QDK MEDIA	1181	1181	1
16592	SHIMMY DISC	293	293	1
16595	LOMO	2060	2060	1
16607	SMOKEYLUNG	1818	1818	1
16615	LOOKOUT!	380	380	1
16674	LABELS/VIRGIN FRANCE	1973	1973	1
16678	MEGALON	1391	1391	1
16695	TOUCH AND GO	268	268	1
16709	SUB POP	258	258	1
16716	BA DA BING!	1110	1110	1
16719	SADDLE CREEK	1654	1654	1
16720	SADDLE CREEK	1654	1654	1
16722	SUB POP	258	258	1
16732	SHELFLIFE	1338	1338	1
16735	WARP/TOMMY BOY	1718	1718	1
16746	THRILL JOCKEY	266	266	1
16747	THRILL JOCKEY	266	266	1
16754	NOISE FACTORY	1837	1837	1
16783	DRAG CITY	441	441	1
16784	BIRDMAN	945	945	1
16785	DRAG CITY	441	441	1
16793	THIRSTY EAR	808	808	1
16794	TZADIK	139	139	1
16835	MERCURY	336	336	1
16848	CURB	1383	1383	1
16877	LITTLE ARMY	1265	1265	1
16890	ABSOLUTELY KOSHER	1487	1487	1
16895	SMELLS LIKE	249	249	1
16947	OVERCOAT	1669	1669	1
16960	MOTORCOAT	1330	1330	1
16971	EMPEROR NORTON	1347	1347	1
17013	SCRATCH	144	144	1
17023	WARNER BROTHERS	223	223	1
17028	WARNER BROTHERS	223	223	1
17038	VANGUARD/TRS	1446	1446	1
17051	ROPEADOPE	2069	2069	1
17061	MENLO PARK	1274	1274	1
17072	MERGE	337	337	1
17079	BUNGALOW	1843	1843	1
17080	EMPEROR NORTON	1347	1347	1
17084	SUNDAZED	164	164	1
17139	SUGAR FREE	1224	1224	1
17141	PARASOL	642	642	1
17143	MR. LADY	1189	1189	1
17144	MR. LADY	1189	1189	1
17155	SPIRIT OF ORR	520	520	1
17211	MUTE	348	348	1
17214	BORN BAD/SERENDIP LAB	4932	4932	1
17252	RHYMESAYERS	2102	2102	1
17255	SUB POP	258	258	1
17261	TOUCH	929	929	1
17262	SQUEALER	793	793	1
17264	NINJA TUNE	700	700	1
17266	PLANET MU	2207	2207	1
17268	WARP	733	733	1
17270	BUBBLECORE	654	654	1
17271	THRILL JOCKEY	266	266	1
17272	THRILL JOCKEY	266	266	1
17273	SCHEMATIC/ASPHODEL	1731	1731	1
17274	WARP	733	733	1
17275	MEDICINE	1491	1491	1
17276	MULATTA	2094	2094	1
17278	MCA	333	333	1
17282	CRIPPLED DICK HOT WAX!	901	901	1
17283	RCA VICTOR	897	897	1
17285	DEF JUX	1948	1948	1
17287	ROUNDER	283	283	2
17290	5 RUE CHRISTINE	1125	1125	1
17291	ROUNDER	283	283	1
17292	CARPARK	1692	1692	1
17293	CARPARK	1692	1692	1
17294	BSI	1891	1891	1
17298	SUB POP	258	258	1
17299	SHANACHIE	291	291	1
17300	TRIKONT	827	827	1
17301	SMITHSONIAN FOLKWAYS	250	250	1
17302	COLUMBIA/LEGACY	1173	1173	1
17303	EPIC/LEGACY	2210	2210	1
17304	COLUMBIA/LEGACY	1173	1173	1
17305	ADMIT ONE	2206	2206	1
17306	ATAVISTIC	487	487	1
17309	MCA	333	333	1
17317	STAALPLAAT	1102	1102	1
17344	KILL ROCK STARS	374	374	1
17348	BROKEN WHITE	1685	1685	1
17401	QUARTERSTICK/TOUCH AND GO	941	941	1
17403	QUARTERSTICK/TOUCH AND GO	941	941	1
17404	ROAD CONE	277	277	1
17406	PERISHABLE	1212	1212	1
17408	WARP	733	733	1
17419	HIGHTONE	398	398	1
17422	SOUL FIRE	1923	1923	1
17435	MERCURY	336	336	1
17486	EE:LETTRO	1650	1650	1
17504	YO YO	240	240	1
17505	SLABCO	682	682	1
17514	DIESEL ONLY	1942	1942	1
17515	self-released	853	853	1
17567	OIL RIG	1486	1486	1
17594	BIRDMAN	945	945	1
17670	YEP ROC	831	831	1
17675	BLOODSHOT	571	571	1
17676	MINT	589	589	1
17696	AMERICAN	115	115	1
17710	CASSINGLEUSA	1772	1772	1
17724	CUNEIFORM	437	437	1
17725	SHELFLIFE	1338	1338	1
17737	MATADOR	332	332	1
17738	MATADOR	332	332	1
17772	DARLA	138	138	1
17777	ALTERNATIVE TENTACLES	113	113	1
17805	REPRISE	673	673	1
17810	OR	1930	1930	1
17842	TEMPORARY RESIDENCE	1570	1570	1
17843	PANDEMONIUM	1856	1856	1
17844	NORTH EAST INDIE	1954	1954	1
17845	TEMPORARY RESIDENCE	1570	1570	1
17852	ALTERNATIVE TENTACLES	113	113	1
17853	ALTERNATIVE TENTACLES	113	113	1
17876	RASTASCAN	327	327	1
17877	OLD GOLD	962	962	1
17880	NEWTONE/ROBI DROLI	1504	1504	1
17897	BOBSLED	1494	1494	1
17898	BOBSLED	1494	1494	1
17919	WIFFLEFIST	226	226	1
17967	SILTBREEZE	298	298	1
17968	WHOLLY OTHER	1582	1582	1
17969	GET HIP	411	411	1
18007	KINDERCORE	643	643	1
18011	WIRE EDITIONS	1562	1562	1
18076	DROP BEAT	1155	1155	1
18090	CUNEIFORM	437	437	1
18122	ROOST ELECTRIC	1630	1630	1
18124	SATELLITE	1557	1557	1
18126	K	373	373	1
18134	WABANA	1667	1667	1
18168	BAR/NONE	128	128	1
18189	HONEST DON'S DEEP DEEP POCKETS	1816	1816	1
18197	BUH	4890	4890	1
18265	DIAL	1814	1814	1
18266	DIAL	1814	1814	1
18288	WARNER BROTHERS	223	223	1
18298	MANIFESTO	1746	1746	1
18300	MANIFESTO	1746	1746	1
18303	FELDSPAR	1862	1862	1
18304	TUMULT	1985	1985	1
18314	CLOUD	2059	2059	1
18427	MERGE	337	337	1
18442	THREE LONELY KAIJU	2146	2146	1
18443	MERGE	337	337	1
18445	ACUARELA	1959	1959	1
18494	MARCH	134	134	1
18495	HIDDEN AGENDA/PARASOL	1236	1236	1
18496	HIDDEN AGENDA/PARASOL	1236	1236	1
18517	DIGITAL HARDCORE/GRAND ROYAL	763	763	1
18559	K	373	373	1
18608	DAMAGED GOODS	1205	1205	1
18638	SACRED SOUND	2070	2070	1
18641	MOOD FOOD	681	681	1
18642	SUNDAZED	164	164	1
18686	DOGPRINT	2021	2021	1
18697	SKIN GRAFT	245	245	1
18720	SIT-N-SPIN	873	873	1
18724	NO IDEA	821	821	1
18729	UBIQUITY	706	706	1
18744	HELIOCENTRIC	1613	1613	1
18747	C-DSA/EVVA	1845	1845	1
18750	KILL ROCK STARS	374	374	1
18751	KILL ROCK STARS	374	374	1
18794	UP	584	584	1
18814	THRILL JOCKEY	266	266	1
18834	MATADOR	332	332	1
18863	TIGERSTYLE	1724	1724	1
19014	ISLAND/DEF JAM	367	367	1
19020	KITTY-YO/KOLLAPS	1558	1558	1
19021	MATADOR	332	332	1
19042	YEP ROC	831	831	1
19043	YEP ROC	831	831	1
19049	ABSOLUTELY KOSHER	1487	1487	1
19099	RUF	1576	1576	1
19105	K	373	373	1
19291	DARLA	138	138	1
19306	RED PIG	1540	1540	1
19308	WARM	1670	1670	1
19309	MERGE	337	337	1
19356	SUGAR HILL	259	259	1
19377	NO IDEA	821	821	1
19384	Smiling C Records	7069	7069	1
19401	MAKOTO	1690	1690	1
19424	RODENT	2100	2100	1
19437	THIRSTY EAR	808	808	1
19518	TEXAS JAMBOREE	2022	2022	1
19532	BETTER LOOKING	1867	1867	1
19562	DETECTOR	1179	1179	1
19578	TONE CASUALTIES	802	802	1
19581	GRIMSEY	750	750	1
19632	DAPTONE	2112	2112	1
19640	HIGH PARK	1603	1603	1
19681	SUB POP	258	258	1
19706	CUNEIFORM	437	437	1
19777	SKIPP	1924	1924	1
19778	CHICKS ON SPEED	2175	2175	1
19809	YEP ROC	831	831	1
19844	SCHEMATIC/ASPHODEL	1731	1731	1
19861	SUB POP	258	258	1
19891	PLOW CITY	2128	2128	1
19907	EMPTY	430	430	1
19938	MAGIC MARKER	1231	1231	1
19941	TZADIK	139	139	1
19942	JETSET	625	625	1
19943	ELSINOR/BARSUK	1452	1452	1
20000	KILL ROCK STARS	374	374	1
20001	MENLO PARK	1274	1274	1
20046	CUNEIFORM	437	437	1
20063	SPIRIT OF ORR	520	520	1
20076	UNIT CIRCLE	1137	1137	1
20077	UNIT CIRCLE	1137	1137	1
20155	PESSIMISER/THEOLOGIAN	1411	1411	1
20160	REX	1710	1710	1
20161	SUB POP	258	258	1
20163	MISRA	1629	1629	1
20171	HUMBUG	1399	1399	1
20216	SOUTHERN	447	447	1
20217	SOUTHERN	447	447	1
20230	ALTERNATIVE TENTACLES	113	113	1
20257	SHADO	1779	1779	1
20302	HIGHTONE	398	398	1
20323	BACCHUS/DIONYSUS	1114	1114	1
20389	TOUCH AND GO	268	268	1
20415	DeSOTO	911	911	1
20431	ATAVISTIC	122	122	1
20463	BOMP	472	472	1
20465	SOLEILMOON	251	251	1
20466	PLUG RESEARCH	1400	1400	1
20467	CONSTELLATION	1402	1402	1
20468	CONSTELLATION	1402	1402	1
20469	CONSTELLATION	1402	1402	1
20487	SPINART	254	254	1
20500	EYEBALL PLANET	2039	2039	1
20513	BACCHUS/DIONYSUS	1114	1114	1
20516	TREE	1508	1508	1
20518	JAGJAGUWAR	1217	1217	1
20519	JAGJAGUWAR	1217	1217	1
20533	KRANKY	377	377	1
20535	PARASOL	642	642	1
20536	PARASOL	642	642	1
20546	TURDUCKEN	1298	1298	1
20555	RESPONSE	1820	1820	1
20566	TOUCH AND GO	268	268	1
20572	LOOKOUT!	380	380	1
20625	SUNDAZED	164	164	1
20651	K	373	373	1
20653	MR. LADY	1189	1189	1
20654	MR. LADY	1189	1189	1
20657	NO.6	353	353	1
20681	OLD GOLD	962	962	1
20685	DARK BELOVED CLOUD	426	426	1
20706	ESTRUS	428	428	1
20757	BLUESANCT	1340	1340	1
20760	KINDERCORE	643	643	1
20761	KINDERCORE	643	643	1
20762	KINDERCORE	643	643	1
20819	MY PAL GOD	933	933	1
20820	MY PAL GOD	933	933	1
20821	GREY FLAT	1882	1882	1
20822	RIGHTEOUS BABE	1598	1598	1
20824	JAGJAGUWAR	1217	1217	1
20825	JAGJAGUWAR	1217	1217	1
20874	SHRIMPER	295	295	1
20929	UP	584	584	1
20930	UP	584	584	1
20937	PAX	1551	1551	1
20951	BUBBLECORE	654	654	1
20952	BUBBLECORE	654	654	1
21017	LOOK	2212	2212	1
21018	BOMB HIP-HOP	849	849	1
21025	E:MOTION	2204	2204	1
21026	ROUNDER	283	283	1
21027	FIRE ANT	193	193	1
21028	UNHEARD MUSIC SERIES/ATAVISTIC	1748	1748	1
21033	LEAF	1077	1077	1
21034	CARPARK	1692	1692	1
21037	LEO	2215	2215	1
21038	THIRSTY EAR	808	808	1
21039	PALMETTO	1373	1373	1
21040	RED TOUCAN	2075	2075	1
21041	FENWAY	2217	2217	1
21043	ATAVISTIC	487	487	1
21060	TRADITIONAL CROSSROADS	505	505	1
21071	WARP	733	733	1
21072	WARP	733	733	1
21073	CHOCOLATE INDUSTRIES	1925	1925	1
21074	LEX	2213	2213	1
21082	YAZOO	239	239	1
21083	HEARTBEAT	399	399	1
21084	CUNEIFORM	437	437	1
21087	YAZOO	239	239	1
21088	DETROIT RADIO CO.	2233	2233	1
21089	ARHOOLIE	120	120	1
21091	JETSET	625	625	1
21092	SHADOKS MUSIC	2221	2221	1
21093	MOTION	1800	1800	1
21095	TABLE OF THE ELEMENTS	263	263	1
21097	NINJA TUNE	700	700	1
21099	F5	2130	2130	1
21104	NOVAMUTE	1107	1107	1
21105	ORBISONIC	2232	2232	1
21108	QUATERMASS	1929	1929	1
21109	HIDDEN AGENDA/PARASOL	1236	1236	1
21110	GALAXIA	1756	1756	1
21113	COLUMBIA	468	468	1
21116	COPPER CREEK	712	712	1
21118	MATADOR	332	332	1
21122	WMF	2231	2231	1
21124	LATINO BUGGER VEIL	2238	2238	1
21127	RUBRIC/WORONZOW	1673	1673	1
21133	SOUND@ONE	2235	2235	1
21134	WEIGHTLESS	2236	2236	1
21138	THREE-LOBED	2185	2185	1
21139	CENTURY MEDIA	1590	1590	1
21140	TEENBEAT	264	264	1
21141	DELUXE	752	752	1
21143	WMF	2231	2231	1
21144	~SCAPE	2064	2064	1
21145	KANZLERAMT	2237	2237	1
21150	BOXHOLDER	1911	1911	1
21153	SPLASC(H)	1960	1960	1
21154	BOXHOLDER	1911	1911	1
21156	NINJA TUNE	700	700	1
21158	OH! TONITO	2248	2248	1
21159	FUEL 2000	1875	1875	1
21160	SMALLTOWN SUPERSOUND	2244	2244	1
21161	BOXHOLDER	1911	1911	1
21162	SQUEALER	793	793	1
21163	STRANGE ATTRACTORS	1858	1858	1
21168	THIRSTY EAR	808	808	1
21169	BOMB HIP-HOP	849	849	1
21170	BOMB HIP-HOP	849	849	2
21171	~SCAPE	2064	2064	1
21172	MATADOR	332	332	1
21175	MONDRIAN SOUND	2239	2239	1
21181	TZADIK	139	139	1
21182	SUGAR HILL	259	259	1
21184	PIRANHA	2086	2086	1
21185	EASTERN DEVELOPMENTS	2245	2245	1
21188	HYMEN	1939	1939	1
21189	NONESUCH	799	799	1
21190	WINTER & WINTER	1577	1577	1
21191	KILL ROCK STARS/5 RUE CHRISTINE	1126	1126	1
21194	NINJA TUNE	700	700	1
21201	THREE ONE G	2228	2228	1
21204	VIOLA	2270	2270	1
21205	CENOTAPH AUDIO	1981	1981	1
21206	BLOODSHOT	571	571	1
21210	PARASOL	642	642	1
21215	DEF JUX	1948	1948	1
21219	COSMIC SOUNDS	2264	2264	1
21220	BULB	463	463	1
21222	COSMIC SOUNDS	2264	2264	1
21223	MEGO	1721	1721	1
21224	TANTY	2020	2020	2
21225	TANTY	2020	2020	1
21232	SUBSTRACTIF	1998	1998	1
21233	TRESOR	2107	2107	1
21234	BSI	1891	1891	1
21235	MENDS	1735	1735	1
21239	BLOODSHOT	571	571	1
21240	AMBIANCES MAGNETIQUES/DAME	1479	1479	1
21241	NEW WORLD	351	351	1
21252	UPPERWORKS	2269	2269	1
21259	EMPEROR NORTON	1347	1347	1
21277	FORCE INC.	1872	1872	1
21278	MILLE PLATEAUX	942	942	1
21279	FORCE INC.	1872	1872	1
21280	SUBSTRACTIF	1998	1998	1
21285	NEW WORLD	351	351	1
21286	PALMETTO	1373	1373	1
21288	BLOOD AND FIRE	586	586	1
21289	ACE	1128	1128	1
21290	BA DA BING!	1110	1110	1
21291	NO IDEA	821	821	1
21292	MERGE	337	337	1
21300	ROUNDER	283	283	1
21301	BASTA	1186	1186	1
21302	482 MUSIC	1958	1958	1
21303	ROCKET GIRL	1679	1679	1
21306	BONFIRE	2276	2276	1
21310	HIGHTONE	398	398	1
21312	ANIMUL	2285	2285	1
21315	DRIMALA	1376	1376	1
21321	RITI	2273	2273	1
21322	RITI	2273	2273	1
21332	DEF JUX	1948	1948	1
21334	7 HEADS	2277	2277	1
21336	ROUNDER	283	283	1
21337	ROUNDER	283	283	1
21339	AMBUSH	2179	2179	1
21340	SCRATCH	144	144	1
21341	SL	2289	2289	1
21342	ROUNDER	283	283	1
21343	PIAS	2054	2054	1
21344	TRIKONT	827	827	1
21345	WATER	2275	2275	1
21346	MANIFESTO	1746	1746	1
21347	STELLA WHITE/NORTH EAST INDIE	2291	2291	1
21348	SCREW MUSIC FOREVER	657	657	1
21349	OM	688	688	1
21350	IN THE RED	960	960	1
21351	SEPIA TONE	2160	2160	1
21359	IPECAC	1529	1529	1
21367	MIREX	2287	2287	1
21370	LEX	2213	2213	1
21372	WARP	733	733	1
21373	self-released	853	853	1
21374	CHOCOLATE INDUSTRIES	1925	1925	1
21375	BIG DADA/NINJA TUNE	1646	1646	1
21377	BLOODSHOT	571	571	1
21379	TOUCH AND GO	268	268	1
21381	XI	1904	1904	1
21382	DELMARK	435	435	1
21387	7 HEADS	2277	2277	1
21388	GREENSLEEVES	2297	2297	1
21397	TOUCH	929	929	1
21414	MARCH	134	134	1
21436	CENOTAPH AUDIO	1981	1981	1
21456	CREATIVEMAN DISC	1506	1506	1
21519	DISCHORD	424	424	1
21525	MR. LADY	1189	1189	1
21539	OMNIBUS	1014	1014	1
21575	CENTURY MEDIA	1590	1590	1
21578	WARM	1670	1670	1
21585	K	373	373	1
21593	TROUBLEMAN UNLIMITED	858	858	1
21600	REPHLEX	675	675	1
21610	TROUBLEMAN UNLIMITED	858	858	1
21620	BLOODSHOT	571	571	1
21622	SPARE ME	1331	1331	1
21631	ESTRUS	428	428	1
21645	UNDECIDED	1509	1509	1
21659	MONITOR	1641	1641	1
21666	AUDIO DREGS	1579	1579	1
21674	IPECAC	1529	1529	1
21684	TEMPORARY RESIDENCE	1570	1570	1
21749	self-released	853	853	1
21760	DISCHORD	424	424	1
21762	PICKLED EGG	1919	1919	1
21807	ESTRUS	428	428	1
21814	MAPLE ISLAND	1946	1946	1
21839	DESCO	1239	1239	1
21900	BACCHUS/DIONYSUS	1114	1114	1
21906	BAD AFRO	2073	2073	1
21922	ATAVISTIC	122	122	1
21962	CONSTELLATION	1402	1402	1
21994	KRANKY	377	377	1
22004	FUTURE FARMER	1648	1648	1
22021	NG	753	753	1
22084	ARCHENEMY	1898	1898	1
22086	SCRATCH	144	144	1
22098	TZADIK	139	139	1
22119	RECORD CELLAR	1753	1753	1
22136	KINDERCORE	643	643	1
22140	PERISHABLE	1212	1212	1
22149	DRAG CITY	441	441	1
22156	MINTY FRESH	341	341	1
22179	SPARE ME	1331	1331	1
22203	OLD GOLD	962	962	1
22206	MAGIC MARKER	1231	1231	1
22220	WARP	733	733	1
22224	RAINBOW QUARTZ/HOUSTON PARTY	2125	2125	1
22230	SUNDAZED	164	164	1
22254	BADMAN	1885	1885	1
22258	ATAVISTIC	122	122	1
22261	STRANGE AND BEAUTIFUL	1407	1407	1
22281	JEEPSTER	1521	1521	1
22303	POOL PARTY	3636	3636	1
22306	CHINA/GRADE	1563	1563	1
22321	CUNEIFORM	437	437	1
22357	K	373	373	1
22371	SUB POP	258	258	1
22376	FADING CAPTAIN SERIES/LUNA MUSIC	1638	1638	1
22390	ROTTEN	1699	1699	1
22420	5 RUE CHRISTINE	1125	1125	1
22429	EMPEROR NORTON	1347	1347	1
22434	CANDLE	1768	1768	1
22458	SADDLE CREEK	1654	1654	1
22492	DREAMY	1968	1968	1
22547	TELSTAR	511	511	1
22593	TUMULT	1985	1985	1
22617	FRANKLIN CASTLE	1893	1893	1
22635	CHECKERED PAST	1147	1147	1
22643	MR. LADY	1189	1189	1
22662	TEMPORARY RESIDENCE	1570	1570	1
22664	SILTBREEZE	298	298	1
22683	TUMULT	1985	1985	1
22686	CUNEIFORM	437	437	1
22699	CACIOCAVALLO	1857	1857	1
22702	CANDLE	1768	1768	1
22720	SYMPATHY FOR THE RECORD INDUSTRY	261	261	1
22729	SLUMBERLAND	248	248	1
22738	ROCKATHON	1084	1084	1
22741	LEAF	1077	1077	1
22782	SCAT	287	287	1
22787	OMNIBUS	1014	1014	1
22798	HELIOCENTRIC	1613	1613	1
22810	MAD MONKEY	1871	1871	1
22820	SEE THRU BROADCASTING	1740	1740	1
22829	BLOODSHOT	571	571	1
22833	KINDERCORE	643	643	1
22895	DARK BELOVED CLOUD	426	426	1
22898	IPECAC	1529	1529	1
22902	ALTERNATIVE TENTACLES	113	113	1
22909	ESTRUS	428	428	1
22932	DAPTONE	2112	2112	1
22971	NINJA TUNE	700	700	1
22977	SUPERIOR VIADUCT	4099	4099	1
22991	RHINESTONE/SKIN GRAFT	1863	1863	1
23012	INFRASOUND COLLECTIVE	2136	2136	1
23043	SPINART	254	254	1
23056	ERSATZ AUDIO	2012	2012	1
23102	DOMINO	1112	1112	1
23109	SUB POP	258	258	1
23129	THRILL JOCKEY	266	266	1
23132	ESTRUS	428	428	1
23139	K	373	373	1
23150	JEEPSTER	1521	1521	1
23182	BRINKMAN	651	651	1
23185	CAPRICORN	455	455	1
23193	SUB POP	258	258	1
23211	KRANKY	377	377	1
23240	KILL ROCK STARS	374	374	1
23247	V2	1018	1018	1
23290	DRAG CITY	441	441	1
23304	FRANKLIN CASTLE	1893	1893	1
23312	DETECTOR	1179	1179	1
23314	DRAG CITY	441	441	1
23322	TROUBLEMAN UNLIMITED	858	858	1
23323	DEVIL IN THE WOODS	1617	1617	1
23330	TEMPORARY RESIDENCE	1570	1570	1
23396	ARENA ROCK	524	524	1
23405	MY PAL GOD	933	933	1
23420	ELEPHANT 6	1182	1182	1
23451	SUGAR FREE	1224	1224	1
23452	EMPEROR NORTON	1347	1347	1
23455	100% BREAKFAST	1100	1100	1
23479	LOVITT	1026	1026	1
23506	TEENBEAT	264	264	1
23544	DIONYSUS	510	510	1
23566	DRAG CITY	441	441	1
23580	ANIMAL WORLD	1333	1333	1
23581	MERGE	337	337	1
23596	MERGE	337	337	1
23597	HIP-O/UNIVERSAL	990	990	1
23603	ESTRUS	428	428	1
23621	ORANGE TWIN	2058	2058	1
23651	MY PAL GOD	933	933	1
23663	SLOWDIME	660	660	1
23680	MUNICH	1513	1513	1
23714	RECTANGLE	1169	1169	1
23739	AMISH	500	500	1
23748	BLOODSHOT	571	571	1
23749	CARROT TOP	495	495	1
23763	SPECULATION	1463	1463	1
23787	ARENA ROCK	524	524	1
23788	HELIOCENTRIC	1613	1613	1
23799	INNERSTATE	1524	1524	1
23806	JADE TREE	186	186	1
23870	DARK BELOVED CLOUD	426	426	1
23899	DRAG CITY	441	441	1
23905	BLOODSHOT	571	571	1
23909	ANIMAL WORLD	1333	1333	1
23955	PICKLED EGG	1919	1919	1
23965	KRANKY	377	377	1
23966	MARCH	134	134	1
23978	MANTRA	1658	1658	1
23990	RUBRIC/WORONZOW	1673	1673	1
24025	CARROT TOP	495	495	1
24026	GRIMSEY	750	750	1
24036	NO QUARTER	2135	2135	1
24050	SUGAR FREE	1224	1224	1
24079	EMPEROR NORTON	1347	1347	1
24109	SKIN GRAFT	245	245	1
24123	THRILL JOCKEY	266	266	1
24128	SCRATCHIE	1916	1916	1
24134	BLOODSHOT	571	571	1
24183	MANTRA	1658	1658	1
24189	OLD 3C	1880	1880	1
24204	SUNDAZED	164	164	1
24207	MATADOR	332	332	1
24216	AVANT	125	125	1
24263	KLANGBAD	1511	1511	1
24322	ROUNDER	283	283	1
24338	MANTRA	1658	1658	1
24370	MATADOR	332	332	1
24373	ROUNDER	283	283	1
24390	SPINART	254	254	1
24391	CUNEIFORM	437	437	1
24421	SMELLS LIKE	249	249	1
24439	DRAG CITY	441	441	1
24506	DRAG CITY	441	441	1
24522	GEFFEN	1201	1201	1
24525	EMPEROR JONES	600	600	1
24531	FRIED FEATURES	1805	1805	1
24562	MERGE	337	337	1
24573	EMPEROR JONES	600	600	1
24602	DISCHORD	424	424	1
24647	MATADOR	332	332	1
24661	CUNEIFORM	437	437	1
24663	DISCHORD	424	424	1
24671	THRILL JOCKEY	266	266	1
24673	JETSET	625	625	1
24702	SHIMMY DISC	293	293	1
24708	MANIFESTO	1746	1746	1
24717	DISCHORD	424	424	1
24725	THRILL JOCKEY	266	266	1
24740	E-SQUARED	851	851	1
24749	WIRE MONKEY	1792	1792	1
24779	LOCUST MUSIC	2199	2199	1
24793	ATAVISTIC	487	487	1
24811	WARNER BROTHERS	223	223	1
24827	TOUCH AND GO	268	268	1
24836	ANTI-/EPITAPH	2093	2093	1
24853	TOUCH AND GO	268	268	1
24860	TVT	214	214	1
24875	TVT	214	214	1
24877	LIVHOUSE	1762	1762	1
24908	4TRECK	2219	2219	1
24919	BLACK PLASTIC SOUND	2226	2226	1
24922	SUNDAZED	164	164	1
24927	GET HIP	411	411	1
24949	MATINEE	1732	1732	1
24953	STONE'S THROW	1153	1153	1
24972	MR. LADY	1189	1189	1
24995	DARK BELOVED CLOUD	426	426	1
25010	MERGE	337	337	1
25087	5 RUE CHRISTINE	1125	1125	1
25115	TRAINREC	1434	1434	1
25136	ReR RECOMMENDED	2142	2142	1
25148	ARTEMIS	2295	2295	1
25151	WARNER BROTHERS	223	223	1
25165	NEW WEST	1945	1945	1
25168	TRUE CLASSICAL	2192	2192	1
25169	TEMPORARY RESIDENCE	1570	1570	1
25170	DRAG CITY	441	441	1
25171	WARP	733	733	1
25175	GOLD STANDARD LABORATORIES	2041	2041	1
25182	DRIVE-IN	1403	1403	1
25203	MR. LADY	1189	1189	1
25227	ALL SWOLL	1412	1412	1
25228	SMELLS LIKE	249	249	1
25268	NORTON	355	355	1
25269	MATADOR	332	332	1
25280	TOUCH AND GO	268	268	1
25282	CONSTELLATION	1402	1402	1
25283	THRILL JOCKEY	266	266	1
25284	KILL ROCK STARS	374	374	1
25313	SMELLS LIKE	249	249	1
25333	MATADOR	332	332	1
25346	DARK BELOVED CLOUD	426	426	1
25347	INSTINCT	364	364	1
25351	DRAG CITY	441	441	1
25369	BADMAN	1885	1885	1
25407	SMELLS LIKE	249	249	1
25422	SPINART	254	254	1
25423	TROUBLEMAN UNLIMITED	858	858	1
25425	RUBRIC	1832	1832	1
25438	SMELLS LIKE	249	249	1
25464	ASTRALWERKS	124	124	1
25477	NEW WEST	1945	1945	1
25478	KLANGBAD	1511	1511	1
25483	GLITTERBEAT	4367	4367	1
25500	WATERLILY ACOUSTICS	1564	1564	1
25509	TKO	2305	2305	1
25514	ERTIA CREATIONS/BARELY AUDITABLE	2302	2302	1
25515	STONE'S THROW	1153	1153	1
25517	SPINART	254	254	1
25523	SULFUR/BEGGARS BANQUET	1717	1717	1
25530	ACCURATE	106	106	1
25531	IKEF	2303	2303	1
25539	LEX	2213	2213	1
25540	BIP-HOP	1957	1957	1
25542	WARP	733	733	1
25543	FORCE INC.	1872	1872	1
25544	K7	954	954	1
25546	AUM FIDELITY	1046	1046	1
25547	IKEF	2303	2303	1
25548	DELMARK	435	435	1
25549	MARCH	134	134	1
25554	DARLA	138	138	1
25555	SHRIMPER	295	295	1
25621	RUBRIC	1832	1832	1
25622	INNERSTATE	1524	1524	1
25624	RED STREAM	2145	2145	1
25628	TOP QUALITY ROCK & ROLL	1743	1743	1
25650	FUNKY DELICACIES	1007	1007	1
25652	BLOODSHOT	571	571	1
25653	HIGHTONE	398	398	1
25656	TEENBEAT	264	264	1
25657	TZADIK	139	139	1
25659	DRAG CITY	441	441	1
25663	ROAD CONE	277	277	1
25664	CUNEIFORM	437	437	1
25665	BACK UP AND PUSH	1913	1913	1
25674	TEMPORARY RESIDENCE	1570	1570	1
25675	GALAXIA	1756	1756	1
25676	SUB POP	258	258	1
25679	SWAMI	2259	2259	1
25682	PUBLIC EYESORE	2250	2250	1
25697	EXIT STENCIL	3069	3069	1
25738	SPARE ME	1331	1331	1
25808	ANIMAL WORLD	1333	1333	1
25819	DRIVE-IN	1403	1403	1
25832	HIT OR MISS	1464	1464	1
25833	LITTLE ARMY	1265	1265	1
25841	MENLO PARK	1274	1274	1
25843	DRIVE-IN	1403	1403	1
25857	COMMUNION	478	478	1
25858	HUB CITY	1605	1605	1
25860	POGUS	305	305	1
25873	INFINITE CHUG	1545	1545	1
25874	FATCAT	1728	1728	1
25875	ESTRUS	428	428	1
25876	NUCLEAR BLAST	2144	2144	1
25877	MERGE	337	337	1
25955	OUTLAWS NOT ROBBERS	1566	1566	1
25957	K	373	373	1
25974	TUMULT	1985	1985	1
25976	GET HIP	411	411	1
25977	SUB POP	258	258	1
26005	AMISH	500	500	1
26047	ATAVISTIC	122	122	1
26075	DRUNKEN FISH	423	423	1
26079	KINDERCORE	643	643	1
26081	ROAD CONE	277	277	1
26083	MEGO	1721	1721	1
26085	ASTHMATIC KITTY	2166	2166	1
26086	NORTON	355	355	1
26114	JADE TREE	186	186	1
26193	DAPTONE	2112	2112	1
26207	BAR/NONE	128	128	1
26212	K	373	373	1
26248	KILL ROCK STARS/5 RUE CHRISTINE	1126	1126	1
26254	FIRST LOVE	1234	1234	1
26259	TIGERSTYLE	1724	1724	1
26299	TEMPORARY RESIDENCE	1570	1570	1
26334	BLACK DOG	1972	1972	1
26338	HYDRA HEAD	2157	2157	1
26349	OVERCOAT	1669	1669	1
26350	KINDERCORE	643	643	1
26351	MOTORCOAT	1330	1330	1
26354	HUSH	1842	1842	1
26355	LUAKA BOP	382	382	1
26360	pfMENTUM	1571	1571	1
26364	VOODOO RHYTHM	1561	1561	1
26414	DE STIJL	3123	3123	1
26445	BULB	463	463	1
26453	MARCH	134	134	1
26476	SUNDAZED	164	164	1
26503	LOCUST MUSIC	2199	2199	1
26523	MUTE	348	348	1
26548	STAALPLAAT	1102	1102	1
26554	GERN BLANDSTEN	619	619	1
26559	KITTY-YO/KOLLAPS	1558	1558	1
26561	DARLA	138	138	1
26564	ROUTE FOURTEEN	1631	1631	1
26568	FLYING BOMB	658	658	1
26578	WANTAGE	530	530	1
26606	BURO	3121	3121	1
26673	EMPEROR JONES	600	600	1
26751	360 TWIST!	936	936	1
26752	MR. LADY	1189	1189	1
26754	self-released	853	853	1
26758	SEDIMENTAL	1438	1438	1
26759	MATADOR	332	332	1
26762	PICKLED EGG	1919	1919	1
26763	LOOKOUT!	380	380	1
26764	GRENADINE	2024	2024	1
26772	GERN BLANDSTEN	619	619	1
26775	K	373	373	1
26853	VOODOO RHYTHM	1561	1561	1
26858	REPHLEX	675	675	1
26863	TIGERSTYLE	1724	1724	1
26882	GOLD STANDARD LABORATORIES	2041	2041	1
26895	WEIRD FOREST	3391	3391	1
26919	ALTERNATIVE TENTACLES	113	113	1
26920	WABANA	1667	1667	1
26922	MATINEE	1732	1732	1
26923	DIGITAL HARDCORE/GRAND ROYAL	763	763	1
26925	STRANGE ATTRACTORS	1858	1858	1
26927	HOLY MOUNTAIN	132	132	1
26930	GINGER	1593	1593	1
26932	BIG NECK	1649	1649	1
26933	TROUBLEMAN UNLIMITED	858	858	1
26937	WORLD VILLAGE	1999	1999	1
26944	DOMINO	1112	1112	1
26945	OLD TOWN	2247	2247	1
26951	KRANKY	377	377	1
27019	RED TOUCAN	2075	2075	1
27046	DRIVE-IN	1403	1403	1
27048	BEGGARS BANQUET	129	129	1
27049	SOUTHERN	447	447	1
27050	SUNDAZED	164	164	1
27051	MAGIC MARKER	1231	1231	1
27054	OJET	1495	1495	1
27056	TEMPORARY RESIDENCE	1570	1570	1
27067	BOX FACTORY	1722	1722	1
27092	SUMMERSTEPS	1884	1884	1
27106	WHICH	1736	1736	1
27123	MERGE	337	337	1
27132	TUGBOAT	1825	1825	1
27133	JETSET	625	625	1
27151	EMPEROR JONES	600	600	1
27159	JAGJAGUWAR	1217	1217	1
27181	FILE 13	1770	1770	1
27183	HOLLYWOOD	397	397	1
27185	KRANKY	377	377	1
27205	PICKLED EGG	1919	1919	1
27213	DARK BELOVED CLOUD	426	426	1
27216	MERGE	337	337	1
27241	COLLISION CAUSE CHAP	3080	3080	1
27243	THIRSTY EAR	808	808	1
27248	CHAIRKICKER'S MUSIC	2074	2074	1
27268	KRANKY	377	377	1
27290	SECRETLY CANADIAN	670	670	1
27324	PROHIBITED	2072	2072	1
27353	FAT WRECK CHORDS	720	720	1
27372	AESTHETICS	1484	1484	1
27377	BLOODSHOT	571	571	1
27378	DAMAGED GOODS	1205	1205	1
27422	BLOODSHOT	571	571	1
27448	SMELLS LIKE	249	249	1
27449	ANIMAL WORLD	1333	1333	1
27460	KINDERCORE	643	643	1
27466	K	373	373	1
27471	COMMUNION	478	478	1
27479	INFINITE CHUG	1545	1545	1
27504	DARK BELOVED CLOUD	426	426	1
27509	MATADOR	332	332	1
27517	AESTHETICS	1484	1484	1
27570	ROAD CONE	277	277	1
27629	DAPTONE	2112	2112	1
27649	REMEDIAL	1415	1415	1
27674	BAHIA MUSIC/ReR MEGACORP	1962	1962	1
27676	AFTERHOURS	1398	1398	1
27694	TROUBLEMAN UNLIMITED	858	858	1
27701	OVERCOAT	1669	1669	1
27702	SIT-N-SPIN	873	873	1
27707	SUB POP	258	258	1
27736	FLEECE	197	197	1
27739	KINDERCORE	643	643	1
27742	PEEK-A-BOO	528	528	1
27744	MAGIC MARKER	1231	1231	1
27746	MARCH	134	134	1
27747	RED NOTE/EXPLAIN	1859	1859	1
27752	3 ACRE FLOOR	1414	1414	1
27774	CAVITY SEARCH	1069	1069	1
27787	AESTHETICS	1484	1484	1
27790	KITTY-YO/KOLLAPS	1558	1558	1
27791	EMPEROR NORTON	1347	1347	1
27792	SOME ODD PILOT	1907	1907	1
27794	BIFOCAL MEDIA	2011	2011	1
27826	ATLANTIC	123	123	1
27874	FRENCHKISS	1627	1627	1
27875	HIGHTONE	398	398	1
27878	MR. LADY	1189	1189	1
27879	SMELLS LIKE	249	249	1
27880	TIGERSTYLE	1724	1724	1
27925	KILL ROCK STARS	374	374	1
27927	THRILL JOCKEY	266	266	1
27932	SUB POP	258	258	1
27939	JAGJAGUWAR	1217	1217	1
27942	WORLD VILLAGE	1999	1999	1
27976	YEP ROC	831	831	1
27977	TOYO	1621	1621	1
27995	MAGIC MARKER	1231	1231	1
28030	WARNER BROTHERS	223	223	1
28057	MUTE	348	348	1
28061	LOOKOUT!	380	380	1
28064	V2	1018	1018	1
28072	FREE UNION	1707	1707	1
28074	AESTHETICS	1484	1484	1
28137	K	373	373	1
28153	ESTRUS	428	428	1
28163	THRILL JOCKEY	266	266	1
28200	KINDERCORE	643	643	1
28211	SPARE ME	1331	1331	1
28230	RICKETY	1703	1703	1
28248	SUB POP	258	258	1
28250	PEEK-A-BOO	528	528	1
28266	MR. LADY	1189	1189	1
28267	TZADIK	139	139	1
28280	OVERCOAT	1669	1669	1
28281	ASTRALWERKS	124	124	1
28303	MARCH	134	134	1
28308	MOC	1979	1979	1
28316	SWIMMING	2129	2129	1
28326	CAVITY SEARCH	1069	1069	1
28334	AESTHETICS	1484	1484	1
28337	EMPEROR NORTON	1347	1347	1
28338	BIFOCAL MEDIA	2011	2011	1
28360	TOO PURE	536	536	1
28361	UP	584	584	1
28389	GRIMSEY	750	750	1
28391	MR. LADY	1189	1189	1
28408	LOAD	539	539	1
28418	SUB POP	258	258	1
28451	CAVALCADE/YEP ROC	1908	1908	1
28462	DRIVE-IN	1403	1403	1
28492	V2	1018	1018	1
28520	KILL ROCK STARS	374	374	1
28531	MY PAL GOD	933	933	1
28539	KINDERCORE	643	643	1
28560	THRILL JOCKEY	266	266	1
28589	DARLA	138	138	1
28616	SING, EUNUCHS!	795	795	1
28617	UP	584	584	1
28636	SOUTHERN	447	447	1
28681	SUB POP	258	258	1
28687	MERGE	337	337	1
28688	UP	584	584	1
28705	FRENCHKISS	1627	1627	1
28720	LOAD	539	539	1
28727	MUTE	348	348	1
28750	YEP ROC	831	831	1
28760	DRIVE-IN	1403	1403	1
28778	PERISHABLE	1212	1212	1
28779	DRAG CITY	441	441	1
28780	SQUEALER	793	793	1
28795	ARENA ROCK	524	524	1
28797	DARLA	138	138	1
28798	DAEMON	817	817	1
28817	BINGO	1215	1215	1
28830	MINTY FRESH	341	341	1
28873	TRUCKSTOP/ATAVISTIC	794	794	1
28879	COLUMBIA	468	468	1
28883	PUNK IN MY VITAMINS	1406	1406	1
28899	MERGE	337	337	1
28912	M.C.	1165	1165	1
28919	SUB POP	258	258	1
28924	MERGE	337	337	1
28945	RIGHTEOUS BABE	1598	1598	1
28948	SUB POP	258	258	1
28969	RUBRIC	1832	1832	1
28987	PERISHABLE	1212	1212	1
28995	EMPEROR JONES	600	600	1
28996	CUNEIFORM	437	437	1
29043	HISTRIONIC	1063	1063	1
29046	YEP ROC	831	831	1
29060	TRUCKSTOP/ATAVISTIC	794	794	1
29065	QUARTERSTICK/TOUCH AND GO	941	941	1
29114	RIGHTEOUS BABE	1598	1598	1
29132	KNITTING FACTORY	375	375	1
29143	AFTERHOURS	1398	1398	1
29160	TIGERSTYLE	1724	1724	1
29217	DRAG CITY	441	441	1
29230	KRANKY	377	377	1
29255	KILL ROCK STARS	374	374	1
29270	BUBBLECORE	654	654	1
29284	TIGERSTYLE	1724	1724	1
29339	SYMPATHY FOR THE RECORD INDUSTRY	261	261	1
29341	KRANKY	377	377	1
29352	DARLA	138	138	1
29363	KRANKY	377	377	1
29405	SHORTWAVE	2038	2038	1
29445	ROCKET GIRL	1679	1679	1
29459	TWO SHEDS	2308	2308	1
29463	DIESEL ONLY	1942	1942	1
29471	SOUTHERN	447	447	1
29479	LATHER	1244	1244	1
29481	CATTLE COMPACT	2304	2304	1
29483	CATTLE COMPACT	2304	2304	1
29485	DFA	2151	2151	1
29500	555/RED SQUARE	2312	2312	1
29505	TINO CORP.	2097	2097	1
29508	SHANACHIE	291	291	1
29512	ABSOLUTELY KOSHER	1487	1487	1
29513	555	1572	1572	1
29517	ABDUCTION	176	176	1
29518	PHILLY ARCHIVES	1912	1912	1
29519	PIRANHA	2086	2086	1
29521	LABEL BLEU	1967	1967	1
29522	WEB OF MIMICRY	2311	2311	1
29523	CARPARK	1692	1692	1
29527	IPECAC	1529	1529	1
29529	MERGE	337	337	1
29532	555/RED SQUARE	2312	2312	1
29533	TIGERSTYLE	1724	1724	1
29535	self-released	853	853	1
29536	BA DA BING!	1110	1110	1
29539	THE AGRICULTURE	1902	1902	1
29541	SELECT CUTS	2315	2315	1
29542	M	1248	1248	1
29543	SELECT CUTS	2315	2315	1
29548	RUBRIC	1832	1832	1
29549	THRILL JOCKEY	266	266	1
29550	LEAF	1077	1077	1
29552	ROPEADOPE	2069	2069	1
29553	DRIMALA	1376	1376	1
29554	KNITTING FACTORY	375	375	1
29561	NINJA TUNE	700	700	1
29562	STRANGE ATTRACTORS	1858	1858	1
29563	TIGERSTYLE	1724	1724	1
29564	SUGAR HILL	259	259	1
29567	UNKNOWN CONTROLLER	2307	2307	1
29568	TABLETURNS	2318	2318	1
29572	JETSET	625	625	1
29574	STRANGE ATTRACTORS	1858	1858	1
29575	ANTICON	2090	2090	1
29576	TINO CORP.	2097	2097	1
29577	ROUNDER	283	283	1
29578	SUGAR HILL	259	259	1
29579	NORTHSIDE	927	927	1
29580	M	1248	1248	1
29581	NINJA TUNE	700	700	1
29582	ACUARELA	1959	1959	1
29583	NORTHSIDE	927	927	1
29597	UNDER THE NEEDLE	2328	2328	1
29601	DARE/WARNER BROS.	2322	2322	1
29607	CIMP	1056	1056	1
29608	YEP ROC	831	831	1
29611	DARK BELOVED CLOUD	426	426	1
29617	RELAPSE	710	710	1
29619	SCHEMATIC/ASPHODEL	1731	1731	1
29626	THIRSTY EAR	808	808	1
29630	MUTE	348	348	1
29635	MUTE	348	348	1
29636	ORANGE TWIN	2058	2058	1
29639	KRANKY	377	377	1
29640	KITCHEN MOTORS	1928	1928	1
29641	MILLE PLATEAUX	942	942	1
29642	KRANKY	377	377	1
29643	SHITKATAPULT	2327	2327	1
29647	DEF JUX	1948	1948	1
29648	CONSTELLATION	1402	1402	1
29651	SCHEMATIC/ASPHODEL	1731	1731	1
29653	DEF JUX	1948	1948	1
29658	TUNING SPORK	2345	2345	1
29667	4 AD	104	104	1
29675	MCA	333	333	1
29677	SHADO	1779	1779	1
29679	NEUROT	2197	2197	1
29680	F5	2130	2130	1
29685	WILLOWTIP	2332	2332	1
29686	KOOL ARROW	2271	2271	1
29689	TOMLAB	2340	2340	1
29690	EXPEL	2333	2333	1
29691	MUTE	348	348	1
29692	HELIOCENTRIC	1613	1613	1
29694	TABLETURNS	2318	2318	1
29701	TELSTAR	511	511	1
29706	MERGE	337	337	1
29707	self-released	853	853	1
29708	DELIKATESSEN	2338	2338	1
29709	WARP	733	733	1
29710	NONPLACE	2138	2138	1
29719	KRANKY	377	377	1
29721	MISRA	1629	1629	1
29724	SHADO	1779	1779	1
29725	MUSH	2028	2028	1
29729	MANTRA	1658	1658	1
29730	MERCK	1824	1824	1
29734	SIMBALLREC	2325	2325	1
29737	WARP	733	733	1
29742	SONGLINES	137	137	1
29744	YOUNG GOD	1723	1723	1
29746	NEW WORLD	351	351	1
29747	THIRSTY EAR	808	808	1
29748	UNDER THE NEEDLE	2328	2328	1
29749	BEAT ROCKET/SUNDAZED	1877	1877	1
29750	K	373	373	1
29751	SOUL FIRE	1923	1923	1
29754	ABATON BOOK COMPANY	2040	2040	1
29755	KNW-YR-OWN	2300	2300	1
29757	WIDE HIVE	2267	2267	1
29798	ROAD CONE	277	277	1
29799	DRAG CITY	441	441	1
29800	ALIEN8	1546	1546	1
29802	ROAD CONE	277	277	1
29804	ERSTWHILE	1661	1661	1
29805	FAMILY VINEYARD	1980	1980	1
29806	FAMILY VINEYARD	1980	1980	1
29807	MEGALON	1391	1391	1
29817	ROUGH TRADE	282	282	1
29875	MERGE	337	337	1
29937	TOUCH AND GO	268	268	1
29938	TOUCH AND GO	268	268	1
29948	SUB POP	258	258	1
29997	K	373	373	1
30022	MATADOR	332	332	1
30046	DARK BELOVED CLOUD	426	426	1
30049	KINDERCORE	643	643	1
30050	KINDERCORE	643	643	1
30067	SQUEALER	793	793	1
30069	KINDERCORE	643	643	1
30071	KINDERCORE	643	643	1
30072	MISRA	1629	1629	1
30076	JETSET	625	625	1
30077	JETSET	625	625	1
30082	LE GRAND MAGISTERY	1061	1061	1
30100	K	373	373	1
30103	SHELFLIFE	1338	1338	1
30111	PLASTIQUE	1502	1502	1
30113	VICTORIA	1705	1705	1
30114	MINT	589	589	1
30115	MINT	589	589	1
30118	OMNIBUS	1014	1014	1
30119	POLYVINYL	1198	1198	1
30120	self-released	853	853	1
30133	MATADOR	332	332	1
30135	MATADOR	332	332	1
30136	DRUNKEN FISH	423	423	1
30137	LEAF	1077	1077	1
30138	LEAF	1077	1077	1
30156	self-released	853	853	1
30208	TZADIK	139	139	1
30272	COMMUNION	478	478	1
30273	INNERSTATE	1524	1524	1
30274	INNERSTATE	1524	1524	1
30321	CUNEIFORM	437	437	1
30350	ARK 21	1013	1013	1
30363	TOTAL ENERGY	1243	1243	1
30500	SIGNATURE SOUNDS	1847	1847	1
30502	FUEL 2000	1875	1875	1
30503	LABEL M	1992	1992	1
30525	IN THE RED	960	960	1
30526	IN THE RED	960	960	1
30527	self-released	853	853	1
30531	LOST HIGHWAY	2013	2013	1
30598	QUARTERSTICK/TOUCH AND GO	941	941	1
30599	QUARTERSTICK/TOUCH AND GO	941	941	1
30659	KILL ROCK STARS	374	374	1
30669	SUNDAZED	164	164	1
30673	SUNDAZED	164	164	1
30693	IPECAC	1529	1529	1
30698	IPECAC	1529	1529	1
30699	IPECAC	1529	1529	1
30700	IPECAC	1529	1529	1
30701	IPECAC	1529	1529	1
30745	ALIEN8	1546	1546	1
30765	AZAP/REVOLVER	1393	1393	1
30766	TZADIK	139	139	1
30767	AZAP/REVOLVER	1393	1393	1
30768	AZAP/REVOLVER	1393	1393	1
30782	LOAD	539	539	1
30797	KINDERCORE	643	643	1
30798	BAR/NONE	128	128	1
30799	MISRA	1629	1629	1
30802	482 MUSIC	1958	1958	1
30805	BLOODSHOT	571	571	1
30806	BLOODSHOT	571	571	1
30808	TEN FOOT INDUSTRIES	1291	1291	1
30816	AMISH	500	500	1
30817	BLACKJACK	461	461	1
30821	TIGERSTYLE	1724	1724	1
30822	TIGERSTYLE	1724	1724	1
30823	TIGERSTYLE	1724	1724	1
30846	PARALOGY	1386	1386	1
30847	POINT THE BLAME	1587	1587	1
30848	LOVITT	1026	1026	1
30849	JADE TREE	186	186	1
30853	BACCHUS/DIONYSUS	1114	1114	1
30859	BUBBLECORE	654	654	1
30860	BUBBLECORE	654	654	1
30861	BUBBLECORE	654	654	1
30862	BUBBLECORE	654	654	1
30863	BUBBLECORE	654	654	1
30864	SPINART	254	254	1
30865	SPINART	254	254	1
30866	SPINART	254	254	1
30867	SPINART	254	254	1
30871	TRIAD	1507	1507	1
30873	UP	584	584	1
30874	K	373	373	1
30875	YO YO	240	240	1
30876	K	373	373	1
30877	K	373	373	1
30878	K	373	373	1
30879	SUDDEN SHAME	992	992	1
30898	BIG NECK	1649	1649	1
30901	AUDIOINFORMATION PHENOMENA	1368	1368	1
30902	K	373	373	1
30903	K	373	373	1
30906	STEREORRIFIC	1493	1493	1
30913	VARUNEE	1951	1951	1
30915	CUNEIFORM	437	437	1
30920	STREAMLINE/DRAG CITY	2164	2164	1
31020	CHROMOSOME	1172	1172	1
31066	OVERGROUND	2149	2149	1
31155	0 TO 1	1742	1742	1
31156	0 TO 1	1742	1742	1
31208	SUGAR FREE	1224	1224	1
31211	W.I.N.	556	556	1
31213	EMPEROR NORTON	1347	1347	1
31214	EMPEROR NORTON	1347	1347	1
31216	EMPEROR NORTON	1347	1347	1
31273	AJAX	108	108	1
31274	AJAX	108	108	1
31275	ABSOLUTELY KOSHER	1487	1487	1
31276	EMPEROR JONES	600	600	1
31278	4 AD	104	104	1
31341	SPIRIT OF ORR	520	520	2
31355	KRANKY	377	377	1
31356	DRUNKEN FISH	423	423	1
31357	DRUNKEN FISH	423	423	1
31358	DRUNKEN FISH	423	423	1
31395	SUB POP	258	258	1
31403	KILL ROCK STARS	374	374	1
31405	BA DA BING!	1110	1110	1
31431	MATADOR	332	332	1
31432	MATADOR	332	332	1
31433	MATADOR	332	332	1
31434	MATADOR	332	332	1
31438	OMPLATTEN	1715	1715	1
31439	VARESE-SARABANDE	166	166	1
31449	POCAHONTAS SWAMP MACHINE	1001	1001	1
31450	POCAHONTAS SWAMP MACHINE	1001	1001	1
31451	POCAHONTAS SWAMP MACHINE	1001	1001	1
31466	LE GRAND MAGISTERY	1061	1061	1
31467	LE GRAND MAGISTERY	1061	1061	1
31468	LE GRAND MAGISTERY	1061	1061	1
31470	DRAG CITY	441	441	1
31480	TZADIK	139	139	1
31494	ANIMAL WORLD	1333	1333	1
31502	GET HIP	411	411	1
31503	GET HIP	411	411	1
31507	VOODOO RHYTHM	1561	1561	1
31508	VOODOO RHYTHM	1561	1561	1
31510	TZADIK	139	139	1
31514	FANCY	1671	1671	1
31517	MATADOR	332	332	1
31521	ESTRUS	428	428	1
31522	GAMMON	2167	2167	1
31526	SUNDAZED	164	164	1
31530	AMAZING GREASE	1897	1897	1
31534	NORTON	355	355	1
31537	BIG NECK	1649	1649	1
31759	LE GRAND MAGISTERY	1061	1061	1
31761	WARNER BROTHERS	223	223	1
31822	BENTEN	1476	1476	1
31823	KILL ROCK STARS	374	374	1
31828	MONITOR	1641	1641	1
31829	INNERSPACE	1575	1575	1
31831	ACUARELA	1959	1959	1
31833	DARLA	138	138	1
31834	SUNDAZED	164	164	1
31841	FAT CAT	1602	1602	1
31893	DOUBLE AGENT	1178	1178	1
31894	DOUBLE AGENT	1178	1178	1
31900	BADMAN	1885	1885	1
31926	VITAL COG	889	889	1
31986	DISCHORD	424	424	1
32014	CARROT TOP	495	495	1
32020	JAGJAGUWAR	1217	1217	1
32021	TOUCH AND GO	268	268	1
32022	TOUCH AND GO	268	268	1
32023	THRILL JOCKEY	266	266	1
32028	IODINE	2243	2243	1
32065	SMILEY JONES	1659	1659	1
32068	MINT	589	589	1
32070	ELEKTRA	444	444	1
32071	TOUCH AND GO	268	268	1
32078	SUB POP	258	258	1
32080	CENOTAPH AUDIO	1981	1981	1
32086	DIRIGIBLE	1543	1543	1
32171	SEELAND	290	290	1
32176	SEELAND	290	290	1
32217	NEUROT	2197	2197	1
32231	UBIQUITY	706	706	1
32249	ISLAND/DEF JAM	367	367	1
32304	EPITAPH	446	446	1
32305	GEARHEAD	1970	1970	1
32320	RAINBOW QUARTZ/HOUSTON PARTY	2125	2125	1
32345	CHAINSAW	726	726	1
32361	THRILL JOCKEY	266	266	1
32362	THRILL JOCKEY	266	266	1
32367	NINJA TUNE	700	700	1
32368	NTONE/NINJA TUNE	1860	1860	1
32369	TEENAGE USA	1109	1109	1
32370	GET HIP	411	411	1
32485	RADIO ONE/PATSY	2089	2089	1
32488	GRIMSEY	750	750	1
32489	PLASTIQUE	1502	1502	1
32490	PROGERIA	1544	1544	1
32492	CARBON	1180	1180	1
32494	SOUTHERN	447	447	1
32510	SECRETLY CANADIAN	670	670	1
32512	RELAPSE	710	710	1
32530	PROHIBITED	2072	2072	1
32624	REVENANT	880	880	1
32626	ZERO HOUR	758	758	1
32635	ANIMAL WORLD	1333	1333	1
32636	ANIMAL WORLD	1333	1333	1
32653	ABATON BOOK COMPANY	2040	2040	1
32654	TONE-COOL	2068	2068	1
32657	FILM GUERRERO	2177	2177	1
32701	GROUND FAULT	1725	1725	1
32788	UP	584	584	1
32822	DELMARK	435	435	1
32824	PICKLED EGG	1919	1919	1
32825	PICKLED EGG	1919	1919	1
32831	BAR/NONE	128	128	1
32834	KINDERCORE	643	643	1
32872	SUNDAZED	164	164	1
32875	JAGJAGUWAR	1217	1217	1
32894	FLYDADDY	414	414	1
32899	BLOODSHOT	571	571	1
32900	ELEKTRA	444	444	1
32904	NORTHERN-SPY	3845	3845	1
32905	K	373	373	1
32906	K	373	373	1
32907	K	373	373	1
32912	DRAG CITY	441	441	1
32919	ALL CITY CROSSROADS	850	850	1
32930	HIGHTONE	398	398	1
32978	JAGJAGUWAR	1217	1217	1
32982	QUARTERSTICK/TOUCH AND GO	941	941	1
32983	QUARTERSTICK/TOUCH AND GO	941	941	1
32984	TIGERSTYLE	1724	1724	1
32985	MR. LADY	1189	1189	1
32986	FUTURE FARMER	1648	1648	1
33012	THIN WRIST	2223	2223	1
33053	AUDIOINFORMATION PHENOMENA	1368	1368	1
33057	ARISTA	121	121	1
33061	KILL ROCK STARS	374	374	1
33068	DRAG CITY	441	441	1
33069	DRAG CITY	441	441	1
33070	DRAG CITY	441	441	1
33072	SPINART	254	254	1
33076	PERISHABLE	1212	1212	1
33077	PERISHABLE	1212	1212	1
33078	AMAZING GREASE	1897	1897	1
33080	BIG TOP	1775	1775	1
33083	HIDDEN AGENDA/PARASOL	1236	1236	1
33085	SILBER	1836	1836	1
33087	HIDDEN AGENDA/PARASOL	1236	1236	1
33122	ROCKET SCIENCE	1475	1475	1
33130	LUAKA BOP	382	382	1
33131	FAMILY VINEYARD	1980	1980	1
33146	Efficient Space	6523	6523	1
33154	RAINBOW QUARTZ/HOUSTON PARTY	2125	2125	1
33157	PERISHABLE	1212	1212	1
33158	PSEUDONYM	2119	2119	1
33160	KRANKY	377	377	1
33188	THRILL JOCKEY	266	266	1
33189	THRILL JOCKEY	266	266	1
33197	MONITOR	1641	1641	2
33199	MONITOR	1641	1641	1
33236	NINJA TUNE	700	700	1
33239	GRAVITATION	2349	2349	1
33240	MEGO	1721	1721	1
33241	SUB POP	258	258	1
33243	AUDIO DREGS	1579	1579	1
33247	REVENANT	880	880	1
33295	CUNEIFORM	437	437	1
33297	BETWEEN THE LINES	1660	1660	1
33299	DEATHBOMB ARC	2354	2354	1
33300	STAUBGOLD	2301	2301	1
33302	FLYING BOMB	658	658	1
33304	S-S	2224	2224	1
33305	LOOK	2212	2212	1
33306	BOMB HIP-HOP	849	849	1
33307	BOMB HIP-HOP	849	849	1
33310	COUNTY	690	690	1
33311	NEW WORLD	351	351	1
33314	KOMPAKT	2306	2306	1
33315	REPHLEX	675	675	1
33316	UNHEARD MUSIC SERIES/ATAVISTIC	1748	1748	1
33321	TOPIC	1332	1332	1
33322	TOPIC	1332	1332	1
33324	BAR/NONE	128	128	1
33329	KRANKY	377	377	1
33330	PI	2357	2357	1
33335	FLAMESHOVEL	2351	2351	1
33338	L' EMPREINTE DIGITALE	2031	2031	1
33339	STRUT	1941	1941	1
33340	YEP ROC	831	831	1
33343	BIG DADA/NINJA TUNE	1646	1646	1
33426	DEMONBEACH	1840	1840	1
33427	KINDERCORE	643	643	1
33437	JAGJAGUWAR	1217	1217	1
33439	SEELAND	290	290	1
33442	KINDERCORE	643	643	1
33443	JAGJAGUWAR	1217	1217	1
33444	ARENA ROCK	524	524	1
33490	TEMPORARY RESIDENCE	1570	1570	1
33511	SUNDAZED	164	164	1
33574	CRYPT	470	470	1
33576	BIFOCAL MEDIA	2011	2011	1
33656	MATADOR	332	332	1
33715	ESKIMO KISS	1835	1835	1
33716	ESKIMO KISS	1835	1835	1
33731	KRANKY	377	377	1
33732	KRANKY	377	377	1
33748	ENCHANTE	798	798	1
33749	TEENBEAT	264	264	1
33750	URININE	1708	1708	1
33752	BRENTWOOD ESTATES	1680	1680	1
33754	CASSINGLEUSA	1772	1772	1
33756	RUBRIC	1832	1832	1
33758	TROUBLEMAN UNLIMITED	858	858	1
33766	DRAG CITY	441	441	1
33767	DRAG CITY	441	441	1
33770	WESTERN VINYL	2140	2140	1
33778	THRILL JOCKEY	266	266	1
33782	MY PAL GOD	933	933	1
33784	TEENBEAT	264	264	1
33813	RUBRIC/WORONZOW	1673	1673	1
33846	SPINART	254	254	1
33851	GET BACK	2003	2003	1
33926	KILL ROCK STARS	374	374	1
33933	VHF	801	801	1
33946	ASHMONT	2036	2036	1
33952	AUDIOVIEW/LOWLANDS	1580	1580	1
33953	CACIOCAVALLO	1857	1857	1
33954	MESS MEDIA	2229	2229	1
33960	MAD ENTROPIC CARNIVAL	1766	1766	1
33961	CARBON	1180	1180	1
33962	BLACKBEAN & PLACENTA	1522	1522	1
33963	BLACKBEAN & PLACENTA	1522	1522	1
33964	POLYVINYL	1198	1198	1
33966	KITTY-YO/KOLLAPS	1558	1558	1
33967	VANGUARD	947	947	1
33968	ILLEGAL ART	1997	1997	1
33972	self-released	853	853	1
33977	AMISH	500	500	1
34045	PACIFICO	1148	1148	1
34048	DARK BELOVED CLOUD	426	426	1
34062	PALM PICTURES	1448	1448	1
34068	IPECAC	1529	1529	1
34182	MATADOR	332	332	1
34206	DARLA	138	138	1
34207	ACUARELA	1959	1959	1
34210	WAGRAM	1426	1426	1
34215	ACE FU	1868	1868	1
34218	INBETWEENS	1947	1947	1
34219	self-released	853	853	1
34285	INTENSIVE SCARE	1883	1883	1
34288	SUB POP	258	258	1
34289	SUB POP	258	258	1
34291	NORTON	355	355	1
34292	self-released	853	853	1
34298	STRANGE ATTRACTORS	1858	1858	1
34498	MERGE	337	337	1
34499	MERGE	337	337	1
34570	UP	584	584	1
34574	FADING CAPTAIN SERIES/LUNA MUSIC	1638	1638	1
34575	FADING CAPTAIN SERIES/LUNA MUSIC	1638	1638	1
34592	FILE 13	1770	1770	1
34595	POLYVINYL	1198	1198	1
34596	JIGSAW	1782	1782	1
34599	RUBY	1896	1896	1
34600	self-released	853	853	1
34601	self-released	853	853	1
34605	SHADOW	890	890	1
34607	GOOD	2198	2198	1
34608	PICKLED EGG	1919	1919	1
34686	SNAPPER	1450	1450	1
34690	SNAPPER	1450	1450	1
34854	HIGHTONE	398	398	1
34864	CAMERA OBSCURA	1120	1120	1
34865	CAMERA OBSCURA	1120	1120	1
34878	MERGE	337	337	1
34879	MERGE	337	337	1
34896	MOTORCOAT	1330	1330	1
34897	CARROT TOP	495	495	1
34898	CARROT TOP	495	495	1
34899	THRILL JOCKEY	266	266	1
34912	THRILL JOCKEY	266	266	1
34917	RED CARPET RING	1821	1821	1
34919	BUDDY SYSTEM	1626	1626	1
34922	AMAZING GREASE	1897	1897	1
34923	MATADOR	332	332	1
34924	self-released	853	853	1
34926	LOOKOUT!	380	380	1
34927	SMELLS LIKE	249	249	1
34965	GRASSHOPPER	1656	1656	1
35037	KRAVE	1682	1682	1
35040	THRILL JOCKEY	266	266	1
35044	SONY	253	253	1
35045	SONY	253	253	1
35048	DISCHORD	424	424	1
35049	TROUBLEMAN UNLIMITED	858	858	1
35056	MENLO PARK	1274	1274	1
35057	DISCHORD	424	424	1
35059	DISCHORD	424	424	1
35104	CAVESTOMP!	1592	1592	1
35120	SKIN GRAFT	245	245	1
35121	BULB	463	463	1
35127	TOUCH AND GO	268	268	1
35132	ESTRUS	428	428	1
35136	IXOR STIX	1764	1764	1
35137	KILL ROCK STARS	374	374	1
35138	CAR CRASH	1481	1481	1
35139	GREY FLAT	1882	1882	1
35141	INCONVENIENT	2329	2329	1
35235	SUB POP	258	258	1
35276	MISSISSIPPI	3352	3352	1
35321	SUB POP	258	258	1
35358	QUARTERSTICK/TOUCH AND GO	941	941	1
35359	QUARTERSTICK/TOUCH AND GO	941	941	1
35370	MERGE	337	337	1
35372	POLYVINYL	1198	1198	1
35373	POLYVINYL	1198	1198	1
35374	POLYVINYL	1198	1198	1
35381	SOLEILMOON	251	251	1
35382	KLANGGALERIE	1822	1822	1
35384	MEGO	1721	1721	1
35385	THRILL JOCKEY	266	266	1
35389	GERN BLANDSTEN	619	619	1
35390	GERN BLANDSTEN	619	619	1
35391	RUBRIC	1832	1832	1
35393	ALTERNATIVE TENTACLES	113	113	1
35395	LOVITT	1026	1026	1
35398	SECRETLY CANADIAN	670	670	1
35401	FLYING BOMB	658	658	1
35403	self-released	853	853	1
35457	NORTON	355	355	1
35640	EAST SIDE DIGITAL	1695	1695	1
35708	BADMAN	1834	1834	1
35723	SHRIMPER	295	295	1
35724	SHRIMPER	295	295	1
35746	DRAG CITY	441	441	1
35748	DRAG CITY	441	441	1
35766	CARROT TOP	456	456	1
35767	CARROT TOP	495	495	1
35768	ACUARELA	1959	1959	1
35776	BA DA BING!	1110	1110	1
35807	SPINART	254	254	1
35818	KINDERCORE	643	643	1
35819	KINDERCORE	643	643	1
35820	HEFTY	669	669	1
35821	RECTANGLE	1169	1169	1
35822	RECTANGLE	1169	1169	1
35823	BACCHUS/DIONYSUS	1114	1114	1
35825	ADA MUZIK	1963	1963	1
35826	PIAS	2054	2054	1
35827	BRIGHT STAR/PIAS	2256	2256	1
35836	IN THE RED	960	960	1
35860	DRUNKEN FISH	423	423	1
35863	NORTON	355	355	1
35891	VAPOR	713	713	1
35937	TZADIK	139	139	1
35938	ATLANTIC	123	123	1
35939	DIVISION ONE/ATLANTIC	2066	2066	1
35980	BARSUK	1819	1819	1
35981	SADDLE CREEK	1654	1654	1
35985	CHAIRKICKER'S MUSIC	2074	2074	1
35988	MEGAFORCE	2319	2319	1
36186	TEMPORARY RESIDENCE	1570	1570	1
36192	DRAG CITY	441	441	1
36193	DRAG CITY	441	441	1
36213	PROJEKT	320	320	1
36242	MERGE	337	337	1
36243	MERGE	337	337	1
36244	MOODSWING	2085	2085	1
36271	AMISH	500	500	1
36273	SMELLS LIKE	249	249	1
36274	TEENBEAT	264	264	1
36275	K	373	373	1
36284	self-released	853	853	1
36285	FELINA Y MAGIA	1810	1810	1
36286	ROAD CONE	277	277	1
36287	ROAD CONE	277	277	1
36291	SMELLS LIKE	249	249	1
36294	INCIDENTAL MUSIC	1987	1987	1
36295	GROUND FAULT	1725	1725	1
36296	DEL-FI	201	201	1
36298	SLOWDANCE	2154	2154	1
36302	LO	2014	2014	1
36308	MERGE	337	337	1
36313	MANDRAGORA	2342	2342	1
36394	WHITE NOISE	2124	2124	1
36422	TZADIK	139	139	1
36423	TZADIK	139	139	1
36424	SKIN GRAFT	245	245	1
36425	IPECAC	1529	1529	1
36447	THIRSTY EAR	808	808	1
36449	CRANK AUTOMOTIVE	1729	1729	1
36455	TEMPORARY RESIDENCE	1570	1570	1
36456	K7	954	954	1
36467	TIGERSTYLE	1724	1724	1
36470	DFA	2151	2151	1
36486	MUTE	348	348	1
36487	KOMPAKT	2306	2306	1
36498	HOPSCOTCH	1645	1645	1
36505	LES DISQUES DU SOLEIL ET DE L'ACIER	948	948	1
36508	PLAYSCAPE	2368	2368	1
36510	PEACOCK	2108	2108	1
36511	STARKLAND	256	256	1
36512	PI	2357	2357	1
36513	CUNEIFORM	437	437	1
36518	IN THE RED	960	960	1
36521	VHF	801	801	1
36527	POLYVINYL	1198	1198	1
36528	IN THE RED	960	960	1
36530	PUBLIC EYESORE	2250	2250	1
36536	WISHING TREE	2350	2350	1
36537	OVERCOAT	1669	1669	1
36540	SHADOKS MUSIC	2221	2221	1
36546	WONDER	2359	2359	1
36548	EMPEROR JONES	600	600	1
36552	AMISH	500	500	1
36553	PUBLIC EYESORE	2250	2250	1
36554	TELEWATTS/DEMONBEACH	2369	2369	1
36558	ILL BOOGIE	2162	2162	1
36582	SILBER	1836	1836	1
36583	ARENA ROCK	524	524	1
36584	MINT	589	589	1
36588	DRAG CITY	441	441	1
36589	CAMERA OBSCURA	1120	1120	1
36591	ATAVISTIC	122	122	1
36592	MCA	333	333	1
36593	EENIE MEENIE	1706	1706	1
36595	WORDSOUND	666	666	1
36597	WORDSOUND	666	666	1
36600	ROSSBIN	2370	2370	1
36601	X-OR	1588	1588	1
36603	INNOVA	153	153	1
36604	HOPSCOTCH	1645	1645	1
36607	MAN IS THE BASTARD NOISE	2366	2366	1
36608	NORTON	355	355	1
36609	FILM GUERRERO	2177	2177	1
36611	GET HIP	411	411	1
36612	SQUEALER	793	793	1
36613	MERGE	337	337	1
36614	ONLIEST	2371	2371	1
36617	SUB POP	258	258	1
36618	GHOSTLY INTERNATIONAL	2382	2382	1
36619	WACKIES/BASIC CHANNEL	2374	2374	1
36620	MOTION	1800	1800	1
36621	PRESSURE SOUNDS	2375	2375	1
36622	MOLL-SELEKTA	2373	2373	1
36623	ADA MUZIK	1963	1963	1
36626	NO QUARTER	2135	2135	1
36627	SUB POP	258	258	1
36628	self-released	853	853	1
36633	TROUBLEMAN UNLIMITED	858	858	1
36635	SMALLTOWN SUPERSOUND	2244	2244	1
36636	CLAIRE	2387	2387	1
36637	JETSET	625	625	1
36640	FLEDG'LING	2385	2385	1
36645	LE GRAND MAGISTERY	1061	1061	1
36646	F5	2130	2130	1
36651	RHYMESAYERS	2102	2102	1
36660	NONESUCH	799	799	1
36664	LABEL BLEU	1967	1967	1
36669	REFINED	1811	1811	1
36679	ANTICON	2090	2090	1
36686	DFA	2151	2151	1
36688	FRONTLINE ENTERTAINMENT	2380	2380	1
36689	STUCK	2389	2389	1
36690	RHYMESAYERS	2102	2102	1
36691	7 HEADS	2277	2277	1
36692	SILBER	1836	1836	1
36696	STRANGE ATTRACTORS	1858	1858	1
36697	RITI	2273	2273	1
36698	self-released	853	853	1
36699	BLOOD AND FIRE	586	586	1
36701	CHAIRKICKER'S MUSIC	2074	2074	1
36707	ROUGH TRADE	282	282	1
36708	STRANGE ATTRACTORS	1858	1858	1
36709	MERGE	337	337	1
36710	BAR/NONE	128	128	1
36711	COUP D'ETAT	2334	2334	1
36716	FAMILY VINEYARD	1980	1980	1
36723	FRESH SOUND NEW TALENT	1771	1771	1
36724	HATOLOGY/HAT HUT	863	863	1
36725	RITI	2273	2273	1
36726	BLEU REGARD	2392	2392	1
36728	RAWKUS	934	934	1
36729	ASTRALWERKS	124	124	1
36730	MENTAL MONKEY	2394	2394	1
36739	QUARTERSTICK/TOUCH AND GO	941	941	1
36740	THRILL JOCKEY	266	266	1
36741	LTM	2391	2391	1
36744	LTM	2391	2391	1
36745	ESTRUS	428	428	1
36749	NARNACK	2390	2390	1
36751	TOUCH AND GO	268	268	1
36752	MATADOR	332	332	1
36755	THRILL JOCKEY	266	266	1
36762	BOXHOLDER	1911	1911	1
36771	REVENANT	880	880	1
36774	self-released	853	853	1
36781	ZEDTONE	2401	2401	1
36784	BAR LA MUERTE	2339	2339	1
36786	SUNDAZED	164	164	1
36789	K	373	373	1
36790	BIP-HOP	1957	1957	1
36793	BLUEBIRD/RCA	2399	2399	1
36796	NORTHSIDE	927	927	1
36799	NETTWERK	744	744	1
36800	TAMIZDAT	2080	2080	1
36802	MUSH	2028	2028	1
36804	WARE	2396	2396	1
36813	STONE'S THROW	1153	1153	1
36814	BABYGRANDE	2400	2400	1
36815	PS	2417	2417	1
36816	SATAMILE	2404	2404	1
36818	ASPHODEL	502	502	1
36819	HYPNO-VISTA	2227	2227	1
36820	HONEST JON'S	2274	2274	1
36821	BOXHOLDER	1911	1911	1
36822	ZITHERINE	2409	2409	1
36823	MELUNGEON	2408	2408	1
36826	SAMPLISTIC	2262	2262	1
36830	VHF	801	801	1
36833	MERGE	337	337	1
36835	ASPHODEL	502	502	1
36836	ASPHODEL	502	502	1
36837	CLAIRE	2387	2387	1
36840	SQUEALER	793	793	1
36841	ASTRALWERKS	124	124	1
36844	CALI-TEX	2410	2410	1
36846	THRILL JOCKEY	266	266	1
36848	OZONE MUSIC	1523	1523	1
36862	F5	2130	2130	1
36863	MEGO	1721	1721	1
36864	PICKLED EGG	1919	1919	1
36866	MATADOR	332	332	1
36868	IPECAC	1529	1529	1
36869	DRAG CITY	441	441	1
36874	READY SET GO!	2429	2429	1
36884	BLOOD AND FIRE	586	586	1
36885	BLOOD AND FIRE	586	586	1
36888	SHITKATAPULT	2327	2327	1
36890	KOMPAKT	2306	2306	1
36892	NINJA TUNE	700	700	1
36894	SCHEMATIC/ASPHODEL	1731	1731	1
36896	WARP	733	733	1
36897	STONE'S THROW	1153	1153	1
36898	ANTICON	2090	2090	1
36903	ARTISTDIRECT	2425	2425	1
36907	MEGO	1721	1721	1
36908	KILL ROCK STARS	374	374	1
36909	DELMARK	435	435	1
36912	YEP ROC	831	831	1
36914	HIT THING	2412	2412	1
36916	BI-FI	2426	2426	1
36917	KINDERCORE	643	643	1
36923	RUNE GRAMMOFON	2423	2423	1
36924	MASS PARTICLES	1468	1468	1
36927	EASY STAR	2418	2418	1
36928	BUNKER	1931	1931	1
36933	YODEL-AY-HEE	2406	2406	1
36936	WARP	733	733	1
36940	RED INK/SONY	1597	1597	1
36941	SAMPLISTIC	2262	2262	1
36942	SECRETLY CANADIAN	670	670	1
36943	DEF JUX	1948	1948	1
36945	SLOWDANCE	2154	2154	1
36946	CHAIRKICKER'S MUSIC	2074	2074	1
36948	BIP-HOP	1957	1957	1
36949	BIP-HOP	1957	1957	1
36951	WORDSOUND	666	666	1
36953	BABYGRANDE	2400	2400	1
36954	ANTICON	2090	2090	1
36955	MUSH	2028	2028	1
36959	VOODOO RHYTHM	1561	1561	1
36960	ANYWAY	119	119	1
36961	DARLA	138	138	1
36962	LES DISQUES DU SOLEIL ET DE L'ACIER	948	948	1
36968	ESSAY	2422	2422	1
36971	CARPARK	1692	1692	1
36972	WARP	733	733	1
36977	PRINCIPALS OF ENTERTAINMENT	2424	2424	1
36981	BARELY AUDITABLE/PAX	2433	2433	1
36982	IMPROVISED AND OTHERWISE	2432	2432	1
36983	VERVE	550	550	1
36986	MUSIC CARTEL	1429	1429	1
36987	ESTRUS	428	428	1
36988	SEPIA TONE	2160	2160	1
36989	IPECAC	1529	1529	1
36993	SUB POP	258	258	1
36994	ESTRUS	428	428	1
36995	MERGE	337	337	1
37000	THRILL JOCKEY	266	266	1
37003	ISOTA	2430	2430	1
37005	TOMMY BOY	267	267	1
37006	RHYMESAYERS	2102	2102	1
37008	STONE'S THROW	1153	1153	1
37009	BRICK	2448	2448	1
37010	ALTERNATE TAKE	2446	2446	1
37011	EASTERN CONFERENCE	2445	2445	1
37012	THRESHOLD	2278	2278	1
37013	HIGH TIMES	2447	2447	1
37014	EASTERN CONFERENCE	2445	2445	1
37015	EASTERN CONFERENCE	2445	2445	1
37016	STONE'S THROW	1153	1153	1
37019	DEF JUX	1948	1948	1
37024	LE CHANT DU MONDE	2317	2317	1
37026	ASTRALWERKS	124	124	1
37027	F5	2130	2130	1
37028	DRIMALA	1376	1376	1
37029	DISCHORD	424	424	1
37039	MUNSTER	2002	2002	1
37041	CRUCIAL BLAST	2441	2441	1
37043	self-released	853	853	1
37044	BONFIRE	2276	2276	1
37045	SMITHSONIAN FOLKWAYS	250	250	1
37046	SUGAR HILL	259	259	1
37047	SUGAR HILL	259	259	1
37048	PIAS	2054	2054	1
37049	SWALLOW	2050	2050	1
37050	BENEATH THE SURFACE	2444	2444	1
37051	13 AMP	2437	2437	1
37053	EREMITE	804	804	1
37054	SOUND@ONE	2235	2235	1
37055	ERSATZ AUDIO	2012	2012	1
37056	7 HEADS	2277	2277	1
37057	TIGERBEAT6	2288	2288	1
37059	DELUXE	752	752	1
37060	KOMPAKT	2306	2306	1
37061	MERGE	337	337	1
37064	IN THE RED	960	960	1
37065	SHRIMPER	295	295	1
37066	LEAF	1077	1077	1
37067	NOVAMUTE	1107	1107	1
37068	SCHEMATIC/ASPHODEL	1731	1731	1
37069	TEMPORARY RESIDENCE	1570	1570	1
37077	MERGE	337	337	1
37087	TEMPORARY RESIDENCE	1570	1570	1
37093	PRINCE HOUSE	2467	2467	1
37099	DRAG CITY	441	441	1
37102	DRAG CITY	441	441	1
37106	FANCY	1671	1671	1
37107	DARLA	138	138	1
37108	FADING CAPTAIN SERIES/LUNA MUSIC	1638	1638	1
37114	AMERICAN PATCHWORK	2099	2099	1
37119	IMPORTANT	2457	2457	1
37120	FOREVERBAD	2459	2459	1
37121	DREAMWORKS	1364	1364	1
37126	WINTER & WINTER	1577	1577	1
37127	CORLEONE	2469	2469	1
37134	RELAPSE	710	710	1
37135	NOTENUF	2480	2480,2481,2483	3
37139	SONOFACE	2478	2478	1
37140	DRIVE-IN	1403	1403	1
37142	SOUTRANE	2118	2118	1
37143	LEAF	1077	1077	1
37144	GOLD STANDARD LABORATORIES	2041	2041	1
37148	AESTHETICS	1484	1484	1
37151	AUTHENTIC	2438	2438	1
37152	self-released	853	853	1
37153	SELECT CUTS	2315	2315	1
37154	AMBIANCES MAGNETIQUES/DAME	1479	1479	1
37156	TIGERBEAT6	2288	2288	1
37157	PIADRUM	2453	2453	1
37159	EASTERN DEVELOPMENTS	2245	2245	1
37160	INNOVA	153	153	1
37163	THRILL JOCKEY	266	266	1
37165	DOMINO	1112	1112	1
37171	ASPHODEL	502	502	1
37172	SUB POP	258	258	1
37173	PEEK-A-BOO	528	528	1
37174	ESTRUS	428	428	1
37175	FLYING NOTE	885	885	1
37176	OKKADISK	357	357	1
37177	WEED	2455	2455	1
37178	BROKEN SIGNAL	2443	2443	1
37180	VELOCETTE	2057	2057	1
37194	SOLID	2462	2462	1
37195	QUANNUM PROJECTS	1610	1610	1
37196	OZONE MUSIC	1523	1523	1
37200	ISOXYS	2464	2464	1
37201	PICKLED EGG	1919	1919	1
37202	HOLLYWOOD BASIC/STONE'S THROW	2465	2465	1
37203	STONE'S THROW	1153	1153	1
37204	EMPEROR NORTON	1347	1347	1
37207	LO	2014	2014	1
37214	ARENA ROCK	524	524	1
37215	CATSUP PLATE	836	836	1
37216	SHADOKS MUSIC	2221	2221	1
37223	MATADOR	332	332	1
37233	LITTLE COWGIRL	2471	2471	1
37236	RECORDHEAD/MR. WHIGGS	2451	2451	1
37237	THE END	2452	2452	1
37240	TIGERSTYLE	1724	1724	1
37242	KILL ROCK STARS	374	374	1
37243	JETSET	625	625	1
37244	MATADOR	332	332	1
37245	MOTION	1800	1800	1
37247	JMZ	2492	2492	1
37249	ISOTA	2430	2430	1
37250	ISOTA	2430	2430	1
37254	NEAPOLITAN	2476	2476	1
37255	DEF JUX	1948	1948	1
37258	WIDE HIVE	2267	2267	1
37259	HIGH TIMES	2447	2447	1
37262	BBE	2486	2486	1
37269	SADDLE CREEK	1654	1654	1
37276	WARNER BROTHERS	223	223	1
37281	ONE DROP	2488	2488	1
37283	555	1572	1572	1
37285	INITIAL	1397	1397	1
37286	REHASH	2502	2502	1
37288	TRIKONT	827	827	1
37290	ARHOOLIE	120	120	1
37291	ARHOOLIE	120	120	1
37296	WATER	2275	2275	1
37297	MUSH	2028	2028	1
37300	WATER	2275	2275	1
37301	SWAMI	2259	2259	1
37303	BLOOD AND FIRE	586	586	1
37304	SOFT ABUSE	2506	2506	1
37305	DCIDE	2487	2487	1
37306	ACUTE	2316	2316	1
37307	THIRSTY EAR	808	808	1
37308	THRILL JOCKEY	266	266	1
37314	HUMAN	2497	2497	1
37316	THIRSTY EAR	808	808	1
37318	PAW TRACKS	2496	2496	1
37320	RAINBOW QUARTZ/HOUSTON PARTY	2125	2125	1
37322	self-released	853	853	1
37323	JETSET	625	625	1
37324	HIGH TIMES	2447	2447	1
37325	PUBLIC EYESORE	2250	2250	1
37326	WARP	733	733	1
37330	DRIMALA	1376	1376	1
37332	AZAP/REVOLVER	1393	1393	1
37334	SCHEMATIC/ASPHODEL	1731	1731	1
37335	NORMAL/QDK MEDIA	1181	1181	1
37338	MUSH	2028	2028	2
37344	NEUROT	2197	2197	1
37346	CENTURY MEDIA	1590	1590	1
37350	THE END	2452	2452	1
37351	KOCH	558	558	1
37354	CITY ROCKERS	2499	2499	1
37356	COUP D'ETAT	2334	2334	1
37360	RAWKUS	934	934	1
37361	NOVAMUTE	1107	1107	1
37363	HAND HELD HEART	2494	2494	1
37364	FRENCHKISS	1627	1627	1
37365	WEB OF MIMICRY	2311	2311	1
37369	FAMILY VINEYARD	1980	1980	1
37373	BULB	463	463	1
37374	IPECAC	1529	1529	1
37375	NEUROT	2197	2197	1
37376	ALTERNATIVE TENTACLES	113	113	1
37377	JMZ	2492	2492	1
37379	MIREX	2287	2287	1
37382	HORSE GLUE	2505	2505	1
37388	FAT CAT	1602	1602	1
37391	CHOCOLATE INDUSTRIES	1925	1925	1
37392	AMBIANCES MAGNETIQUES/DAME	1479	1479	1
37394	NINJA TUNE	700	700	1
37396	NINJA TUNE	700	700	1
37397	BLUE NOTE	462	462	1
37398	EMPEROR NORTON	1347	1347	1
37399	STONE'S THROW	1153	1153	1
37400	GRENADINE	2024	2024	1
37404	FAT CAT	1602	1602	1
37412	YEP ROC	831	831	1
37413	KILL ROCK STARS	374	374	1
37414	EMPEROR JONES	600	600	1
37423	REPHLEX	675	675	1
37431	OMNIUM/ROUNDER	691	691	1
37432	INNOVA	153	153	1
37433	TIGERBEAT6	2288	2288	3
37434	CACIOCAVALLO	1857	1857	1
37435	RAS	326	326	1
37436	MINOR7FLAT5	2474	2474	1
37437	XL	1833	1833	1
37442	CASEQUARTER	2520	2520	1
37444	SIX DEGREES	722	722	1
37445	SIX DEGREES	722	722	1
37446	RHYMESAYERS	2102	2102	1
37453	BRICK	2448	2448	1
37454	FRESHCHEST	2514	2514	1
37455	ECHELON	2513	2513	1
37456	STONE'S THROW	1153	1153	1
37459	PLANET MU	2207	2207	1
37469	MUTE	348	348	1
37470	F5	2130	2130	1
37472	CIMP	1056	1056	1
37473	ROUNDER	283	283	1
37474	BLUE CORN	2510	2510	1
37476	COPPER CREEK	712	712	1
37477	SOUND BOY	2475	2475	1
37478	COUNTRY ROUTES	1161	1161	1
37479	RAZOR AND TIE	449	449	1
37480	PRESSURE SOUNDS	2375	2375	1
37481	UPPER CLASS	2518	2518	1
37483	TOMLAB	2340	2340	1
37484	GEOGRAPHIC/DOMINO	2169	2169	1
37487	TEMPORARY RESIDENCE	1570	1570	1
37490	HIDDEN AGENDA/PARASOL	1236	1236	1
37491	FLASHCARD PROJECT	2524	2524	1
37492	CRYPTOGRAMOPHONE	2150	2150	1
37493	ARCHIVE/EDITION	2517	2517	1
37494	NINJA TUNE	700	700	1
37495	CRYPTOGRAMOPHONE	2150	2150	1
37500	UNSOUNDS	2251	2251	1
37506	ERSTWHILE	1661	1661	1
37508	MISSISSIPPI	3352	3352	1
37511	MONOLAKE	2109	2109	1
37528	JMZ	2492	2492	1
37529	PLANET MU	2207	2207	1
37530	COUP D'ETAT	2334	2334	1
37531	SOLEILMOON	251	251	1
37532	MOLL-SELEKTA	2373	2373	1
37533	ART OF PERCEPTION	2498	2498	1
37534	TIGERBEAT6	2288	2288	1
37535	ANTI-/EPITAPH	2093	2093	1
37536	SUICIDE SQUEEZE	1461	1461	1
37538	AMBIANCES MAGNETIQUES/DAME	1479	1479	1
37541	THIRSTY EAR	808	808	1
37542	AMBIANCES MAGNETIQUES/DAME	1479	1479	1
37543	COPPER CREEK	712	712	1
37544	BONFIRE	2276	2276	1
37547	SHADO	1779	1779	1
37556	BAR/NONE	128	128	1
37567	WARP	733	733	1
37569	HAPPI TYME	2284	2284	1
37570	TOUCH AND GO	268	268	1
37574	SOUTHERN	447	447	1
37584	BLACK BEAUTY	2470	2470	1
37587	CUNEIFORM	437	437	1
37588	CUNEIFORM	437	437	1
37591	MAD MONKEY	1871	1871	1
37592	HYMEN/MAD MONKEY	2337	2337	1
37593	CARPARK	1692	1692	1
37594	CARPARK	1692	1692	1
37595	CARPARK	1692	1692	1
37596	CARPARK	1692	1692	1
37599	WARP	733	733	1
37600	WARP	733	733	1
37602	ATO/RCA	2528	2528	1
37603	KRANKY	377	377	1
37604	BLOW THE FUSE	2372	2372	1
37605	SHRIMPER	295	295	1
37606	ATP	2491	2491	1
37607	TURQUOISE MOUNTAIN	2529	2529	1
37609	MISRA	1629	1629	1
37610	ATP	2491	2491	1
37611	MATADOR	332	332	1
37615	BASTA	1186	1186	1
37619	EVOLVER	2193	2193	1
37620	ANGELIKA KOEHLERMANN	2353	2353	1
37624	BEGGARS BANQUET	129	129	1
37630	ADASTRA	1490	1490	1
37631	BIP-HOP	1957	1957	1
37633	CAIPIRINHA	1057	1057	1
37636	ASTRALWERKS	124	124	1
37637	NINJA TUNE	700	700	1
37639	SUGAR HILL	259	259	1
37644	MUSH	2028	2028	1
37646	MUSH	2028	2028	1
37647	HATOLOGY/HAT HUT	863	863	1
37648	EREMITE	804	804	1
37649	WINTER & WINTER	1577	1577	1
37661	LEAF	1077	1077	1
37662	NINJA TUNE	700	700	1
37664	MEGALON	1391	1391	1
37666	TZADIK	139	139	1
37669	SOME ODD PILOT	1907	1907	1
37670	SOME ODD PILOT	1907	1907	1
37672	SCHEMATIC/ASPHODEL	1731	1731	1
37674	SONGLINES	137	137	1
37675	RED TOUCAN	2075	2075	1
37679	OMNITONE	1961	1961	1
37687	CUNEIFORM	437	437	1
37694	GET HIP	411	411	1
37697	ONE DROP	2488	2488	1
37709	DIM MAK	2395	2395	1
37715	HOME TAPES	2511	2511	1
37718	TRUE CLASSICAL	2192	2192	1
37724	RHYMESAYERS/EPITAPH	2533	2533	1
37744	EMPEROR NORTON	1347	1347	1
37745	QUANNUM PROJECTS	1610	1610	1
37746	CUNEIFORM	437	437	1
37747	self-released	853	853	1
37749	PICKLED EGG	1919	1919	1
37750	MAGIC MARKER	1231	1231	1
37751	NINJA TUNE	700	700	1
37752	LEX	2213	2213	1
37753	NINJA TUNE	700	700	1
37754	SECRETLY CANADIAN	670	670	1
37759	PIAS	2054	2054	1
37761	VOODOO RHYTHM	1561	1561	1
37762	NINJA TUNE	700	700	1
37763	WILD PLACES	2536	2536	1
37764	KILL ROCK STARS	374	374	2
37767	SWAMI	2259	2259	1
37770	SILBER	1836	1836	1
37771	MEGO	1721	1721	1
37772	TURN	2535	2535	1
37774	BAR/NONE	128	128	1
37775	OVERCOAT	1669	1669	1
37776	SIRENA	2552	2552	1
37777	DEF JUX	1948	1948	1
37778	DEF JUX	1948	1948	1
37779	HIERO IMPERIUM	1317	1317	1
37780	BABYGRANDE	2400	2400	1
37781	QUANNUM PROJECTS	1610	1610	1
37782	CROWD CONTROL	2531	2531	1
37783	DETONATOR	2534	2534	1
37787	KAJMERE	2530	2530	1
37788	RHYMESAYERS	2102	2102	1
37796	ERSTWHILE	1661	1661	1
37797	TOUCH	929	929	1
37801	PACIFICO	1148	1148	1
37806	MEGO	1721	1721	1
37807	MEGO	1721	1721	1
37812	UBIQUITY	706	706	1
37814	ASPHODEL	502	502	1
37815	SPECTRAL SOUND/GHOSTLY INTERNATIONAL	2541	2541	1
37816	MATADOR	332	332	1
37817	UBIQUITY	706	706	1
37818	TRAUM	2540	2540	1
37819	WARP	733	733	1
37820	HYMEN	1939	1939	1
37824	HIGHTONE	398	398	1
37826	VELOCETTE	2057	2057	1
37827	UNFILTERED	2542	2542	1
37828	TOMLAB	2340	2340	1
37829	555/RED SQUARE	2312	2312	1
37833	TOUCH AND GO	268	268	1
37835	EMPEROR JONES	600	600	1
37837	BUBBLECORE	654	654	2
37839	SUNDAZED	164	164	1
37840	SUB POP	258	258	1
37845	POLYVINYL	1198	1198	1
37847	TIGERSTYLE	1724	1724	1
37850	MERGE	337	337	1
37851	MATADOR	332	332	1
37852	THREE ONE G	2228	2228	1
37853	TOUCH AND GO	268	268	1
37854	ABACUS	2538	2538	1
37856	SCHEMATIC/ASPHODEL	1731	1731	1
37857	WORDSOUND	666	666	1
37858	KOMPAKT	2306	2306	1
37860	KOMPAKT	2306	2306	1
37861	UNHEARD MUSIC SERIES/ATAVISTIC	1748	1748	1
37863	SHELBYFEST	2537	2537	1
37864	KEIN & ABER	2539	2539	1
37866	CHILDHOOD PET	3324	3324	1
37868	RHYMESAYERS/EPITAPH	2533	2533	1
37870	DEF JUX	1948	1948	1
37871	THE AGRICULTURE	1902	1902	1
37873	ARISTA	121	121	1
37874	CONSTELLATION	1402	1402	1
37875	RAZOR AND TIE	449	449	1
37877	NORTHSIDE	927	927	1
37878	MORIBUND	2545	2545	1
37879	ZUM	1093	1093	1
37881	SUNDAZED	164	164	1
37887	MR. LADY	1189	1189	1
37888	STRUMMER/UNIVERSAL	2551	2551	1
37889	WATER	2275	2275	1
37890	FILE 13	1770	1770	1
37900	LANDSPEED	379	379	1
37901	DUCK DOWN	2543	2543	1
37902	CHOCOLATE INDUSTRIES	1925	1925	1
37903	TRAFFIC	2550	2550	1
37904	BRICK	2448	2448	1
37909	BLOODSHOT	571	571	2
37910	STRANGE ATTRACTORS	1858	1858	1
37912	STRANGE ATTRACTORS	1858	1858	1
37913	SWALLOW	2050	2050	1
37914	HIGHTONE	398	398	1
37915	SOUTHERN	447	447	1
37916	THIRSTY EAR	808	808	1
37917	ACE	1128	1128	1
37918	CUNEIFORM	437	437	1
37919	ANTICON	2090	2090	1
37921	ROPEADOPE	2069	2069	1
37922	BLUE NOTE	462	462	1
37926	PALMETTO	1373	1373	1
37928	482 MUSIC	1958	1958	1
37932	TERMINUS	2079	2079	1
37938	BLOODSHOT	571	571	1
37942	AESTHETICS	1484	1484	1
37945	WARP	733	733	1
37946	TOMLAB	2340	2340	1
37947	SHADO	1779	1779	1
37948	RHYMESAYERS	2102	2102	1
37949	THE SOCIAL REGISTRY	2556	2556	1
37955	KASHMERE	2549	2549	1
37964	WIDE HIVE	2267	2267	1
37985	POCAHONTAS SWAMP MACHINE	1001	1001	1
37987	SADDLE CREEK	1654	1654	1
37990	DiCHRISTINA STAIR BUILDERS	2560	2560	1
37994	ANTICON	2090	2090	1
37995	CONSTELLATION	1402	1402	1
37997	BIRDMAN	945	945	1
37999	SANCTUARY	2563	2563	1
38002	BIG JOHNS	2555	2555	1
38003	OVERCOAT	1669	1669	1
38004	MISRA	1629	1629	1
38007	QUARTERSTICK/TOUCH AND GO	941	941	1
38008	WARP	733	733	1
38009	THRILL JOCKEY	266	266	1
38016	YEP ROC	831	831	1
38017	self-released	853	853	1
38019	THIRSTY EAR	808	808	1
38020	HOLY MOUNTAIN	132	132	1
38021	HOLY MOUNTAIN	132	132	1
38032	PRESSURE SOUNDS	2375	2375	1
38033	BLOOD AND FIRE	586	586	1
38034	ROIR	281	281	1
38035	SOUND@ONE	2235	2235	1
38036	DRIMALA	1376	1376	1
38038	WATER	2275	2275	1
38040	DEF JUX	1948	1948	1
38041	BIG DADA/NINJA TUNE	1646	1646	1
38044	NINJA TUNE	700	700	1
38045	QUANNUM PROJECTS	1610	1610	1
38046	THE AGRICULTURE	1902	1902	1
38047	LEX	2213	2213	1
38053	TZADIK	139	139	1
38055	TZADIK	139	139	1
38056	ERSTWHILE	1661	1661	1
38057	DIM MAK	2395	2395	1
38059	COUP D'ETAT	2334	2334	1
38061	STONE'S THROW	1153	1153	1
38063	INSOMNIAC	2570	2570	1
38069	BIG NECK	1649	1649	1
38074	BARSUK	1819	1819	1
38075	KINDERCORE	643	643	1
38076	MERGE	337	337	1
38077	NARNACK	2390	2390	1
38081	SOUTHERN LORD	2331	2331	1
38087	LOAD	539	539	1
38088	THE SOCIAL REGISTRY	2556	2556	1
38089	ROUGH TRADE	282	282	2
38090	ISOTA	2430	2430	1
38097	UNHEARD MUSIC SERIES/ATAVISTIC	1748	1748	1
38098	self-released	853	853	1
38099	LE CHANT DU MONDE	2317	2317	1
38100	WORLD VILLAGE	1999	1999	1
38101	IRIS	2458	2458	1
38105	CITY MASSIVE	2575	2575	1
38106	ALTERNATE TAKE	2446	2446	1
38107	WARP	733	733	1
38108	NOVAMUTE	1107	1107	1
38109	SONICTERROR	2567	2567	1
38110	OM	688	688	1
38111	ALTERNATE TAKE	2446	2446	1
38112	WARP	733	733	1
38113	BIG DADA/NINJA TUNE	1646	1646	1
38114	LOAD	539	539	1
38116	ANTENNA FARM	2569	2569	1
38117	ATAVISTIC	122	122	1
38118	STRANGE ATTRACTORS	1858	1858	1
38120	NEUROT	2197	2197	1
38130	MILESTONE	2565	2565	1
38133	WISHING TREE	2350	2350	1
38134	SUB POP	258	258	1
38143	self-released	853	853	1
38144	KRANKY	377	377	1
38145	SKIN GRAFT	245	245	1
38147	LOVITT	1026	1026	1
38158	ATP	2491	2491	1
38164	TEMPORARY RESIDENCE	1570	1570	1
38165	VHF	801	801	1
38173	K7	954	954	1
38179	SOUTHERN	447	447	1
38186	RHINO HANDMADE	2604	2604	1
38187	KRANKY	377	377	1
38193	BASEMENTALISM/TRAFFIC	2568	2568	1
38197	DELMARK	435	435	1
38198	482 MUSIC	1958	1958	1
38200	UNHEARD MUSIC SERIES/ATAVISTIC	1748	1748	1
38201	WOBBLY RAIL	1223	1223	1
38202	MICROEARTH	2581	2581	1
38206	KRAZY KAT	1162	1162	1
38207	YAZOO	239	239	1
38209	GREYDAY	2572	2572	1
38210	SUNDAZED	164	164	1
38211	VOODOO RHYTHM	1561	1561	1
38212	EMPEROR JONES	600	600	1
38215	MUTE	348	348	1
38220	CAPITOL	494	494	1
38224	EASTERN CONFERENCE	2445	2445	1
38232	TROUBLEMAN UNLIMITED	858	858	1
38233	ONITOR	2578	2578	1
38234	CRANK AUTOMOTIVE	1729	1729	1
38235	MONOLAKE	2109	2109	1
38237	HYMEN	1939	1939	1
38238	PERLON	2579	2579	1
38239	UNHEARD MUSIC SERIES/ATAVISTIC	1748	1748	1
38242	ANTI-/EPITAPH	2093	2093	1
38244	ROUNDER	283	283	1
38246	CATAMOUNT	2577	2577	1
38247	WATER	2275	2275	1
38255	5 RUE CHRISTINE	1125	1125	1
38256	NEUROT	2197	2197	1
38257	STONE'S THROW	1153	1153	1
38259	FAT CAT	1602	1602	1
38261	AUDIO DREGS	1579	1579	1
38262	PLUG RESEARCH	1400	1400	1
38265	MUSH	2028	2028	1
38266	STOIC	2582	2582	1
38270	THRILL JOCKEY	266	266	1
38271	AUDIOSPHERE	2473	2473	1
38273	EMPEROR NORTON	1347	1347	1
38275	K	373	373	1
38277	TIGERSTYLE	1724	1724	1
38280	GEOGRAPHIC/DOMINO	2169	2169	1
38287	THIRSTY EAR	808	808	1
38288	EIGHTEENTH STREET LOUNGE MUSIC	874	874	1
38291	PI	2357	2357	1
38293	482 MUSIC	1958	1958	1
38295	SONIG	1785	1785	1
38297	DRAG CITY	441	441	1
38298	IN THE RED	960	960	1
38300	BULB	463	463	1
38309	ASPHODEL	502	502	1
38310	DIELECTRIC	2587	2587	1
38326	THIN WRIST	2223	2223	1
38328	MESS MEDIA	2229	2229	1
38330	FUTURE FARMER	1648	1648	1
38337	MUSH	2028	2028	1
38340	TEMPORARY RESIDENCE	1570	1570	1
38344	ERNEST JENNING RECORD CO.	2265	2265	1
38346	SICKROOM	2347	2347	1
38347	ESSAY	2422	2422	1
38354	STONE'S THROW	1153	1153	1
38355	BIG DADA/NINJA TUNE	1646	1646	1
38356	STONE'S THROW	1153	1153	1
38359	DELMARK	435	435	1
38360	WATER	2275	2275	1
38361	MOLL-SELEKTA	2373	2373	1
38362	PRESSURE SOUNDS	2375	2375	1
38366	LEX	2213	2213	1
38367	CHOCOLATE INDUSTRIES	1925	1925	1
38375	LANDSPEED	379	379	1
38377	GROUND ORIGINAL	2595	2595	1
38378	UNCLE HOWIE	2580	2580	1
38379	STONE'S THROW	1153	1153	1
38380	RHYMESAYERS	2102	2102	1
38386	MIO	2592	2592	1
38387	THIRSTY EAR	808	808	1
38388	DRIMALA	1376	1376	1
38389	RADIO LEGS	2596	2596	1
38390	NEW WORLD	351	351	1
38394	ATAVISTIC	487	487	1
38397	KRANKY	377	377	1
38399	FAT CAT	1602	1602	1
38400	STARLIGHT FURNITURE CO.	2593	2593	1
38401	TEMPORARY RESIDENCE	1570	1570	1
38402	MONITOR	1641	1641	1
38403	STAUBGOLD	2301	2301	1
38406	DRAG CITY	441	441	1
38408	SETANTA	1282	1282	1
38411	STRANGE ATTRACTORS	1858	1858	1
38415	NOTENUF	2481	2481	1
38417	pfMENTUM	1571	1571	1
38418	ASTRALWERKS	124	124	1
38422	BUBBLECORE	654	654	1
38425	ASPHODEL/SCHEMATIC	2601	2601	1
38426	MATADOR/XL	2607	2607	1
38427	MUSH	2028	2028	1
38428	CONCRETE GROOVES	2600	2600	1
38429	MOUSIKE LAB	2599	2599	1
38432	SHITKATAPULT	2327	2327	1
38433	DELUXE	752	752	1
38436	PLAYSCAPE	2368	2368	1
38437	SONGLINES	137	137	1
38438	DELMARK	435	435	1
38440	ECSTATIC PEACE!	717	717	1
38444	PUBLIC EYESORE	2250	2250	1
38445	SILLYBOY	2598	2598	1
38446	GULCHER	2583	2583	1
38447	TROUBLEMAN UNLIMITED	858	858	1
38448	CUNEIFORM	437	437	1
38449	5 RUE CHRISTINE	1125	1125	1
38450	DOMINO	1112	1112	1
38452	NOW-AGAIN/STONE'S THROW	2466	2466	1
38453	JAGJAGUWAR	1217	1217	1
38457	TRANSISTOR MUSIC	2603	2603	1
38458	LEX	2213	2213	1
38459	SOLID	2462	2462	1
38460	ARISTA	121	121	1
38461	WIDE HIVE	2267	2267	1
38462	NATURE SOUNDS	2515	2515	1
38467	TERRA NOVA	1099	1099	1
38473	LOOKALIVE	2609	2609	1
38477	BOUTIQUE/LTM	2606	2606	1
38478	TOO PURE	536	536	1
38481	ReR RECOMMENDED	2142	2142	1
38483	ACUTE	2316	2316	1
38484	4 AD	104	104	1
38485	DOMINO	1112	1112	1
38487	SEELAND	290	290	1
38490	NORTON	355	355	1
38491	MERGE	337	337	1
38520	GREEN LINNET	391	391	1
38581	CARROT TOP	456	456	1
38585	ALIEN8	1546	1546	1
38636	TEMPORARY RESIDENCE	1570	1570	1
38637	THREE-LOBED	2185	2185	1
38642	ROUNDER	283	283	1
38649	NORTH EAST INDIE	1954	1954	1
38651	MUTE	348	348	1
38652	MUTE	348	348	1
38654	MUTE	348	348	1
38690	BACCHUS/DIONYSUS	1114	1114	1
38696	FANTASTIC	1361	1361	1
38749	ABSOLUTELY KOSHER	1487	1487	1
38752	DOUBLE AGENT	1178	1178	1
38761	DAMAGED GOODS	1205	1205	1
38800	MATADOR	332	332	1
38801	SAHKO	2122	2122	1
38833	LAST VISIBLE DOG	2808	2808	1
38846	SWAMI	2259	2259	1
38870	BUDDYHEAD	2114	2114	1
38878	SUNDAZED	164	164	1
38925	ACUTE	2316	2316	1
38931	INLET	1741	1741	1
38932	INLET	1741	1741	1
38990	COMMUNION	478	478	1
39028	MERGE	337	337	1
39029	MERGE	337	337	1
39030	MERGE	337	337	1
39032	CHAINSAW	726	726	1
39052	AESTHETICS	1484	1484	1
39078	THIRSTY EAR	808	808	1
39099	ROUNDER	283	283	1
39163	ALTERNATIVE TENTACLES	113	113	1
39221	TROUBLEMAN UNLIMITED	858	858	1
39267	EMPEROR JONES	600	600	1
39268	EMPEROR JONES	600	600	1
39281	ANYWAY	119	119	1
39298	ATAVISTIC	122	122	1
39306	KILL ROCK STARS	374	374	1
39336	CHOCOLATE INDUSTRIES	1925	1925	1
39337	STAALPLAAT	1102	1102	1
39338	BLUESANCT	1340	1340	1
39344	BLOODSHOT	571	571	1
39346	PEHR	1366	1366	1
39347	MATADOR	332	332	1
39348	MATADOR	332	332	1
39355	BEGGARS BANQUET	129	129	1
39369	KEYHOLE	1499	1499	1
39395	FUZZY BOX/DARLA	867	867	1
39409	POON VILLAGE	718	718	1
39418	COMMUNION	478	478	1
39419	CITY ZEN	1935	1935	1
39440	MENLO PARK	1274	1274	1
39470	KORM PLASTICS	1697	1697	1
39475	SUNDAZED	164	164	1
39484	SHADOKS MUSIC	2221	2221	1
39486	LE GRAND MAGISTERY	1061	1061	1
39487	LE GRAND MAGISTERY	1061	1061	1
39495	MISRA	1629	1629	1
39496	MISRA	1629	1629	1
39505	TRICERATOPS	1759	1759	1
39510	SUNDAZED	164	164	1
39514	MUTE	348	348	1
39516	MUTE	348	348	1
39517	MUTE	348	348	1
39518	STAUBGOLD	2301	2301	1
39524	KONKURRENT/TOUCH AND GO	1510	1510	1
39535	THRILL JOCKEY	266	266	1
39561	COMMUNION	478	478	1
39566	BOXmedia	1447	1447	1
39567	THRILL JOCKEY	266	266	1
39568	THRILL JOCKEY	266	266	1
39569	THRILL JOCKEY	266	266	1
39590	ORANGE	1808	1808	1
39591	BAR/NONE	128	128	1
39592	FILM GUERRERO	2177	2177	1
39600	K	373	373	1
39623	BLOODSHOT	571	571	1
39624	BLOODSHOT	571	571	1
39627	AUDRAGLINT	1828	1828	1
39628	JETSET	625	625	1
39629	JETSET	625	625	1
39643	THRILL JOCKEY	266	266	1
39645	THRILL JOCKEY	266	266	1
39646	THRILL JOCKEY	266	266	1
39647	THRILL JOCKEY	266	266	1
39651	FAT CAT	1602	1602	1
39652	PEHR	1366	1366	1
39661	CARBON	1180	1180	1
39663	DRAWING ROOM	1616	1616	1
39705	DIONYSUS	510	510	1
39721	SUB POP	258	258	1
39723	SUB POP	258	258	1
39768	MAKOTO	1690	1690	1
39769	TIGERSTYLE	1724	1724	1
39770	TIGERSTYLE	1724	1724	1
39823	TEENBEAT	264	264	1
39878	ACE	1128	1128	1
39912	DARLA	138	138	1
39914	TRUCKSTOP/ATAVISTIC	794	794	1
39921	self-released	853	853	1
39927	DRAG CITY	441	441	1
39928	THREE-LOBED	2185	2185	1
39929	DRAG CITY	441	441	1
39933	UBIQUITY	706	706	1
39936	BOPTART	2261	2261	1
39959	ESTRUS	428	428	1
39960	TOUCH AND GO	268	268	1
39971	SILBER	1836	1836	1
39985	RONIN	2352	2352	1
39992	BULB	463	463	1
39993	BULB	463	463	1
40015	TAPPERSIZE	1526	1526	1
40017	TAPPERSIZE	1526	1526	1
40030	SMELLS LIKE	249	249	1
40031	SMELLS LIKE	249	249	1
40032	OLD GOLD	962	962	1
40037	YEP ROC	831	831	1
40049	KILL ROCK STARS	374	374	1
40051	ROUGH TRADE	282	282	1
40113	CREAM CLOUD	1437	1437	1
40114	ISOTA	2430	2430	1
40137	SOUTHERN	447	447	1
40163	ANOTHER AUTONOMY RECORDING	1914	1914	1
40192	-ESQUE	1637	1637	1
40217	DARK BELOVED CLOUD	426	426	1
40245	ALIEN8	1546	1546	1
40270	CUNEIFORM	437	437	1
40271	CUNEIFORM	437	437	1
40320	Fake Label	6392	6392	1
40327	KILL ROCK STARS	374	374	1
40335	ACCRETIONS	1565	1565	1
40336	W.I.N.	556	556	1
40379	EIGHTEENTH STREET LOUNGE MUSIC	874	874	1
40382	INFRASOUND	2477	2477	1
40383	LOAD	539	539	1
40388	DRAG CITY	441	441	1
40389	DRAG CITY	441	441	1
40401	DRIVE-IN	1403	1403	1
40421	PUBLIC EYESORE	2250	2250	1
40423	MR. LADY	1189	1189	1
40425	FLYDADDY	414	414	1
40426	HOUSE OF WRONG	1984	1984	1
40428	MOMENT BEFORE IMPACT	1889	1889	1
40449	ECSTATIC YOD	2095	2095	1
40457	ENDEARING	810	810	1
40462	BARSUK	1819	1819	1
40502	SUNDAZED	164	164	1
40531	STAR STAR STEREO	1830	1830	1
40542	EERIE MATERIALS	199	199	1
40543	TEKITO	1700	1700	1
40544	TEKITO	1700	1700	1
40545	TEKITO	1700	1700	1
40546	TEKITO	1700	1700	1
40569	GOLD STANDARD LABORATORIES	2041	2041	1
40588	MAGIC MARKER	1231	1231	1
40589	MAGIC MARKER	1231	1231	1
40597	EMPEROR NORTON	1347	1347	1
40680	MATADOR	332	332	1
40694	MERGE	337	337	1
40696	MERGE	337	337	1
40697	SONIG	1785	1785	1
40698	SONIG	1785	1785	1
40720	MUD/PARASOL	346	346	1
40721	self-released	853	853	1
40728	VHF	801	801	1
40729	VHF	801	801	1
40750	SLOWDIME	660	660	1
40767	COMMUNION	478	478	1
40771	HAUSMUSIK	2594	2594	1
40773	SZUM	1647	1647	1
40806	FREEDOM FROM	2246	2246	1
40809	CAVESTOMP!	1592	1592	1
40812	ABSOLUTELY KOSHER	1487	1487	1
40821	LOST HIGHWAY	2013	2013	1
40836	ACUARELA	1959	1959	1
40837	HIDDEN AGENDA/PARASOL	1236	1236	1
40849	ASTHMATIC KITTY	2166	2166	1
40851	PLASTIQUE	1502	1502	1
40873	CUNEIFORM	437	437	1
40877	MERGE	337	337	1
40878	MERGE	337	337	1
40899	SAFE HOUSE	286	286	1
40904	FLEMISHMASTERS.ORG	1714	1714	1
40908	FALL OF ROME	2512	2512	1
40927	NEUROT	2197	2197	1
40933	ARMIARMASARE MUSIKA FABRIKA	2296	2296	1
40948	BLOODSHOT	571	571	1
40949	BLOODSHOT	571	571	1
40986	WILDEBEEST	1465	1465	1
41016	AUM FIDELITY	1046	1046	1
41017	EPITAPH	446	446	1
41019	ANTI-/EPITAPH	2093	2093	1
41020	ANTI-/EPITAPH	2093	2093	1
41080	RASSLIN	2242	2242	1
41105	TRUCKSTOP/ATAVISTIC	794	794	1
41107	TWIST	1600	1600	1
41130	FUTURE FARMER	1648	1648	1
41131	MERGE	337	337	1
41136	BIRDMAN	945	945	1
41137	BIRDMAN	945	945	1
41153	HIP-O/UNIVERSAL	990	990	1
41167	NORTON	355	355	1
41168	NORTON	355	355	1
41208	VOODOO RHYTHM	1561	1561	1
41209	VOODOO RHYTHM	1561	1561	1
41225	HMG/HIGHTONE	1846	1846	1
41226	HIGHTONE	398	398	1
41249	PIDGEON ENGLISH	2405	2405	1
41289	PITCH-A-TENT	1704	1704	1
41294	NORMAL/QDK MEDIA	1181	1181	1
41302	DRAG CITY	441	441	2
41304	MUNSTER	2002	2002	1
41305	FRONTIER	403	403	1
41322	ACONY	2504	2504	1
41326	(self-released)	3853	3853	1
41340	SUNDAZED	164	164	1
41349	SUNDAZED	164	164	1
41355	VAGRANT	2181	2181	1
41405	LOST HIGHWAY	2013	2013	1
41406	BEGGARS BANQUET	129	129	1
41420	TIGERSTYLE	1724	1724	1
41422	LUAKA BOP	382	382	1
41443	DEEP ELM	1763	1763	1
41445	INITIAL	1397	1397	1
41454	SUB POP	258	258	1
41455	SYMPATHY FOR THE RECORD INDUSTRY	261	261	1
41475	SOUL FIRE	1923	1923	1
41518	ANTICON	2090	2090	1
41543	REPRISE	673	673	1
41544	NONESUCH	799	799	1
41583	SLOW RIVER	148	148	1
41587	RA SOUNDS	2573	2573	1
41594	BLOODSHOT	571	571	1
41595	NORTON	355	355	1
41675	MOTEL	1451	1451	1
41676	MOTEL	1451	1451	1
41687	ON-U SOUND	1687	1687	1
41694	PRIAPUS	1168	1168	1
41714	YOUNG GOD	1723	1723	1
41715	ARENA ROCK	524	524	1
41717	AESTHETICS	1484	1484	1
41726	KRANKY	377	377	1
41729	LUCKYHORSE INDUSTRIES	2283	2283	1
41761	HUB CITY	1605	1605	1
41803	PINK FLAG	2286	2286	1
41804	PINK FLAG	2286	2286	1
41821	MATADOR	332	332	1
41822	MATADOR	332	332	1
41823	MATADOR	332	332	1
41852	5 RUE CHRISTINE	1125	1125	1
41865	TELSTAR	511	511	1
41873	K	373	373	1
41875	BULB	463	463	1
41876	BULB	463	463	1
41878	HANSON	2367	2367	1
41891	PARASOL	642	642	1
41892	SMELLS LIKE	249	249	1
41939	TREE	1508	1508	1
41968	HYPNO-VISTA	2227	2227	1
41974	GERN BLANDSTEN	619	619	1
41975	DARK BELOVED CLOUD	426	426	1
41976	DELMARK	435	435	1
41988	SOUNDSFAMILYRE	2120	2120	1
42020	PUT IT ON A CRACKER	903	903	1
42021	QUARTERSTICK/TOUCH AND GO	941	941	1
42023	QUARTERSTICK/TOUCH AND GO	941	941	1
42043	CUNEIFORM	437	437	1
42127	5 RUE CHRISTINE	1125	1125	1
42128	ABSOLUTELY KOSHER	1487	1487	1
42129	5 RUE CHRISTINE	1125	1125	1
42175	INTERSCOPE	365	365	1
42211	MENLO PARK	1274	1274	1
42245	MATADOR	332	332	1
42247	MATADOR	332	332	1
42248	MATADOR	332	332	1
42249	MATADOR	332	332	1
42252	SUB POP	258	258	1
42253	DOMINO	1112	1112	1
42259	IPECAC	1529	1529	1
42312	REPRISE	673	673	1
42354	HAND HELD HEART	2494	2494	1
42357	JAGJAGUWAR	1217	1217	1
42358	JAGJAGUWAR	1217	1217	1
42359	VHF	801	801	1
42364	BA DA BING!	1110	1110	1
42369	SUNDAZED	164	164	1
42443	MATADOR	332	332	1
42444	KIMCHEE	1851	1851	1
42450	OVODISK	1535	1535	1
42459	SUB POP	258	258	1
42461	SUB POP	258	258	1
42473	BOMP	472	472	1
42509	EMPEROR NORTON	1347	1347	1
42536	FRENCHKISS	1627	1627	1
42616	ASPHODEL	502	502	1
42677	MANTRA	1658	1658	1
42696	MICROBLISTER	2116	2116	1
42705	K	373	373	1
42720	FAMILY VINEYARD	1980	1980	1
42728	BLOODSHOT	571	571	1
42729	BLOODSHOT	571	571	1
42731	YEP ROC	831	831	1
42736	JEEPSTER	1521	1521	1
42737	HEFTY	669	669	1
42749	SLUMBERLAND	248	248	1
42756	POLYVINYL	1198	1198	1
42836	THIRSTY EAR	808	808	1
42907	HYMEN	1939	1939	1
42924	FOUNDRY/INDEPENDENT PROJECT	1879	1879	1
42941	FAB DEL RAY	1428	1428	1
42942	ROUTE FOURTEEN	1631	1631	1
42943	LAW OF INERTIA	2321	2321	1
42953	TOUCH	929	929	1
42955	MUTE	348	348	1
42956	MUTE	348	348	1
42957	MUTE	348	348	1
42959	FLYING BOMB	658	658	1
42960	5 RUE CHRISTINE	1125	1125	1
42962	PAPA-ROUX	1865	1865	1
42964	THIRSTY EAR	808	808	1
42965	SONIG	1785	1785	1
42966	SONIG	1785	1785	1
42968	FELDSPAR	1862	1862	1
42970	self-released	853	853	1
42971	SONIG	1785	1785	1
42972	SONIG	1785	1785	1
42976	DRAG CITY	441	441	1
42977	SOME	2576	2576	1
43068	MEDICAL	3828	3828	1
43069	MEDICAL	3828	3828	1
43124	SUB POP	258	258	1
43180	FORESHORTENED ARM	1281	1281	1
43187	THRILL JOCKEY	266	266	1
43188	THRILL JOCKEY	266	266	1
43189	THRILL JOCKEY	266	266	1
43204	KOCH	558	558	1
43209	UP	584	584	1
43214	DIRT	729	729	1
43217	DETECTOR	1179	1179	1
43226	TEENAGE USA	1109	1109	1
43227	POLYVINYL	1198	1198	1
43232	AUDIO DREGS	1579	1579	1
43233	AUDIO DREGS	1579	1579	1
43234	DEL-FI	201	201	1
43235	TROUBLEMAN UNLIMITED	858	858	1
43237	EMPEROR NORTON	1347	1347	1
43238	EMPEROR NORTON	1347	1347	1
43239	EMPEROR NORTON	1347	1347	1
43243	ALIEN8	1546	1546	1
43244	ALIEN8	1546	1546	1
43245	5 RUE CHRISTINE	1125	1125	1
43249	DEAD CEO	1547	1547	1
43252	CRIPPLED DICK HOT WAX!	901	901	1
43253	EENIE MEENIE	1706	1706	1
43322	MIGHTY SOUND	2479	2479	1
43357	Dischord	7260	7260	1
43372	KNITTING FACTORY	375	375	1
43377	ATAVISTIC	122	122	1
43379	ZOAR	1060	1060	1
43380	KNITTING FACTORY	375	375	1
43381	KNITTING FACTORY	375	375	1
43382	ZOAR	1060	1060	1
43384	ZOAR	1060	1060	1
43460	QUARTERSTICK/TOUCH AND GO	941	941	1
43464	MERGE	337	337	1
43470	BLOODSHOT	571	571	1
43477	SUB POP	258	258	1
43478	OMNIBUS	1014	1014	1
43479	SUB POP	258	258	1
43481	SUB POP	258	258	2
43484	SPIRIT OF ORR	520	520	1
43488	SOLEILMOON	251	251	1
43489	NORTON	355	355	1
43494	GOODNIGHT	1769	1769	1
43496	PARASOL	642	642	1
43497	ALIEN8	1546	1546	1
43498	ALIEN8	1546	1546	1
43499	ALIEN8	1546	1546	1
43502	MISRA	1629	1629	1
43503	TROUBLEMAN UNLIMITED	858	858	1
43505	FUTURE FARMER	1648	1648	1
43508	self-released	853	853	1
43509	self-released	853	853	1
43510	self-released	853	853	1
43511	TEENBEAT	264	264	1
43516	SHELFLIFE	1338	1338	1
43518	GRENADINE	2024	2024	1
43523	CHAMPION OF THE NEW PLASTIC AGE	2153	2153	1
43524	NARNACK	2390	2390	1
43695	DFA	2151	2151	1
43702	DRAG CITY	441	441	1
43714	TOUCH AND GO	268	268	1
43720	MERGE	337	337	1
43758	JETSET	625	625	1
43759	JETSET	625	625	1
43761	WHIRLYBIRD	1439	1439	1
43767	BORNE!	3585	3585	1
43776	PEEK-A-BOO	528	528	1
43777	PEEK-A-BOO	528	528	1
43779	PEEK-A-BOO	528	528	1
43780	PEEK-A-BOO	528	528	1
43787	BEES MAKE HONEY	592	592	1
43791	PERISHABLE	1212	1212	1
43793	CONSTELLATION	1402	1402	1
43794	CONSTELLATION	1402	1402	1
43795	CONSTELLATION	1402	1402	1
43797	FAT CAT	1602	1602	1
43798	PIAS	2054	2054	1
43800	MCA	333	333	1
43801	HOLY MOUNTAIN	132	132	1
43802	HOLY MOUNTAIN	132	132	1
43804	HOLY MOUNTAIN	132	132	1
43805	HOLY MOUNTAIN	132	132	1
43806	DARLA	138	138	1
43807	TEENBEAT	264	264	1
43809	KINDERCORE	643	643	1
43814	SUICIDE SQUEEZE	1461	1461	1
43816	LOAD	539	539	1
43817	LOAD	539	539	1
43820	self-released	853	853	1
43823	PUBLIC EYESORE	2250	2250	1
43825	TIGERSTYLE	1724	1724	1
43826	HELICOPTER	1848	1848	1
43830	TWO SHEDS	2308	2308	1
43885	SHELFLIFE	1338	1338	1
43886	TOUCH AND GO	268	268	1
43887	TOUCH AND GO	268	268	1
43963	TOTAL ANNIHILATION	1485	1485	1
43973	SEALED FATE	1199	1199	1
44001	KILL ROCK STARS	374	374	1
44003	KILL ROCK STARS	374	374	1
44004	KILL ROCK STARS	374	374	1
44014	KILL ROCK STARS	374	374	1
44021	self-released	853	853	1
44022	SEELAND	290	290	1
44023	RED SQUARE	2133	2133	1
44089	Captured Tracks Records	6844	6844	1
44091	PREFERENCE	2137	2137	1
44097	MUSIC CLUB	1082	1082	1
44104	LOOKOUT!	380	380	1
44114	DRAG CITY	441	441	1
44117	DRAG CITY	441	441	1
44158	DREAMWORKS	1364	1364	1
44167	ACRE FLOOR	1560	1560	1
44169	AUTOPIA	822	822	1
44170	EMPEROR JONES	600	600	1
44177	LEAF	1077	1077	1
44178	EMPEROR JONES	600	600	1
44180	KILL ROCK STARS	374	374	1
44201	EAST SIDE DIGITAL	418	418	1
44231	JEEPSTER	1521	1521	1
44233	BARDOT	2205	2205	1
44280	MATADOR	332	332	1
44315	DGC/GEFFEN	440	440	1
44317	DGC/GEFFEN	440	440	1
44400	TVT	214	214	1
44414	SECRETLY CANADIAN	670	670	1
44415	SECRETLY CANADIAN	670	670	1
44417	SECRETLY CANADIAN	670	670	1
44418	SECRETLY CANADIAN	670	670	1
44449	5 MINUTE WALK	1806	1806	1
44456	SOUNDSFAMILYRE	2120	2120	1
44458	SOUNDS ARE ACTIVE	2263	2263	1
44459	IN TRANSIT	2381	2381	1
44460	SOUNDS ARE ACTIVE	2263	2263	1
44466	K	373	373	1
44476	W.I.N.	556	556	1
44495	HISTRIONIC	1063	1063	1
44499	MATADOR	332	332	1
44500	MATADOR	332	332	1
44501	MATADOR	332	332	1
44509	WILL	1135	1135	1
44510	TEMPORARY RESIDENCE	1570	1570	1
44511	TEMPORARY RESIDENCE	1570	1570	1
44512	TEMPORARY RESIDENCE	1570	1570	1
44515	TURNBUCKLE	714	714	1
44516	BUMPY RIDE	1694	1694	1
44517	ESTRUS	428	428	1
44518	ESTRUS	428	428	1
44521	STEREORRIFIC	1493	1493	1
44523	TROUBLEMAN UNLIMITED	858	858	1
44524	TROUBLEMAN UNLIMITED	858	858	1
44527	SADDLE CREEK	1654	1654	1
44530	SOUTHERN LORD	2331	2331	1
44533	PLUG RESEARCH	1400	1400	1
44534	SYMPATHY FOR THE RECORD INDUSTRY	261	261	1
44535	HANDSOME	1895	1895	1
44538	GOLD STANDARD LABORATORIES	2041	2041	1
44539	ALIEN8	1546	1546	1
44638	RHINO	275	275	1
44740	MATADOR	332	332	1
44742	MATADOR	332	332	1
44800	MERGE	337	337	1
44801	BIP-HOP	1957	1957	1
44802	MERGE	337	337	1
44807	MERGE	337	337	1
44808	MERGE	337	337	1
44809	MERGE	337	337	1
44818	HIGHTONE	398	398	1
44823	DIONYSUS	510	510	1
44836	BLOODSHOT	571	571	1
44837	BLOODSHOT	571	571	1
44838	BLOODSHOT	571	571	1
44844	INNERSPACE	1575	1575	1
44845	KILL ROCK STARS	374	374	1
44852	NOISE FACTORY	1837	1837	1
44853	SCREW MUSIC FOREVER	657	657	1
44855	CONSTELLATION	1402	1402	1
44856	CONSTELLATION	1402	1402	1
44857	CONSTELLATION	1402	1402	1
44860	ACUARELA	1959	1959	1
44862	JAGJAGUWAR	1217	1217	1
44865	DEMONBEACH	1840	1840	1
44866	DEMONBEACH	1840	1840	1
44874	OVERCOAT	1669	1669	1
44918	self-released	853	853	1
44919	MAMMOTH	386	386	1
44920	MAMMOTH	386	386	1
45149	DBK WORKS	2249	2249	1
45199	SUNDAZED	164	164	1
45231	CUNEIFORM	437	437	1
45246	DIG!	5222	5222	1
45337	IPECAC	1529	1529	1
45339	EMPEROR JONES	600	600	1
45357	DRAG CITY	441	441	1
45358	ELEKTRA	444	444	1
45360	ELEKTRA	444	444	1
45361	ELEKTRA	444	444	1
45362	ELEKTRA	444	444	1
45363	ELEKTRA	444	444	1
45394	KRANKY	377	377	1
45414	TOUCH AND GO	268	268	1
45431	BOBSLED	1494	1494	1
45432	BOBSLED	1494	1494	1
45433	KILL ROCK STARS	374	374	1
45434	VOODOO RHYTHM	1561	1561	1
45435	ECSTATIC PEACE!	717	717	1
45436	ROUTE FOURTEEN	1631	1631	1
45437	ROUTE FOURTEEN	1631	1631	1
45438	PARASOL	642	642	1
45442	DOWN LOW	1874	1874	1
45443	HANDSOME	1895	1895	1
45444	HANDSOME	1895	1895	1
45445	HANDSOME	1895	1895	1
45446	LE GRAND MAGISTERY	1061	1061	1
45449	TOUCH AND GO	268	268	1
45457	ASTHMATIC KITTY	2166	2166	1
45463	EMPEROR JONES	600	600	1
45470	MISRA	1629	1629	1
45473	NOW-AGAIN/STONE'S THROW	2466	2466	1
45474	BIRDMAN	945	945	1
45545	MUTE	348	348	1
45560	ABDUCTION	176	176	1
45605	MERGE	337	337	1
45618	MERGE	337	337	1
45619	MERGE	337	337	1
45620	MERGE	337	337	1
45621	MERGE	337	337	1
45623	MERGE	337	337	1
45624	MERGE	337	337	1
45646	ESTRUS	428	428	1
45668	SLOVENLY	2420	2420	1
45702	NOBUSINESS	4027	4027	1
45709	XL	1833	1833	1
45710	XL	1833	1833	1
45714	GRAND ROYAL	517	517	1
45719	STRANGE ATTRACTORS	1858	1858	1
45731	DAPTONE	2112	2112	1
45732	DAPTONE	2112	2112	1
45733	DAPTONE	2112	2112	1
45735	DIONYSUS	510	510	1
45736	self-released	853	853	1
45737	self-released	853	853	1
45744	MISRA	1629	1629	1
45745	MISRA	1629	1629	1
45746	MISRA	1629	1629	1
45747	SUNDAZED	164	164	1
45748	KINDERCORE	643	643	1
45749	EMPEROR NORTON/KINDERCORE	2131	2131	1
45754	SOLEILMOON	251	251	1
45756	TROUBLEMAN UNLIMITED	858	858	1
45762	NINJA TUNE	700	700	1
45764	VHF	801	801	1
45839	YOUNG GOD	1723	1723	1
45843	YOUNG GOD	1723	1723	1
45887	SNEAKY FLUTE EMPIRE/PEHR	1887	1887	1
45888	BUBBLECORE	654	654	1
45913	SOUTHERN	447	447	1
45916	SECRETLY CANADIAN	670	670	1
45920	YEP ROC	831	831	1
45925	self-released	853	853	1
45926	self-released	853	853	1
45953	TEMPORARY RESIDENCE	1570	1570	1
45958	IRIS LIGHT	928	928	1
45960	SUGAR HILL	259	259	1
45962	METATRONIX	2407	2407	1
45966	LEXICON DEVIL	2402	2402	1
45970	BULB	463	463	1
45972	REPHLEX	675	675	1
45975	THRILL JOCKEY	266	266	1
45980	LOAD	539	539	1
45981	TIGERSTYLE	1724	1724	1
45982	KILL ROCK STARS/5 RUE CHRISTINE	1126	1126	1
45983	OVERCOAT	1669	1669	1
45987	THIRSTY EAR	808	808	1
45989	PALM PICTURES	1448	1448	1
45993	PARADISE OF BACHELORS	3818	3818	1
46006	FAMILY VINEYARD	1980	1980	1
46013	ACTIVE SUSPENSION	2141	2141	1
46017	RELAPSE	710	710	1
46018	LOCUST MUSIC	2199	2199	1
46019	DRAG CITY	441	441	1
46020	WEEWERK	2613	2613	1
46021	TZADIK	139	139	1
46025	LOAD	539	539	1
46028	WARP	733	733	1
46029	ALIEN8	1546	1546	1
46031	HELIOCENTRIC	1613	1613	1
46033	YEP ROC	831	831	1
46035	MUSH	2028	2028	1
46036	QUATERMASS	1929	1929	1
46037	WORLD MUSIC NETWORK	2009	2009	2
46038	MITEK	2610	2610	1
46039	DUST-TO-DIGITAL	2615	2615	1
46043	THRILL JOCKEY	266	266	1
46044	CUNEIFORM	437	437	1
46047	WATER	2275	2275	1
46048	INNOVA	153	153	1
46050	SONGLINES	137	137	1
46051	PLAYSCAPE	2368	2368	1
46053	NONESUCH	799	799	1
46054	LION & ROOTS	2098	2098	1
46055	M	1248	1248	1
46059	SUNNYSIDE	2220	2220	1
46064	QUATERMASS	1929	1929	1
46065	SOUTHERN	447	447	1
46066	THE FIRST TIME	2611	2611	1
46073	self-released	853	853	1
46074	TROUBLEMAN UNLIMITED	858	858	1
46075	IPECAC	1529	1529	1
46076	FABRIC	2614	2614	1
46078	SOUL JAZZ	1936	1936	1
46081	TURQUOISE MOUNTAIN	2529	2529	1
46082	TROUBLEMAN UNLIMITED	858	858	1
46083	YEP ROC	831	831	1
46085	SMOG VEIL	2508	2508	2
46086	MATADOR	332	332	1
46087	DRAG CITY	441	441	1
46088	QUARTERSTICK/TOUCH AND GO	941	941	1
46092	HYPNO-VISTA	2227	2227	1
46094	THRILL JOCKEY	266	266	1
46097	ROCKER SUPERNOVA	1628	1628	1
46098	CRANK AUTOMOTIVE	1729	1729	1
46099	LEX	2213	2213	1
46100	CARPARK	1692	1692	1
46108	5 RUE CHRISTINE	1125	1125	1
46109	JAK-ATTAK	2608	2608	1
46111	THRILL JOCKEY	266	266	1
46112	TIGERBEAT6	2288	2288	1
46113	GO JOHNNY GO	2618	2618	1
46115	RAINBOW QUARTZ/HOUSTON PARTY	2125	2125	1
46116	TIGERBEAT6	2288	2288	1
46117	NARNACK	2390	2390	1
46118	FAT CAT	1602	1602	1
46119	GULCHER	2583	2583	1
46120	DRIMALA	1376	1376	1
46121	ReR RECOMMENDED	2142	2142	1
46122	AMBIANCES MAGNETIQUES/DAME	1479	1479	1
46123	AMBIANCES MAGNETIQUES/DAME	1479	1479	1
46124	AMBIANCES MAGNETIQUES/DAME	1479	1479	1
46125	LOCUST MUSIC	2199	2199	1
46129	MUSH	2028	2028	1
46130	STONE'S THROW	1153	1153	1
46131	RHYMESAYERS	2102	2102	1
46132	DEF JUX	1948	1948	1
46133	ARC THE FINGER	2619	2619	1
46143	LO	2014	2014	1
46144	PICKLED EGG	1919	1919	1
46146	GOLD STANDARD LABORATORIES	2041	2041	1
46148	FRENETIC	1094	1094	1
46149	MERGE	337	337	1
46156	MERGE	337	337	1
46158	MUTE	348	348	1
46162	LE GRAND MAGISTERY	1061	1061	1
46165	TOUCH AND GO	268	268	1
46168	SUGAR HILL	259	259	1
46171	ROUNDER	283	283	1
46172	NORTH EAST INDIE	1954	1954	1
46174	CUNEIFORM	437	437	1
46175	INNOVA	153	153	1
46177	MUTABLEMUSIC	1986	1986	1
46178	WARP	733	733	1
46191	ARC THE FINGER	2619	2619	1
46192	VIOLENT TURD	2638	2638	1
46193	ORTHLORNG MUSORK	2637	2637	1
46196	COCOSOLIDCITI	2123	2123	1
46197	TOUCH	929	929	1
46198	ILLEGAL ART	1997	1997	1
46201	PIRANHA	2086	2086	1
46202	NORTHSIDE	927	927	1
46203	NETWORK	1956	1956	1
46205	THRILL JOCKEY	266	266	1
46207	CUNEIFORM	437	437	1
46211	CARPARK	1692	1692	1
46214	BIRDMAN	945	945	1
46216	4 AD	104	104	1
46221	LOCUST MUSIC	2199	2199	1
46225	RUBRIC	1832	1832	1
46231	VHF	801	801	1
46233	THRILL JOCKEY	266	266	1
46240	DRAG CITY	441	441	1
46245	THRILL JOCKEY	266	266	1
46247	TOUCH AND GO	268	268	1
46248	KILL ROCK STARS/5 RUE CHRISTINE	1126	1126	1
46250	TOMBSTONE	2630	2630	1
46252	SEPIA TONE	2160	2160	1
46254	ORANGE TWIN	2058	2058	1
46256	DRAG CITY	441	441	1
46257	BI-FI	2426	2426	1
46258	DIESEL ONLY	1942	1942	1
46259	self-released	853	853	1
46260	SUB POP	258	258	1
46264	FORTUNE	2616	2616	1
46266	HEARTHAN/MORPHIUS	2629	2629	1
46269	HEARTHAN/MORPHIUS	2629	2629	1
46270	AUDIKA	2631	2631	1
46271	BERA	2627	2627	1
46272	SOUNDSFAMILYRE	2120	2120	1
46273	NUCLEAR BLAST	2144	2144	1
46274	POX WORLD EMPIRE	2163	2163	1
46276	STRANGE ATTRACTORS	1858	1858	1
46277	ALIEN8	1546	1546	1
46278	KONKURRENT/TOUCH AND GO	1510	1510	1
46283	STONE'S THROW	1153	1153	1
46285	BIG DADA/NINJA TUNE	1646	1646	1
46286	UP ABOVE	2586	2586	2
46287	IN THE RED	960	960	1
46297	ECHELON	2513	2513	1
46299	THIRD EARTH	2257	2257	1
46301	EASTERN CONFERENCE	2445	2445	1
46302	NINJA TUNE	700	700	1
46303	BRICK	2448	2448	1
46304	SATAMILE	2404	2404	1
46305	REPHLEX	675	675	1
46307	HONEST JON'S/ASTRALWERKS	2636	2636	1
46312	LOCUST MUSIC	2199	2199	1
46314	DELMARK	435	435	1
46315	DELMARK	435	435	1
46316	TERMINUS	2079	2079	1
46317	DELMARK	435	435	1
46318	THRILL JOCKEY	266	266	1
46319	MOLL-SELEKTA	2373	2373	1
46328	QUARTERSTICK/TOUCH AND GO	941	941	1
46330	DFA	2151	2151	1
46331	STARTIME INTERNATIONAL	2633	2633	1
46332	UNSCHOOLED	2623	2623	1
46337	ASTRALWERKS	124	124	1
46338	DARLA	138	138	1
46343	MELODIC	2640	2640	1
46344	MENTAL MONKEY	2394	2394	1
46346	DRAG CITY	441	441	1
46348	XL	1833	1833	1
46350	YEP ROC	831	831	1
46351	THRILL JOCKEY	266	266	1
46352	SOUL JAZZ	1936	1936	1
46353	NOVEL SOUNDS	2644	2644	1
46355	self-released	853	853	1
46357	SOFT ABUSE	2506	2506	1
46359	KRANKY	377	377	1
46360	AMBIANCES MAGNETIQUES/DAME	1479	1479	1
46370	SONIG	1785	1785	1
46371	THRILL JOCKEY	266	266	1
46382	K	373	373	1
46383	STRANGE ATTRACTORS	1858	1858	1
46384	GOLD STANDARD LABORATORIES	2041	2041	1
46385	ALIEN8	1546	1546	1
46386	NARNACK	2390	2390	1
46387	CLOUD	2059	2059	1
46388	FAT CAT	1602	1602	1
46390	JAGJAGUWAR	1217	1217	1
46396	AMISH	500	500	1
46397	COLETTA BLUE	2643	2643	1
46399	IKEF	2303	2303	1
46400	ROIR	281	281	1
46401	PASSIVE AGGRESSIVE	2642	2642	1
46402	self-released	853	853	1
46405	SONIG	1785	1785	1
46406	THE AGRICULTURE	1902	1902	1
46407	ARHOOLIE	120	120	1
46409	ROUNDER	283	283	1
46410	HIGHTONE	398	398	1
46411	ROUNDER	283	283	1
46412	ANOMALOUS	2628	2628	1
46413	YOUNG GOD	1723	1723	1
46414	CATSUP PLATE	836	836	1
46416	LEX	2213	2213	1
46417	HIERO IMPERIUM	1317	1317	1
46418	HIERO IMPERIUM	1317	1317	1
46419	ZOD	2645	2645	1
46422	SKAM	2649	2649	1
46426	YEP ROC	831	831	1
46431	AERONAUT	2662	2662	1
46432	VELOCETTE	2057	2057	1
46436	IPECAC	1529	1529	1
46437	OCORA	2320	2320	1
46438	THRILL JOCKEY	266	266	1
46439	INTERSCOPE	365	365	1
46440	ANTI-/EPITAPH	2093	2093	1
46441	BACKWOODZ STUDIOZ	2657	2657	1
46442	GOMMA	2656	2656	1
46443	AMBIANCES MAGNETIQUES/DAME	1479	1479	1
46449	5 RUE CHRISTINE	1125	1125	1
46451	GLOBAL SYMPHONIC	2650	2650	1
46452	MATADOR	332	332	1
46467	DECON/PROJECT BLOWED	2651	2651	1
46468	TRES	2652	2652	1
46469	CHOCOLATE INDUSTRIES	1925	1925	1
46477	DRAG CITY	441	441	1
46484	BU HANAN	2654	2654	1
46486	OVERCOAT	1669	1669	1
46488	POLYVINYL	1198	1198	1
46490	ZE	2641	2641	1
46491	NONESUCH	799	799	1
46492	PACREC	2660	2660	1
46496	BU HANAN	2654	2654	1
46497	STAUBGOLD	2301	2301	1
46498	PACREC	2660	2660	1
46501	PACREC	2660	2660	1
46504	BUBBLECORE	654	654	1
46505	LEX	2213	2213	1
46507	SOUL JAZZ	1936	1936	1
46508	BASIC REPLAY	2661	2661	1
46514	TZADIK	139	139	1
46515	RIVERBOAT	2168	2168	1
46517	SKAM	2649	2649	1
46519	PLANET MU	2207	2207	1
46522	UNSOUNDS	2251	2251	1
46523	CUNEIFORM	437	437	1
46524	DOMINO	1112	1112	1
46526	self-released	853	853	1
46527	OLD GOLD	962	962	1
46528	ABATON BOOK COMPANY	2040	2040	1
46530	RIGHTEOUS BABE	1598	1598	1
46532	YEP ROC	831	831	1
46533	ACUARELA	1959	1959	1
46534	ReR RECOMMENDED	2142	2142	1
46535	pfMENTUM	1571	1571	1
46536	PLANET MU	2207	2207	1
46538	THIRSTY EAR	808	808	1
46542	BEER LAND	2571	2571	1
46543	ARHOOLIE	120	120	1
46551	RUDYLAND	2663	2663	1
46552	FREQUE NC	2658	2658	1
46553	ANTICON	2090	2090	1
46554	UNCLE HOWIE	2580	2580	1
46555	K.PERIOD	2664	2664	1
46556	THRESHOLD	2278	2278	1
46557	PRINCIPALS OF ENTERTAINMENT	2424	2424	1
46558	FEMALE FUN/NATURE SOUNDS	2659	2659	1
46559	NATURE SOUNDS	2515	2515	1
46560	BULB	463	463	1
46563	NO MORE	862	862	1
46564	HIT THING	2412	2412	1
46566	HEFTY	669	669	1
46567	K7	954	954	1
46569	ATAVISTIC	122	122	1
46570	ATAVISTIC	122	122	1
46571	DARLA	138	138	1
46585	ACUARELA	1959	1959	1
46594	KRANKY	377	377	1
46595	ACUARELA	1959	1959	1
46596	V2	1018	1018	1
46601	SPEZIAL MATERIAL	2668	2668	1
46602	TRAX	2675	2675	1
46603	STONE'S THROW	1153	1153	1
46604	NEW STAR	2674	2674	1
46605	N5MD	2667	2667	1
46607	REPHLEX	675	675	1
46609	LEAF	1077	1077	1
46610	ANTICON	2090	2090	1
46611	DEF JUX	1948	1948	1
46612	NINJA TUNE	700	700	1
46613	WARP	733	733	1
46614	STONE'S THROW	1153	1153	1
46615	LEAF	1077	1077	1
46616	SMITHSONIAN FOLKWAYS	250	250	1
46617	CUNEIFORM	437	437	1
46618	WARP	733	733	1
46620	MERCK	1824	1824	1
46622	ROUNDER	283	283	1
46623	BLUJAZZ	2678	2678	1
46624	WATERBUG	1302	1302	1
46630	ASPHODEL	502	502	1
46632	TOUCH AND GO	268	268	1
46634	FAT CAT	1602	1602	1
46636	ANGURA SOUND	2676	2676	1
46637	DIELECTRIC	2587	2587	1
46639	SIX DEGREES	722	722	1
46640	FADING CAPTAIN SERIES/LUNA MUSIC	1638	1638	1
46641	MATADOR	332	332	1
46642	JAGJAGUWAR	1217	1217	1
46644	HI & FLY	2673	2673	1
46645	BA DA BING!	1110	1110	1
46646	SILBER	1836	1836	1
46647	ERIE	2670	2670	1
46649	PERHAPS TRANSPARENT	2178	2178	1
46650	CUNEIFORM	437	437	1
46651	CUNEIFORM	437	437	1
46652	WEB OF MIMICRY	2311	2311	1
46659	UP ABOVE	2586	2586	1
46660	BOMB HIP-HOP	849	849	1
46661	MERGE	337	337	1
46662	LEX	2213	2213	1
46665	BEAR FAMILY	966	966	1
46666	INFLATABL	2677	2677	1
46667	THIRSTY EAR	808	808	1
46668	FALSE WALLS	2679	2679	1
46669	TZADIK	139	139	1
46672	ROUNDER	283	283	1
46676	SPIRIT OF ORR	520	520	1
46678	BLUESANCT	1340	1340	1
46679	BEAR FAMILY	966	966	1
46680	TZADIK	139	139	1
46682	DiCHRISTINA STAIR BUILDERS	2560	2560	1
46684	KRANKY	377	377	1
46685	TRACT	2393	2393	1
46687	RED PANDA	2681	2681	1
46689	GOLD STANDARD LABORATORIES	2041	2041	1
46692	UNSOUNDS	2251	2251	1
46693	DOMINO	1112	1112	1
46694	DOMINO	1112	1112	1
46703	DRAG CITY	441	441	1
46705	BROKLYN BEATS	2386	2386	1
46706	XL	1833	1833	1
46707	UNHEARD MUSIC SERIES/ATAVISTIC	1748	1748	1
46708	HIGH TWO	2684	2684	1
46709	MARGE	2685	2685	1
46716	NONESUCH	799	799	1
46717	DFA	2151	2151	1
46718	UNHEARD MUSIC SERIES/ATAVISTIC	1748	1748	1
46720	DRAG CITY	441	441	1
46722	MONITOR	1641	1641	1
46726	ALIEN8	1546	1546	1
46728	BADMAN	1834	1834	1
46730	SEPIA TONE	2160	2160	1
46732	ASPHODEL/SCHEMATIC	2601	2601	1
46733	PLANET MU	2207	2207	1
46734	KOMPAKT	2306	2306	1
46735	KITCHEN MOTORS	1928	1928	1
46741	SUNDAZED	164	164	1
46742	BEAR FAMILY	966	966	1
46743	CONSTELLATION	1402	1402	1
46744	WORLD MUSIC NETWORK	2009	2009	1
46745	AIP	1145	1145	1
46750	GEFFEN	1201	1201	1
46751	NARNACK	2390	2390	1
46752	HOLY MOUNTAIN	132	132	1
46753	VHF	801	801	1
46754	SEPIA TONE	2160	2160	1
46755	STRANGE ATTRACTORS	1858	1858	1
46757	ReR RECOMMENDED	2142	2142	1
46759	SONGLINES	137	137	1
46762	ACUTE	2316	2316	1
46763	TOUCH	929	929	1
46764	SHADOKS MUSIC	2221	2221	1
46768	HATOLOGY/HAT HUT	863	863	1
46769	CASEQUARTER	2520	2520	1
46775	GRIMSEY	750	750	1
46776	HYPED 2 DEATH	2700	2700	1
46777	CHICKS ON SPEED	2175	2175	1
46781	DOMINO	1112	1112	1
46783	RACING JUNIOR	2693	2693	1
46784	HOLLYWOOD	397	397	1
46786	LOAD	539	539	1
46787	ROUGH TRADE	282	282	1
46789	LOAD	539	539	1
46796	TEENBEAT	264	264	1
46799	WARP	733	733	1
46802	ACUTE	2316	2316	1
46803	self-released	853	853	1
46804	SUB POP	258	258	1
46805	PLUG RESEARCH	1400	1400	1
46807	RAS	326	326	1
46808	ASSEMBLED SOUND	2691	2691	1
46809	self-released	853	853	1
46820	IPECAC	1529	1529	1
46821	RELAPSE	710	710	1
46824	STRANGE ATTRACTORS	1858	1858	1
46825	NEUROT	2197	2197	1
46827	M	1248	1248	1
46828	M	1248	1248	1
46830	GHOSTLY INTERNATIONAL	2382	2382	1
46832	HI & FLY	2673	2673	1
46833	MOBILIZATION	2702	2702	1
46836	NEUROT	2197	2197	1
46837	OMNIBUS	1014	1014	1
46839	THREE-LOBED	2185	2185	1
46840	PRANK	1589	1589	1
46841	SONAR KOLLEKTIV	2692	2692	1
46842	CUNEIFORM	437	437	1
46845	RHYMESAYERS	2102	2102	1
46847	UNCLE HOWIE	2580	2580	1
46848	BABYGRANDE	2400	2400	1
46849	ROUGH TRADE	282	282	1
46850	SPINART	254	254	1
46853	MIO	2592	2592	1
46854	PLUG RESEARCH	1400	1400	1
46855	self-released	853	853	1
46856	GAMMON	2167	2167	1
46858	LEAF	1077	1077	1
46860	THIRSTY EAR	808	808	1
46862	SKIN GRAFT	245	245	1
46863	SUNDAZED	164	164	1
46864	SUB POP	258	258	1
46865	SICKROOM	2347	2347	1
46866	MEMPHIS INDUSTRIES	2482	2482	1
46868	~SCAPE	2064	2064	1
46875	MONIKA	2704	2704	1
46876	DIONYSUS	510	510	1
46877	SOFT ABUSE	2506	2506	1
46878	BLUE CORN	2510	2510	1
46879	MINT	589	589	1
46882	BIG DADA/NINJA TUNE	1646	1646	1
46883	SMALLTOWN SUPERSOUND	2244	2244	1
46884	LEX	2213	2213	1
46885	PLANET MU	2207	2207	1
46886	RED TOUCAN	2075	2075	1
46891	CIRRUS OXIDE	2706	2706	1
46892	NORTON	355	355	1
46893	CHOCOLATE INDUSTRIES	1925	1925	1
46894	HIT THING	2412	2412	1
46895	IN THE RED	960	960	1
46910	ALLIGATOR	112	112	1
46911	MERGE	337	337	1
46912	NUMERO GROUP	2709	2709	1
46914	SPECTRAL SOUND/GHOSTLY INTERNATIONAL	2541	2541	1
46915	MEGO	1721	1721	1
46917	25 TO LIFE	2698	2698	1
46918	THIRD EARTH	2257	2257	1
46919	BIG DADA/NINJA TUNE	1646	1646	1
46920	MEMPHIS INDUSTRIES	2482	2482	1
46922	BUSTED LIP	2690	2690	1
46923	STONE'S THROW	1153	1153	1
46924	WIDE HIVE	2267	2267	1
46927	BABYGRANDE	2400	2400	1
46928	S-S	2224	2224	1
46932	OCHRE	2697	2697	1
46937	YEP ROC	831	831	1
46939	ASTRALWERKS	124	124	1
46940	MERGE	337	337	1
46941	BIRDMAN	945	945	1
46942	ABSOLUTELY KOSHER	1487	1487	1
46944	ROUGH TRADE	282	282	1
46945	ARHOOLIE	120	120	1
46946	HERITAGE	2711	2711	1
46947	ARHOOLIE	120	120	1
46948	OKKADISK	357	357	1
46950	NINJA TUNE	700	700	1
46952	SUGAR HILL	259	259	1
46953	KILL ROCK STARS	374	374	1
46954	HYPED 2 DEATH	2700	2700	1
46955	IPECAC	1529	1529	1
46956	EMPEROR JONES	600	600	1
46957	DRAG CITY	441	441	1
46958	ALTERNATIVE TENTACLES	113	113	1
46959	SPUN	2714	2714	1
46971	TRUE BELIEVER	2728	2728	1
46972	WHERE ARE MY	2727	2727	1
46973	NORTH EAST INDIE	1954	1954	1
46974	HEXACORD	2716	2716	1
46975	MONSIEUR FAUTEAUX	2712	2712	1
46976	ASPHODEL	502	502	1
46978	BIG DADA/NINJA TUNE	1646	1646	1
46979	SUNDAZED	164	164	1
46980	SECRETLY CANADIAN	670	670	1
46983	self-released	853	853	1
46984	MUTE	348	348	1
46989	TEXTILE	2729	2729	1
46990	NONESUCH	799	799	1
46991	ROPEADOPE	2069	2069	1
46993	THRILL JOCKEY	266	266	1
46994	RELAPSE	710	710	1
47001	BIG DADA/NINJA TUNE	1646	1646	1
47002	BABYGRANDE	2400	2400	1
47005	H&H	2720	2720	1
47007	SMALLTOWN SUPERSOUND	2244	2244	1
47010	BLACK PLASTIC SOUND	2226	2226	1
47011	NO SIDES	2574	2574	1
47012	BAR/NONE	128	128	1
47013	MONSIEUR FAUTEAUX	2712	2712	1
47014	NETTWERK	744	744	1
47015	FUNCTION 8	2721	2721	1
47017	BABYGRANDE	2400	2400	1
47018	INFLAMABLE	1258	1258	1
47020	SINGLE CELL	2723	2723	1
47021	MUSH	2028	2028	1
47022	DRAG CITY	441	441	1
47024	JAGJAGUWAR	1217	1217	1
47025	WILLOWTIP	2332	2332	1
47028	WILLOWTIP	2332	2332	1
47029	LEVEL PLANE	2724	2724	1
47030	NORTHSIDE	927	927	1
47031	DUNYA/FELMAY	1519	1519	1
47032	FINISTERRE	2726	2726	1
47033	BLUE NOTE	462	462	1
47042	SOLID	2462	2462	1
47043	JIMMIE JOSHUA LIFESTYLE	2719	2719	1
47044	EASTERN CONFERENCE	2445	2445	1
47045	SOUL DOJO/VINTAGE MUSIC GROUP	2718	2718	1
47046	VINTAGE MUSIC GROUP	2717	2717	1
47047	IN THE RED	960	960	1
47048	TRAFFIC	2550	2550	1
47049	SUBLIMINAL SOUNDS	2585	2585	1
47050	STONE'S THROW	1153	1153	1
47053	DRAG CITY	441	441	1
47054	META	2733	2733	1
47055	PLANET MU	2207	2207	1
47061	THRILL JOCKEY	266	266	1
47062	METRO DOUBLES	2731	2731	1
47063	DIELECTRIC	2587	2587	1
47064	DEF JUX	1948	1948	1
47066	BLOOD AND FIRE	586	586	1
47067	STINKY	2523	2523	1
47068	CREATIVE NATION	2737	2737	1
47069	SICKROOM	2347	2347	1
47070	MATADOR	332	332	1
47074	BIRDMAN	945	945	1
47076	WARP	733	733	1
47077	PAW TRACKS	2496	2496	1
47079	SCAT	287	287	1
47080	ABSOLUTELY KOSHER	1487	1487	1
47090	TOUCH AND GO	268	268	1
47094	DOMINO	1112	1112	1
47095	NORTHSIDE	927	927	1
47100	RED INK/SONY	1597	1597	1
47104	STATIC	2742	2742	1
47105	N5MD	2667	2667	1
47108	TROUBLEMAN/SLAMPT	1422	1422	1
47112	HONEST JON'S	2274	2274	1
47113	self-released	853	853	1
47121	DIM MAK	2395	2395	1
47124	XL	1833	1833	1
47133	DIM MAK	2395	2395	1
47135	TROJAN	597	597	1
47136	BBE	2486	2486	1
47137	ANTICON	2090	2090	1
47138	WIDE HIVE	2267	2267	1
47139	KARAOKE KALK	2734	2734	1
47140	XL	1833	1833	1
47143	POLYVINYL	1198	1198	1
47144	JAGJAGUWAR	1217	1217	1
47145	ABSOLUTELY KOSHER	1487	1487	1
47147	PLANARIA	2421	2421	1
47148	NARNACK	2390	2390	1
47149	FILM GUERRERO	2177	2177	1
47154	RELAPSE	710	710	1
47157	SUB ROSA	805	805	1
47162	MR. LADY	1189	1189	1
47171	ACHE	2710	2710	1
47173	RACING JUNIOR	2693	2693	1
47175	STRANGE ATTRACTORS	1858	1858	1
47176	PLANARIA	2421	2421	1
47177	VICTO	1195	1195	1
47178	CUNEIFORM	437	437	1
47179	STAUBGOLD	2301	2301	1
47180	PI	2357	2357	1
47181	BAR/NONE	128	128	1
47182	TZADIK	139	139	1
47183	YEP ROC	831	831	1
47185	KRANKY	377	377	1
47187	VAGRANT	2181	2181	1
47188	ANTI-/EPITAPH	2093	2093	1
47189	SMOG VEIL	2508	2508	1
47192	YOUNG GOD	1723	1723	1
47194	XL	1833	1833	1
47195	SKIN GRAFT	245	245	1
47196	HAPNA	2484	2484	1
47199	DELMARK	435	435	1
47202	LOCUST MUSIC	2199	2199	1
47204	KRANKY	377	377	1
47205	TANTY	2020	2020	1
47206	ANTIFAZ	2745	2745	1
47209	THRILL JOCKEY	266	266	1
47210	WARP	733	733	1
47211	SANCTUARY	2563	2563	1
47212	ALIEN8	1546	1546	1
47213	ASTRALWERKS	124	124	1
47214	RUNE GRAMMOFON	2423	2423	1
47215	HAPNA	2484	2484	1
47216	GUTBRAIN	2743	2743	1
47217	SUNNYSIDE	2220	2220	1
47218	SMITHSONIAN FOLKWAYS	250	250	1
47220	TZADIK	139	139	1
47221	ORIGIN JAZZ LIBRARY	2744	2744	1
47223	THE SMACK SHIRE	2751	2751	1
47224	VAGUE TERRAIN	996	996	1
47226	ALIEN8	1546	1546	1
47227	PRAEMEDIA	2748	2748	1
47228	VELOCIRECORDS	2680	2680	1
47229	PAW TRACKS	2496	2496	1
47230	SUB POP	258	258	1
47231	NOREASTER FAILED INDUSTRIES	2746	2746	1
47240	BROKLYN BEATS	2386	2386	1
47241	LEX	2213	2213	1
47242	TWIN FUZZ	2689	2689	1
47245	QUANNUM PROJECTS	1610	1610	1
47246	XL	1833	1833	1
47247	BABYGRANDE	2400	2400	1
47248	BABYGRANDE	2400	2400	1
47249	DEF JUX	1948	1948	1
47253	FILM GUERRERO	2177	2177	1
47254	TOUCH AND GO	268	268	1
47255	BLOODSHOT	571	571	1
47257	TEMPORARY RESIDENCE	1570	1570	1
47259	TORTUGA	2754	2754	1
47260	IPECAC	1529	1529	1
47262	WARM	1670	1670	1
47263	ANTICON	2090	2090	1
47266	ARTS & CRAFTS	2750	2750	1
47269	SCRATCH	144	144	1
47270	STONE'S THROW	1153	1153	1
47271	DEF JUX	1948	1948	1
47272	GALAPAGOS 4	2747	2747	1
47274	EPITAPH	446	446	1
47277	ROUNDER	283	283	1
47282	S-S	2224	2224	1
47283	self-released	853	853	1
47287	SEND HELP	2760	2760	1
47288	SHOUT! FACTORY	2755	2755	1
47290	ANTI-/EPITAPH	2093	2093	1
47291	MERGE	337	337	1
47292	MERGE	337	337	1
47293	CONDUIT	2765	2765	1
47294	SOFT ABUSE	2506	2506	1
47295	NARNACK	2390	2390	1
47296	MERGE	337	337	1
47297	ANTICON	2090	2090	1
47298	INNOVA	153	153	1
47299	HATOLOGY/HAT HUT	863	863	1
47300	WINTER & WINTER	1577	1577	1
47301	MOLL-SELEKTA	2373	2373	1
47302	TIGERBEAT6	2288	2288	1
47303	WRASSE	2756	2756	1
47304	AURALUX	2749	2749	1
47306	KRANKY	377	377	1
47307	WARP	733	733	1
47308	DRIMALA	1376	1376	1
47309	PASSIN' THRU	2763	2763	1
47312	HONEST JON'S/ASTRALWERKS	2636	2636	1
47326	JSP	2762	2762	1
47331	SMELLS LIKE	249	249	1
47335	ADONIS	2766	2766	1
47337	FUSETRON	2757	2757	1
47339	WANTAGE	530	530	1
47340	V2	1018	1018	1
47341	POLYVINYL	1198	1198	1
47342	NORTH EAST INDIE	1954	1954	1
47344	THE SOCIAL REGISTRY	2556	2556	1
47346	VERVE	550	550	1
47347	EIGHTEENTH STREET LOUNGE MUSIC	874	874	1
47348	MERCK	1824	1824	1
47350	BUBBLECORE	654	654	1
47351	SCHEMATIC/ASPHODEL	1731	1731	1
47353	HATOLOGY/HAT HUT	863	863	1
47354	IPECAC	1529	1529	1
47360	CANTALOUPE	2378	2378	1
47361	SIMLA HOUSE	2562	2562	1
47362	SQUEALER	793	793	1
47363	PI	2357	2357	1
47364	PI	2357	2357	1
47366	SQUEALER	793	793	1
47367	IPECAC	1529	1529	1
47368	DR JIM'S	995	995	1
47374	GOLD STANDARD LABORATORIES	2041	2041	1
47378	ACUTE	2316	2316	1
47379	PERISHABLE	1212	1212	1
47383	IN THE RED	960	960	1
47385	WORLD PSYCHEDELIA	2764	2764	1
47388	WIRE HEART	2379	2379	1
47389	MUTE	348	348	1
47390	K	373	373	1
47394	V2	1018	1018	2
47396	RAZOR AND TIE	449	449	1
47398	ANTICON	2090	2090	1
47399	GALACTIC DUST	2771	2771	1
47403	self-released	853	853	1
47404	ALIEN8	1546	1546	1
47409	PICKLED EGG	1919	1919	1
47410	DOLLAR RECORD	2767	2767	1
47411	S-S	2224	2224	1
47412	TRILOGY	2761	2761	1
47414	SUB POP	258	258	1
47419	ADONIS	2766	2766	1
47420	ACE FU	1868	1868	1
47423	LOCUST MUSIC	2199	2199	1
47424	GREYDAY	2572	2572	1
47425	SCHEMATIC/ASPHODEL	1731	1731	1
47427	THE AGRICULTURE	1902	1902	1
47431	SCHEMATIC/ASPHODEL	1731	1731	1
47432	GHOSTLY INTERNATIONAL	2382	2382	1
47433	LEX	2213	2213	1
47438	DEF JUX	1948	1948	1
47441	VENGEANCE	2774	2774	1
47442	PICKLED EGG	1919	1919	1
47443	ASTHMATIC KITTY	2166	2166	1
47444	ASTHMATIC KITTY	2166	2166	1
47446	TIGERBEAT6	2288	2288	1
47447	KILL ROCK STARS	374	374	1
47448	FAT CAT	1602	1602	1
47450	MORR MUSIC	2519	2519	1
47451	NOW-AGAIN/STONE'S THROW	2466	2466	1
47452	RELAPSE	710	710	1
47453	FAMILY VINEYARD	1980	1980	1
47454	RELAPSE	710	710	1
47455	self-released	853	853	1
47456	UNIVERSAL	2000	2000	1
47457	THE SOCIAL REGISTRY	2556	2556	1
47458	VHF	801	801	1
47461	WANTAGE	530	530	1
47462	FAT POSSUM/EPITAPH	828	828	1
47463	LOCUST MUSIC	2199	2199	1
47464	V2	1018	1018	1
47466	NORTON	355	355	1
47467	TRANSPARENT	2776	2776	1
47468	RHYMESAYERS	2102	2102	1
47469	SOLEILMOON	251	251	1
47472	COMMUNION	478	478	1
47473	WEB OF MIMICRY	2311	2311	1
47477	THE SOCIAL REGISTRY	2556	2556	1
47478	CHI-PIG	2775	2775	1
47479	BIRDMAN	945	945	1
47480	self-released	853	853	1
47481	LEAF	1077	1077	1
47485	FLYING NOTE	885	885	1
47489	MOTION	1800	1800	1
47490	ATAVISTIC	122	122	1
47492	TEMPORARY RESIDENCE	1570	1570	1
47493	ALTERNATIVE TENTACLES	113	113	1
47494	ATAVISTIC	487	487	1
47495	LOCUST MUSIC	2199	2199	1
47496	THREE-LOBED	2185	2185	1
47497	ReR RECOMMENDED	2142	2142	1
47498	THE NEW BLACK	2778	2778	1
47499	SOFT ABUSE	2506	2506	1
47500	ASPHODEL	502	502	1
47501	BIRDMAN	945	945	1
47503	ReR RECOMMENDED	2142	2142	1
47505	WARP	733	733	1
47506	BEAR FAMILY	966	966	1
47508	RELAPSE	710	710	1
47511	WACKIES/BASIC CHANNEL	2374	2374	1
47514	SOUL JAZZ	1936	1936	1
47517	MERCK	1824	1824	1
47518	XTRA INFINIT	2783	2783	1
47519	ASPHODEL	502	502	1
47522	pfMENTUM	1571	1571	1
47523	X-OR	1588	1588	1
47524	DELMARK	435	435	1
47525	ZOE	2793	2793	1
47527	SWIM	1002	1002	1
47531	COUNTY	690	690	1
47532	COUNTY	690	690	1
47534	AMBIANCES MAGNETIQUES/DAME	1479	1479	1
47535	AMBIANCES MAGNETIQUES/DAME	1479	1479	1
47541	SLAPART	2772	2772	1
47543	UNCLE HOWIE	2580	2580	1
47544	DAPTONE	2112	2112	1
47545	KRANKY	377	377	1
47547	BAR/NONE	128	128	1
47548	KILL ROCK STARS	374	374	1
47549	UBIK	610	610	1
47550	RELAPSE	710	710	1
47551	BIG BALLOON	2804	2804	1
47552	WATER	2275	2275	1
47554	SUB POP	258	258	1
47558	CRUCIAL BLAST	2441	2441	1
47559	MERGE	337	337	1
47560	VOODOO RHYTHM	1561	1561	1
47561	GALAPAGOS 4	2747	2747	1
47562	NARNACK	2390	2390	1
47564	K	373	373	1
47565	THE SOCIAL REGISTRY	2556	2556	1
47566	VOODOO RHYTHM	1561	1561	1
47568	PLANET MU	2207	2207	1
47569	NINJA TUNE	700	700	1
47570	NINJA TUNE	700	700	1
47571	PLANET MU	2207	2207	1
47572	ESL	2796	2796	1
47573	TIGERBEAT6	2288	2288	1
47574	TIGERBEAT6	2288	2288	1
47576	SUB ROSA	805	805	1
47577	ALLIGATOR	112	112	1
47578	PERSIAN CARDINAL	2802	2802	1
47579	CRYPTOGRAMOPHONE	2150	2150	1
47580	482 MUSIC	1958	1958	1
47593	NARNACK	2390	2390	1
47595	BREATHLESS	2785	2785	1
47596	LOUD DEVICES	2800	2800	1
47597	TRUTH AND SOUL	2799	2799	1
47598	TRAMP	2788	2788	1
47603	SMACKS	2801	2801	1
47607	DAPTONE	2112	2112	1
47609	MERGE	337	337	1
47610	DRAG CITY	441	441	1
47611	THRILL JOCKEY	266	266	1
47614	self-released	853	853	1
47619	ALTERNATE TAKE	2446	2446	1
47620	UP ABOVE	2586	2586	1
47621	REV-O-LA	2809	2809	1
47626	MATADOR	332	332	1
47627	XL	1833	1833	1
47628	APESTAARTJE	2842	2842	1
47629	HONEST JON'S/ASTRALWERKS	2636	2636	1
47630	AESTHETICS	1484	1484	1
47634	NARNACK	2390	2390	1
47635	AUDIKA	2631	2631	1
47636	IPECAC	1529	1529	1
47637	MERGE	337	337	1
47638	MUTE	348	348	1
47640	MENLO PARK	1274	1274	1
47641	KRANKY	377	377	1
47642	CUNEIFORM	437	437	1
47644	LAST VISIBLE DOG	2808	2808	1
47645	HYDRA HEAD	2157	2157	1
47646	RELAPSE	710	710	1
47647	DOMINO	1112	1112	1
47649	MENLO PARK	1274	1274	1
47651	SECRET KEEPER	2807	2807	1
47652	LAST VISIBLE DOG	2808	2808	1
47653	NEUROT	2197	2197	1
47654	HIT THING	2412	2412	1
47655	PACREC	2660	2660	1
47657	ABDUCTION	176	176	1
47658	STRANGE ATTRACTORS	1858	1858	1
47659	TZADIK	139	139	1
47660	IMBALANCE COMPUTER MUSIC	2814	2814	1
47661	STARLIGHT FURNITURE CO.	2593	2593	1
47662	HOPSCOTCH	1645	1645	1
47663	BLACK HAT	2812	2812	1
47664	ABDUCTION	176	176	1
47665	TIGERBEAT6	2288	2288	1
47666	PLANET MU	2207	2207	1
47667	ANTICON	2090	2090	1
47668	STRANGE ATTRACTORS	1858	1858	1
47669	JAGJAGUWAR	1217	1217	1
47670	BULB	463	463	1
47671	MILLE PLATEAUX	942	942	2
47672	REPHLEX	675	675	1
47675	PLUG RESEARCH	1400	1400	1
47676	YEP ROC	831	831	1
47677	LOAD	539	539	1
47678	KRANKY	377	377	1
47681	SECRETLY CANADIAN	670	670	1
47683	TROUBLEMAN UNLIMITED	858	858	1
47684	20/20/20	2823	2823	1
47685	SECRETLY CANADIAN	670	670	1
47687	JSP	2762	2762	1
47691	YEP ROC	831	831	1
47692	BLUE NOTE	462	462	1
47694	ECLIPSE	2810	2810	1
47695	ENTSCHULDIGEN	2820	2820	1
47696	VERVE	550	550	1
47697	BIG DADA/NINJA TUNE	1646	1646	1
47698	ANTICON	2090	2090	1
47701	THRILL JOCKEY	266	266	1
47704	BASEMENT	2819	2819	1
47705	ATLANTIC	123	123	1
47707	RHYMESAYERS	2102	2102	1
47708	DEF JUX	1948	1948	1
47710	NO TYPE	2813	2813	1
47711	MINTY FRESH	341	341	1
47714	MERGE	337	337	1
47715	WEGAWAM	2826	2826	1
47720	IPECAC	1529	1529	1
47724	THE AGRICULTURE	1902	1902	1
47726	A Records	2824	2824	1
47729	RAPSTER	2589	2589	1
47730	ESL	2796	2796	1
47731	XL	1833	1833	1
47734	KILL ROCK STARS	374	374	1
47737	NORTH EAST INDIE	1954	1954	1
47740	CARPARK	1692	1692	1
47745	QUARTERSTICK/TOUCH AND GO	941	941	1
47746	AMERICAN PATCHWORK	2099	2099	1
47748	DRAG CITY	441	441	1
47753	JAGJAGUWAR	1217	1217	1
47757	SKIN GRAFT	245	245	1
47758	BA DA BING!	1110	1110	1
47759	LOUD/RCA	895	895	1
47761	ROUGH TRADE	282	282	1
47762	MORR MUSIC	2519	2519	1
47763	THRILL JOCKEY	266	266	1
47764	SUB POP	258	258	1
47765	POLYVINYL	1198	1198	1
47766	THE ECHO LABEL	2834	2834	1
47767	NORTON	355	355	1
47768	Placid Casual	2828	2828	1
47769	ILLEGAL ART	1997	1997	1
47770	YOUNG GOD	1723	1723	1
47771	DARLA	138	138	1
47772	RUNE GRAMMOFON	2423	2423	1
47773	DRAG CITY	441	441	1
47774	GHOSTLY INTERNATIONAL	2382	2382	1
47775	ACHE	2710	2710	1
47776	ECM	443	443	1
47777	WA	2833	2833	1
47778	MOONROOM	2832	2832	1
47779	RUNE GRAMMOFON	2423	2423	1
47780	CRYPTOGRAMOPHONE	2150	2150	1
47781	FAMILY VINEYARD	1980	1980	1
47782	BIRDMAN	945	945	1
47783	ARHOOLIE	120	120	1
47784	ARHOOLIE	120	120	1
47785	RHYMESAYERS	2102	2102	1
47786	ILLSON	2836	2836	1
47787	ANTICON	2090	2090	1
47788	ICP	2838	2838	1
47789	AYLER	2835	2835	1
47790	SILKHEART/GAZELLE	297	297	1
47791	LOCUST MUSIC	2199	2199	1
47792	WARP	733	733	1
47794	MERGE	337	337	1
47795	VHF	801	801	1
47796	LEAF	1077	1077	1
47797	VHF	801	801	1
47798	POLYVINYL	1198	1198	1
47799	SAMADHISOUND	2839	2839	1
47802	ECHO BEACH	2846	2846	1
47803	KITTY-YO/KOLLAPS	1558	1558	1
47804	LEX	2213	2213	1
47806	ANTICON	2090	2090	1
47807	MORR MUSIC	2519	2519	1
47808	ECHO BEACH	2845	2845	1
47810	NEUROT	2197	2197	1
47811	THRILL JOCKEY	266	266	1
47812	BLUE NOTE	462	462	1
47813	IPECAC	1529	1529	1
47814	LAST VISIBLE DOG	2808	2808	1
47815	PIDGEON ENGLISH	2405	2405	1
47818	OMPHALOS	2209	2209	1
47820	SUNDAZED	164	164	1
47821	H2	2847	2847	1
47824	SOULSPAZM	2831	2831	1
47831	ENABLER	2803	2803	1
47834	DRAG CITY	441	441	1
47835	PROPER	1900	1900	1
47839	GHETTO YOUTHS	2851	2851	1
47840	DOWNSOUND	2849	2849	1
47843	HIERO IMPERIUM	1317	1317	2
47855	JAGJAGUWAR	1217	1217	1
47857	FELMAY	2117	2117	1
47860	FELMAY	2117	2117	1
47865	APESTAARTJE	2842	2842	1
47869	BETTER LOOKING	1867	1867	1
47872	RUBRIC	1832	1832	1
47873	DISCHORD	424	424	1
47874	TOUCH AND GO	268	268	1
47876	YEP ROC	831	831	1
47878	LOOSE RECORDINGS	2853	2853	1
47882	DEF JUX	1948	1948	1
47883	RHYMESAYERS	2102	2102	1
47884	LEGENDARY MUSIC	2564	2564	1
47885	THIRSTY EAR	808	808	1
47887	KSR	2840	2840,2841	2
47888	DISCHORD	424	424	2
47890	IPECAC	1529	1529	1
47891	PAW TRACKS	2496	2496	1
47892	CARPARK	1692	1692	1
47893	SILLYBOY	2598	2598	1
47894	VHF	801	801	1
47895	TOMLAB	2340	2340	1
47896	BU HANAN	2654	2654	2
47897	CANDLELIGHT	2844	2844	1
47899	SPINART	254	254	1
47900	BU HANAN	2654	2654	1
47902	AUDRALIGNT	2854	2854	1
47903	GOMMA	2656	2656	1
47905	SMITHSONIAN FOLKWAYS	250	250	2
47907	SAMBA MOON	1676	1676	1
47908	PLANET MU	2207	2207	1
47911	THRILL JOCKEY	266	266	1
47912	PRESSURE SOUNDS	2375	2375	1
47913	THIRSTY EAR	808	808	1
47915	AMBIANCES MAGNETIQUES/DAME	1479	1479	1
47917	MONIKA	2704	2704	1
47919	IN THE RED	960	960	1
47920	JAGJAGUWAR	1217	1217	1
47926	BLOODSHOT	571	571	1
47927	SILBER	1836	1836	1
47928	TUMULT	1985	1985	1
47929	THRILL JOCKEY	266	266	1
47930	CONSTELLATION	1402	1402	1
47931	TRIKONT	827	827	1
47933	TWISTED VILLAGE	216	216	1
47935	YEP ROC	831	831	2
47938	ESSAY	2422	2422	1
47939	ASTHMATIC KITTY	2166	2166	1
47940	POLYVINYL	1198	1198	1
47941	SECRETLY CANADIAN	670	670	1
47942	DOMINO	1112	1112	1
47943	DOMINO	1112	1112	1
47945	NAPALM	2864	2864	1
47948	VERY FRIENDLY	2862	2862	1
47949	GERN BLANDSTEN	619	619	1
47950	54-40 OR FIGHT	2856	2856	1
47952	JAGJAGUWAR	1217	1217	1
47953	POLYVINYL	1198	1198	2
47956	STAUBGOLD	2301	2301	1
47959	TERRA NOVA	1099	1099	2
47960	HATOLOGY/HAT HUT	863	863	2
47961	AYLER	2835	2835	2
47962	CHARLES LESTER MUSIC	2863	2863	1
47964	COUNTRY ROUTES	1161	1161	2
47966	NINJA TUNE	700	700	1
47983	JUNGLE ROYALE	2848	2848	1
47984	BROKLYN BEATS	2386	2386	1
47985	DOMINO	1112	1112	1
47986	SCION	2855	2855	1
47988	CORLEONE	2469	2469	1
47991	QUANNUM PROJECTS	1610	1610	1
47992	TUMULT	1985	1985	1
47993	HAPNA	2484	2484	1
47994	HERESEE	2866	2866	1
47995	HERESEE	2866	2866	1
47996	LOCUST MUSIC	2199	2199	1
47999	LOCUST MUSIC	2199	2199	1
48000	LEAF	1077	1077	1
48003	HAPNA	2484	2484	1
48008	NO QUARTER	2135	2135	1
48010	VP	1286	1286	1
48012	PEANUTS & CORN	2868	2868	1
48014	NINJA TUNE	700	700	2
48016	BASEMENT	2819	2819	1
48020	BAR/NONE	128	128	1
48024	LEAF	1077	1077	1
48025	ASTHMATIC KITTY	2166	2166	1
48028	DRAG CITY	441	441	1
48030	HELLO SIR	2794	2794	2
48031	THREE-LOBED	2185	2185	1
48033	MACKROSOFT	2495	2495	1
48034	MACKROSOFT	2495	2495	1
48035	6HOLE	2865	2865	1
48036	JUNGLE ROYALE	2848	2848	1
48045	AMBIANCES MAGNETIQUES/DAME	1479	1479	1
48048	DEF JUX	1948	1948	1
48049	STONE'S THROW	1153	1153	1
48050	PLANET MU	2207	2207	1
48051	-SCAPE	2867	2867	1
48052	MUTABLEMUSIC	1986	1986	1
48053	KRANKY	377	377	1
48054	CONSTELLATION	1402	1402	1
48055	THE SOCIAL REGISTRY	2556	2556	1
48062	SILBER	1836	1836	1
48063	DARLA	138	138	1
48065	ABSOLUTELY KOSHER	1487	1487	1
48066	SONIG	1785	1785	1
48067	POX WORLD EMPIRE	2163	2163	1
48068	STAUBGOLD	2301	2301	1
48069	THREE-LOBED	2185	2185	1
48070	WATER	2275	2275	1
48071	NARNACK	2390	2390	1
48073	IPECAC	1529	1529	1
48074	AZAP/REVOLVER	1393	1393	1
48075	CANTALOUPE	2378	2378	1
48076	THRILL JOCKEY	266	266	1
48077	MR. NOBODY	2884	2884	1
48078	LAST VISIBLE DOG	2808	2808	1
48079	TOO PURE	536	536	1
48080	VICE	2872	2872	1
48081	TRIKONT	827	827	1
48084	CANTALOUPE	2378	2378	1
48085	4 AD	104	104	1
48086	CRYPTOGRAMOPHONE	2150	2150	1
48087	FAMILY VINEYARD	1980	1980	1
48088	AESTHETICS	1484	1484	1
48089	ECM	443	443	1
48091	KOCH	558	558	1
48092	pfMENTUM	1571	1571	1
48094	BASIN STREET	2008	2008	1
48095	CUNEIFORM	437	437	1
48097	ANTICON	2090	2090	1
48098	ANTICON	2090	2090	1
48099	6HOLE	2865	2865	1
48100	SUBLIGHT	2648	2648	1
48106	HOWLER	2880	2880	1
48108	DiCHRISTINA STAIR BUILDERS	2560	2560	1
48109	QUARTERSTICK/TOUCH AND GO	941	941	1
48110	EUPHOBIA	2879	2879	1
48111	UPPER CLASS	2518	2518	1
48112	PI	2357	2357	1
48113	EENIE MEENIE	1706	1706	1
48116	WARNER BROTHERS	223	223	1
48117	BUBBLECORE	654	654	1
48118	YEP ROC	831	831	1
48121	ROUGH TRADE	282	282	1
48122	BORN MUGGED	2883	2883	1
48123	FAT CAT	1602	1602	1
48124	SUNDAZED	164	164	1
48125	SUNDAZED	164	164	1
48126	SUNDAZED	164	164	1
48128	PLUG RESEARCH	1400	1400	1
48129	ECLIPSE	2810	2810	1
48130	MERCK	1824	1824	1
48131	SUBLIMINAL SOUNDS	2585	2585	1
48132	WONDER	2359	2359	1
48133	DOCUMENT	745	745	1
48134	CHOCOLATE INDUSTRIES	1925	1925	1
48135	DOMINO	1112	1112	1
48136	DEF JUX	1948	1948	1
48137	STONE'S THROW	1153	1153	1
48138	ATAVISTIC	122	122	1
48139	CUNEIFORM	437	437	1
48142	VAMPISOUL	2892	2892	1
48143	TZADIK	139	139	1
48144	TOUCH AND GO	268	268	1
48145	PLUG RESEARCH	1400	1400	1
48147	ABSOLUTELY KOSHER	1487	1487	1
48149	RELAPSE	710	710	1
48151	PLACID CASUAL	2888	2888	1
48155	TIGERSUSHI	2886	2886	1
48156	IPECAC	1529	1529	1
48157	MMV	2885	2885	1
48158	TOOTH & NAIL	2887	2887	1
48159	V2	1018	1018	1
48160	MENLO PARK	1274	1274	1
48161	BIG DADA/NINJA TUNE	1646	1646	1
48162	MONOSYLLABIC	2891	2891	1
48163	WORLD MUSIC NETWORK	2009	2009	1
48164	GOLD STANDARD LABORATORIES	2041	2041	1
48166	SIX DEGREES	722	722	1
48167	PAW TRACKS	2496	2496	1
48168	CRYPTOGRAMOPHONE	2150	2150	1
48169	TZADIK	139	139	1
48170	CUNEIFORM	437	437	1
48172	WORLD MUSIC NETWORK	2009	2009	1
48173	FELMAY	2117	2117	1
48174	ARHOOLIE	120	120	1
48176	KRANKY	377	377	1
48177	MERCK	1824	1824	1
48179	ANTENNA FARM	2569	2569	1
48180	ANTENNA FARM	2569	2569	1
48181	ALIEN8	1546	1546	1
48185	RRR	284	284	1
48186	DECON/OKAYPLAYER	2669	2669	1
48187	TRES	2652	2652	1
48188	F5	2130	2130	1
48189	6HOLE	2865	2865	1
48190	SALSOUL	2893	2893,2894	2
48191	F5	2130	2130	1
48192	HANDS DOWN PRODUCTIONS	2903	2903	1
48193	POCKETSLINTED	2874	2874	1
48195	LIVE:UP	2875	2875	1
48196	YAZOO	239	239	1
48197	DUNYA/FELMAY	1519	1519	1
48198	NUMERO GROUP	2709	2709	1
48199	MAN RECORDINGS	2871	2871	1
48200	FLYING NUN	394	394	1
48201	KAJMERE	2530	2530	1
48202	SKAM	2649	2649	1
48203	QUATERMASS	1929	1929	1
48206	FINDERS KEEPERS	2878	2878	1
48207	IMBALANCE COMPUTER MUSIC	2814	2814	1
48208	VIPER	2621	2621	1
48209	SHITKATAPULT	2327	2327	1
48210	TOUCH	929	929	1
48212	DECON/OKAYPLAYER	2669	2669	1
48213	PERFECTIFON	2896	2896	1
48215	HYPNO-VISTA	2227	2227	1
48216	MATADOR	332	332	1
48217	DOMINO	1112	1112	1
48218	IN THE RED	960	960	1
48219	HAPNA	2484	2484	1
48220	HIT THING	2412	2412	1
48221	SEELAND	290	290	1
48222	5 RUE CHRISTINE	1125	1125	1
48223	HYDRA HEAD	2157	2157	1
48224	ASHMONT	2036	2036	1
48225	BURNT TOAST VINYL	1890	1890	1
48226	SKAM	2649	2649	1
48227	KILL ROCK STARS	374	374	1
48229	BARRY'S BOOTLEG	2897	2897	1
48230	ASTHMATIC KITTY	2166	2166	1
48232	STRANGE ATTRACTORS	1858	1858	1
48233	CUNEIFORM	437	437	2
48234	MORR MUSIC	2519	2519	1
48236	5 RUE CHRISTINE	1125	1125	1
48237	WARP	733	733	1
48239	MINT	589	589	1
48242	TROUBLEMAN UNLIMITED	858	858	1
48243	THE SOCIAL REGISTRY	2556	2556	1
48244	SADDLE CREEK	1654	1654	1
48245	HAPNA	2484	2484	1
48248	FILTER	2904	2904	1
48249	JADE TREE	186	186	1
48250	ALIEN8	1546	1546	1
48253	NARNACK	2390	2390	1
48255	SOUL NOTE	672	672	1
48256	CUNEIFORM	437	437	1
48257	ATP	2491	2491	1
48258	AUM FIDELITY	1046	1046	1
48259	482 MUSIC	1958	1958	1
48260	SAVOY JAZZ	2914	2914	1
48261	ATAVISTIC	122	122	1
48263	CRYPTOGRAMOPHONE	2150	2150	1
48265	ARTISTSHARE	2916	2916	1
48266	DAY BY DAY	2902	2902	1
48269	-SCAPE	2867	2867	1
48272	COCK ROCK DISCO	2909	2909	1
48273	(self-released)	2782	2782	1
48274	SUBLIGHT	2648	2648	1
48276	TIGERBEAT6	2288	2288	1
48277	PLANET MU	2207	2207	1
48278	SOULSPAZM	2831	2831	1
48279	NINJA TUNE	700	700	1
48280	STONE'S THROW	1153	1153	1
48282	SUGAR HILL	259	259	1
48283	ESP	2899	2899	1
48285	SMITHSONIAN FOLKWAYS	250	250	1
48287	PLANET MU	2207	2207	1
48288	ABB	1416	1416	1
48289	FASTLIFE	2907	2907	1
48294	ECLECTIC	2908	2908	1
48295	NO IDEA	821	821	1
48296	KITTRIDGE	2882	2882	1
48297	SUICIDE SQUEEZE	999	999	1
48298	GOLD STANDARD LABORATORIES	2041	2041	1
48299	SUB POP	258	258	1
48301	DARLA	138	138	1
48302	SOUTHERN LORD	2331	2331	1
48303	PAW TRACKS	2496	2496	1
48304	SUB POP	258	258	1
48305	DISCHORD	424	424	1
48306	5 RUE CHRISTINE	1125	1125	1
48309	SOUL JAZZ	1936	1936	1
48310	NEUROT	2197	2197	1
48311	SIX DEGREES	722	722	1
48312	RYKODISC	285	285	1
48313	MATADOR	332	332	1
48315	NINJA TUNE	700	700	1
48316	HEADKRACK	2917	2917	1
48318	UNCOMMON	2915	2915	1
48319	GHOSTLY INTERNATIONAL	2382	2382	1
48320	DARLA	138	138	1
48321	SWORDFISH	2919	2919	1
48322	PI	2357	2357	1
48324	ARTS FOR ART	2920	2920	1
48325	WACKIES/BASIC CHANNEL	2374	2374	1
48328	WARP	733	733	1
48330	4 AD	104	104	2
48331	CHICKS ON SPEED	2175	2175	1
48333	VERY FRIENDLY	2862	2862	1
48334	ZOD	2645	2645	1
48335	PLANET MU	2207	2207	1
48336	ATAVISTIC	122	122	1
48338	LEAF	1077	1077	1
48339	SUB POP	258	258	1
48340	KEMADO	2918	2918	1
48341	SICKROOM	2347	2347	1
48342	DIONYSUS	510	510	1
48343	HYDRA HEAD	2157	2157	1
48349	DRAG CITY	441	441	1
48354	SUBLIMINAL SOUNDS	2585	2585	1
48356	EASTERN CONFERENCE	2445	2445	1
48357	NATURE SOUNDS	2515	2515	1
48359	AD NOISEAM	2910	2910	1
48363	AD NOISEAM	2910	2910	1
48364	TIGERBEAT6	2288	2288	1
48367	AURALUX	2749	2749	1
48369	SALSOUL	2894	2894	1
48370	BBE	2486	2486	1
48371	LO	2014	2014	1
48373	SUB ROSA	805	805	1
48375	BIRDMAN	945	945	1
48380	IMPORTANT	2457	2457	1
48382	SUNNYSIDE	2220	2220	1
48383	RHYMESAYERS	2102	2102	1
48384	COLD CRUSH	2933	2933	1
48385	RHYMESAYERS	2102	2102	1
48386	SOUND-INK	2559	2559	1
48387	SHAMAN WORK RECORDINGS	2925	2925	1
48388	PACREC	2660	2660	1
48389	MISRA	1629	1629	1
48390	UTERINE FURY	2924	2924	1
48391	LOAD	539	539	1
48392	VHF	801	801	1
48394	5 RUE CHRISTINE	1125	1125	1
48395	BLACK PLASTIC SOUND	2226	2226	1
48396	MISRA	1629	1629	1
48399	KILL ROCK STARS	374	374	1
48400	MATADOR	332	332	1
48401	SICKROOM	2347	2347	1
48402	MERGE	337	337	1
48404	DIGITALIS	2921	2921	1
48405	MEGO	1721	1721	1
48406	ACUARELA	1959	1959	1
48407	JAGJAGUWAR	1217	1217	1
48408	PEEK-A-BOO	528	528	1
48409	ZOE	2793	2793	1
48410	SECRETLY CANADIAN	670	670	1
48411	QUECKSILBER	2935	2935	1
48412	DISCHORD	424	424	1
48413	SUICIDE SQUEEZE	999	999	1
48414	GHOSTLY INTERNATIONAL	2382	2382	1
48415	ASTRALWERKS	124	124	1
48417	PECAN CRAZY	2930	2930	1
48418	DRAG CITY	441	441	1
48419	BONA FIDE	2932	2932	1
48420	SWIM	1002	1002	1
48421	SIDEONEDUMMY	2922	2922	1
48422	DRAG CITY	441	441	1
48423	TWISTED VILLAGE	216	216	1
48425	SUB POP	258	258	1
48426	VHF	801	801	1
48427	VERY FRIENDLY	2862	2862	1
48430	PACREC	2660	2660	1
48431	ATP	2491	2491	1
48432	PACREC	2660	2660	1
48433	ANTICON	2090	2090	2
48434	TZADIK	139	139	1
48435	OKKADISK	357	357	1
48436	DELMARK	435	435	1
48438	DELMARK	435	435	1
48440	EREMITE	804	804	1
48441	PLAYSCAPE	2368	2368	1
48442	ATAVISTIC	487	487	1
48443	NINJA TUNE	700	700	1
48444	TZADIK	139	139	1
48445	AMP TRUTH	2934	2934	1
48446	NINJA TUNE	700	700	1
48447	ZOD	2645	2645	1
48449	XL	1833	1833	1
48452	BARSUK	1819	1819	1
48453	NONESUCH	799	799	1
48454	BLOODSHOT	571	571	1
48459	TRUTH AND SOUL	2799	2799	1
48460	THE SOCIAL REGISTRY	2556	2556	3
48461	PARASOL	642	642	1
48464	The Worker's Institute	2927	2927	1
48465	SHADOKS MUSIC	2221	2221	1
48466	DRAG CITY	441	441	1
48467	SHADOKS MUSIC	2221	2221	1
48480	S-S	2224	2224	1
48486	FATBEATS	2928	2928	1
48487	AUDIKA	2631	2631	1
48491	MOLL-SELEKTA	2373	2373	1
48493	OVERCOAT	1669	1669	1
48499	HIT THING	2412	2412	1
48501	CANTALOUPE	2378	2378	1
48502	NONPLACE	2936	2936	1
48503	BLOOD AND FIRE	586	586	1
48505	THRILL JOCKEY	266	266	1
48510	HUUME	2938	2938	1
48511	SONIG	1785	1785	1
48512	NINJA TUNE	700	700	1
48513	FAT CAT	1602	1602	1
48515	SECRETLY CANADIAN	670	670	1
48516	POX WORLD EMPIRE	2163	2163	1
48517	WANTAGE	530	530	1
48519	SUB POP	258	258	2
48520	PICKLED EGG	1919	1919	1
48521	TROUBLEMAN UNLIMITED	858	858	1
48522	WITCHITA	2939	2939	1
48523	ASTHMATIC KITTY	2166	2166	1
48524	TABLE OF THE ELEMENTS	263	263	1
48525	YEP ROC	831	831	1
48526	THRILL JOCKEY	266	266	1
48527	DISCOS MARISCOS	2940	2940	1
48529	MAGIC MARKER	1231	1231	1
48531	BIRDMAN	945	945	1
48532	5 RUE CHRISTINE	1125	1125	1
48533	XL	1833	1833	1
48534	SCREWGUN	818	818	1
48541	BARSUK	1819	1819	1
48542	DARLA	138	138	1
48547	ESSAY	2422	2422	1
48548	ANTENNA FARM	2569	2569	1
48550	MUTE	348	348	1
48551	BAR/NONE	128	128	1
48552	COOKING VINYL	649	649	1
48554	TWENTYSEVEN	2943	2943	1
48557	SONGLINES	137	137	1
48558	NONESUCH	799	799	1
48559	COOKING VINYL	649	649	1
48560	IONIK	2945	2945	1
48561	TRANSMISSION SOUND	2942	2942	1
48562	RED BUTTONS	2948	2948	1
48566	CASTLE/SANCTUARY	2713	2713	1
48569	MERGE	337	337	1
48570	MUTE	348	348	1
48571	WATER	2275	2275	1
48573	NORTH EAST INDIE	1954	1954	1
48575	JAGJAGUWAR	1217	1217	1
48577	ANTICON	2090	2090	1
48578	IMPORTANT	2457	2457	1
48580	GOLD STANDARD LABORATORIES	2041	2041	1
48582	IPECAC	1529	1529	1
48583	THRILL JOCKEY	266	266	1
48584	SUB POP	258	258	1
48585	K	373	373	1
48586	KILL ROCK STARS	374	374	1
48587	TOUCH AND GO	268	268	1
48588	WATER	2275	2275	1
48589	WATER	2275	2275	1
48591	NO QUARTER	2135	2135	1
48592	THIN WRIST	2223	2223	1
48593	BONA FIDE	2932	2932	1
48595	ASTRALWERKS	124	124	1
48596	DFA	2151	2151	1
48597	DFA	2151	2151	1
48598	WORLD PSYCHEDELIA	2764	2764	1
48599	DEF JUX	1948	1948	1
48601	ROOM40	2672	2672	1
48602	BEAT RESEARCH	2950	2950	1
48603	UNIVERSAL	2000	2000	1
48605	482 MUSIC	1958	1958	1
48606	ASPHODEL	502	502	1
48607	MUTABLEMUSIC	1986	1986	1
48608	DRIMALA	1376	1376	1
48609	AERO	2947	2947	1
48610	482 MUSIC	1958	1958	1
48611	GREENLEAF	2941	2941	1
48612	CUNEIFORM	437	437	1
48614	ATAVISTIC	122	122	1
48615	EPITAPH	446	446	1
48624	COUNTERFLOW	2937	2937	1
48625	ABDUCTION	176	176	1
48627	UMBRELLA	1622	1622	1
48628	VERVE	550	550	1
48629	ATAVISTIC	122	122	1
48630	482 MUSIC	1958	1958	1
48631	LOCUST MUSIC	2199	2199	1
48632	DEF JAM	439	439	1
48633	EPITAPH	446	446	1
48635	SOUL JAZZ	1936	1936	1
48637	KRANKY	377	377	1
48638	12ZU	2951	2951	1
48641	LOCUST MUSIC	2199	2199	1
48642	BIRDMAN	945	945	1
48643	NORTHSIDE	927	927	1
48644	WARP	733	733	1
48648	IMPORTANT	2457	2457	1
48649	ROARATORIO	2946	2946	1
48655	MASHIT	2953	2953	1
48656	MASHIT	2953	2953	1
48657	S-S	2224	2224	1
48659	COUNTERFLOW	2937	2937	1
48660	DOMINO	1112	1112	1
48661	SEELAND	290	290	1
48662	DFA	2151	2151	1
48663	CUNEIFORM	437	437	1
48664	SUB ROSA	805	805	1
48665	CHOCOLATE INDUSTRIES	1925	1925	1
48666	-SCAPE	2867	2867	1
48667	QUANNUM PROJECTS	1610	1610	1
48669	KOMPAKT	2306	2306	1
48670	LEAF	1077	1077	1
48671	GHOSTLY INTERNATIONAL	2382	2382	1
48673	QUANNUM PROJECTS	1610	1610	1
48674	OLD HAT	1367	1367	1
48675	RIVERBOAT	2168	2168	1
48676	NORTHSIDE	927	927	1
48677	SMITHSONIAN FOLKWAYS	250	250	1
48678	LOCUST MUSIC	2199	2199	1
48679	XENG	2954	2954	1
48680	ECM	443	443	1
48681	OMNITONE	1961	1961	1
48682	BLOOD AND FIRE	586	586	1
48688	LOAD	539	539	1
48689	RAZOR AND TIE	449	449	1
48690	COOKING VINYL	649	649	1
48691	ALTERNATIVE TENTACLES	113	113	1
48692	YEP ROC	831	831	1
48693	ALTITUDE	2806	2806	1
48694	MERGE	337	337	2
48695	REPRISE	673	673	1
48696	ASTHMATIC KITTY	2166	2166	1
48697	MERGE	337	337	1
48698	DRAG CITY	441	441	1
48699	NINJA TUNE	700	700	1
48701	TZADIK	139	139	1
48703	FAT CAT	1602	1602	1
48705	FACTOR	2963	2963	1
48707	WILLOWTIP	2332	2332	1
48708	HIT THING	2412	2412	1
48709	SOUTHERN LORD	2331	2331	1
48711	MICROBE	1701	1701	1
48712	MUTE	348	348	1
48714	NORTON	355	355	1
48715	BIRDMAN	945	945	1
48716	DRAG CITY	441	441	1
48717	AKARMA	2695	2695	1
48718	AMISH	500	500	1
48719	SKIN GRAFT	245	245	1
48720	SKIN GRAFT	245	245	1
48721	BETTER LOOKING	1867	1867	1
48722	PSYCH-O-PATH	2784	2784	1
48723	SUB POP	258	258	1
48725	BLACK BEAUTY	2470	2470	1
48728	SECRETLY CANADIAN	670	670	1
48729	RESIPISCENT	2967	2967	1
48730	SCAPE	2961	2961	1
48732	VHF	801	801	1
48734	MEGA BLADE	2968	2968	1
48735	HAPNA	2484	2484	1
48736	4 AD	104	104	1
48737	THRILL JOCKEY	266	266	1
48742	BEST FRIEND	2965	2965	1
48743	BARBARY COAST	2959	2959	1
48744	FALL	2964	2964	1
48745	GOMMA	2656	2656	1
48746	ARTS & CRAFTS	2750	2750	1
48747	TAPPERSIZE	1526	1526	1
48748	TROUBLEMAN UNLIMITED	858	858	1
48749	54-40 OR FIGHT	2856	2856	1
48750	MISRA	1629	1629	1
48751	KARAOKE KALK	2734	2734	1
48752	DIAMONDTRAXX	2962	2962	1
48754	BEGGARS BANQUET	129	129	1
48755	ROUGH TRADE	282	282	1
48756	ASPHODEL	502	502	1
48757	ARTS & CRAFTS	2750	2750	1
48758	BRAH	2960	2960	1
48759	IPECAC	1529	1529	1
48760	JAGJAGUWAR	1217	1217	1
48761	SICKROOM	2347	2347	1
48768	5 RUE CHRISTINE	1125	1125	1
48770	STAUBGOLD	2301	2301	1
48772	CARPARK	1692	1692	1
48773	MENLO PARK	1274	1274	2
48775	NINJA TUNE	700	700	1
48776	CHOCOLATE INDUSTRIES	1925	1925	1
48777	ACHE	2710	2710	1
48780	MAX ERNST	2970	2970	1
48781	NOVAMUTE	1107	1107	1
48782	FAMILY VINEYARD	1980	1980	1
48783	NONESUCH	799	799	1
48785	20/20/20	2823	2823	1
48787	DEF JUX	1948	1948	1
48788	ATP	2491	2491	1
48789	NARNACK	2390	2390	1
48790	(self-released)	2782	2782	1
48791	ATLANTIC	123	123	1
48792	AYLER	2835	2835	1
48793	STRANGE ATTRACTORS	1858	1858	1
48794	DOUBLEMOON	2976	2976	1
48796	ALTERNATIVE TENTACLES	113	113	1
48797	NORTON	355	355	1
48798	UNHINGED	2975	2975	1
48799	ROUGH TRADE	282	282	1
48800	THREE RING	2982	2982	1
48801	FAT CAT	1602	1602	1
48802	ALTERNATIVE TENTACLES	113	113	1
48803	KEMADO	2918	2918	2
48804	JAGJAGUWAR	1217	1217	1
48805	TIGERSUSHI	2886	2886	1
48806	PACIFIC RADIO FIRE	2984	2984	1
48807	ALIEN8	1546	1546	1
48808	BURNT TOAST VINYL	1890	1890	1
48809	CALDO VERDE	2980	2980	1
48810	MINT	589	589	1
48811	BU HANAN	2654	2654	1
48812	UUAR	2977	2977	1
48813	SAY HEY	2770	2770	1
48814	NOISE FACTORY	1837	1837	1
48815	KRANKY	377	377	1
48817	MONITOR	1641	1641	1
48818	DOMINO	1112	1112	1
48819	MINTY FRESH	341	341	1
48820	TRUE CLASSICAL	2192	2192	1
48821	SECRETLY CANADIAN	670	670	1
48825	GNOMONSONG	2987	2987	1
48826	GALAXIA	1756	1756	1
48828	SOFT ABUSE	2506	2506	1
48829	NOT NOT FUN	2978	2978	1
48830	FLAMESHOVEL	2351	2351	1
48831	ATP	2491	2491	1
48832	BETTER LOOKING	1867	1867	2
48833	GOLD STANDARD LABORATORIES	2041	2041	1
48836	FRIENDLY FIRE	2986	2986,3001	2
48837	FREE PORCUPINE SOCIETY	2973	2973	1
48839	(self-released)	2782	2782	1
48841	MERGE	337	337	1
48842	VOODOO-EROS	2981	2981	1
48843	TOUCH AND GO	268	268	1
48844	MUSH	2028	2028	1
48845	DESOLATION	2985	2985	1
48846	TEMPORARY RESIDENCE	1570	1570	1
48847	NOISE FACTORY	1837	1837	1
48848	DAPTONE	2112	2112	1
48849	TRUE CLASSICAL	2192	2192	1
48851	MONITOR	1641	1641	1
48852	PI	2357	2357	1
48855	INNOVA	153	153	1
48857	VP	1286	1286	1
48858	MOLL-SELEKTA	2373	2373	1
48862	TIGERBEAT6	2288	2288	1
48863	ROIR	281	281	1
48864	MUSH	2028	2028	1
48865	K7	954	954	1
48866	VERY FRIENDLY	2862	2862	1
48873	REVENANT	880	880	1
48874	COUNTY	690	690	1
48875	FAT CAT	1602	1602	1
48876	SOUNDSCAPE	2974	2974	1
48877	HOPSCOTCH	1645	1645	1
48878	HOPSCOTCH	1645	1645	1
48879	482 MUSIC	1958	1958	1
48881	STRANGE ATTRACTORS	1858	1858	1
48882	HOLY MOUNTAIN	132	132	1
48884	KILL ROCK STARS	374	374	1
48911	CRIPPLED DICK HOT WAX!	901	901	1
48912	JAGJAGUWAR	1217	1217	1
48914	IMPORTANT	2457	2457	1
48916	BURIAL MIX	2989	2989	1
48917	WARP	733	733	2
48920	THIRSTY EAR	808	808	1
48921	AAGOO	2383	2383	1
48922	ALIEN8	1546	1546	1
48924	HYPED 2 DEATH	2700	2700	1
48925	JOHANN'S FACE	1459	1459	1
48928	MISRA	1629	1629	1
48929	RAINBOW QUARTZ/HOUSTON PARTY	2125	2125	1
48934	MONITOR	1641	1641	1
48936	VP	1286	1286	1
48937	NINJA TUNE	700	700	1
48942	EV PRODUCTIONS	2526	2526	1
48943	COUNTERFLOW	2937	2937	1
48944	KILL ROCK STARS/5 RUE CHRISTINE	1126	1126	1
48946	MERGE	337	337	1
48948	YOUNG GOD	1723	1723	1
48950	SILVER MOUNTAIN	2991	2991	1
48951	MATADOR	332	332	1
48952	NINJA TUNE	700	700	1
48953	NINJA TUNE	700	700	1
48955	CONTEXT	2993	2993	1
48975	ABDUCTION	176	176	1
48977	ATP	2491	2491	1
48978	THRILL JOCKEY	266	266	1
48980	TOUCH	929	929	1
48981	NORTH EAST INDIE	1954	1954	1
48982	FREE PORCUPINE SOCIETY	2973	2973	1
48997	RUNE GRAMMOFON	2423	2423	1
49000	TOUCH AND GO	268	268	1
49002	AMISH	500	500	1
49004	DOMINO	1112	1112	1
49005	YEP ROC	831	831	1
49006	VHF	801	801	1
49009	A HIDDEN AGENDA	3023	3023	1
49010	LOCUST MUSIC	2199	2199	1
49011	AUDIO DREGS	1579	1579	1
49012	ANTI-	3004	3004	1
49013	CARPARK	1692	1692	1
49014	TRANSDREAMERS	3003	3003	1
49015	FAT CAT	1602	1602	1
49016	TZADIK	139	139	1
49017	MERGE	337	337	1
49020	POLYVINYL	1198	1198	1
49021	LOVE PUMP	3002	3002	1
49022	ACE FU	1868	1868	1
49023	KILL ROCK STARS	374	374	1
49024	5 RUE CHRISTINE	1125	1125	1
49025	MATADOR	332	332	1
49048	HERESEE	2866	2866	1
49049	SOUTHERN LOVE	2990	2990	1
49056	SUN MOON	2998	2998	1
49057	MAJOR KEY	3000	3000	1
49058	ANGELES	2999	2999	1
49059	TIGERBEAT6	2288	2288	1
49061	WARM	1670	1670	1
49062	CUNEIFORM	437	437	1
49063	VICE	2872	2872	1
49064	BELLA	3010	3010	1
49065	3 BEADS OF SWEAT	2356	2356	1
49066	SECRETLY CANADIAN	670	670	1
49068	SIXSHOOTER	3020	3020	1
49069	STRANGE ATTRACTORS	1858	1858	1
49070	K	373	373	1
49071	GOLD STANDARD LABORATORIES	2041	2041	1
49072	TOO PURE	536	536	1
49074	TOO PURE	536	536	1
49075	ABDUCTION	176	176	1
49078	NEUROT	2197	2197	1
49079	LAST VISIBLE DOG	2808	2808	1
49081	TEMPORARY RESIDENCE	1570	1570	1
49082	BIRDMAN	945	945	1
49083	MISRA	1629	1629	1
49085	FOR T	3026	3026	1
49088	PROJECT BLOWED	318	318	1
49089	ANTICON	2090	2090	1
49090	TOUCH	929	929	1
49092	THE AGRICULTURE	1902	1902	1
49093	DEF JAM	439	439	1
49094	THREE ONE G	2228	2228	1
49096	FAT BEATS	3025	3025	1
49097	COCK ROCK DISCO	2909	2909	1
49098	MITEK	2610	2610	1
49099	HOPSCOTCH	1645	1645	1
49100	AUM FIDELITY	1046	1046	1
49101	TIGERSUSHI	2886	2886	1
49102	FROZEN FOOD SECTION	3014	3014	1
49103	NOISE FACTORY	1837	1837	1
49105	ARC THE FINGER	2619	2619	1
49106	UNDERPOP	3015	3015	1
49107	EXPUNGED	3018	3018	1
49108	WARP	733	733	1
49109	DELICIOUS VINYL	3005	3005	1
49110	(self-released)	2782	2782	1
49111	ASTRALWERKS	124	124	1
49112	STONE'S THROW	1153	1153	1
49113	COUNTRY CLUB	3009	3009	1
49118	LIMEKILN	3011	3011	1
49119	ELEVEN-THIRTY	3012	3012	1
49120	YEP ROC	831	831	2
49121	PAN AMI	3019	3019	1
49123	K	373	373	1
49125	ASTHMATIC KITTY	2166	2166	1
49126	SAVOY JAZZ	2914	2914	1
49127	HOME-TAPES	3006	3006	1
49128	PAW TRACKS	2496	2496	1
49130	MUSIC FELLOWSHIP	3008	3008	1
49132	SHADOKS MUSIC	2221	2221	1
49133	SELF-RELEASED	3007	3007	1
49134	OPC	2994	2994	1
49136	TRONIKS	2997	2997	1
49138	THE SOCIAL REGISTRY	2556	2556	1
49140	SHADOKS MUSIC	2221	2221	1
49141	HOLY MOUNTAIN	132	132	1
49143	JAZZMAN	2411	2411	1
49160	STONE'S THROW	1153	1153	1
49172	KARLOFF	3022	3022	1
49173	SHOCKOUT	3024	3024	1
49175	RAMSEUR	2666	2666	1
49176	FINDERS KEEPERS	2878	2878	2
49177	THIRSTY EAR	808	808	1
49178	NINJA TUNE	700	700	1
49180	THRILL JOCKEY	266	266	1
49181	ATAVISTIC	122	122	1
49182	DOMINO	1112	1112	1
49183	NONESUCH	799	799	1
49184	MINOR7FLAT5	2474	2474	1
49185	MINOR7FLAT5	2474	2474	1
49186	MINOR7FLAT5	2474	2474	1
49187	MOLL-SELEKTA	2373	2373	1
49188	MAN RECORDINGS	2871	2871	1
49190	ATAVISTIC	122	122	1
49194	SOFT ABUSE	2506	2506	1
49195	NINJA TUNE	700	700	1
49196	WESTERN VINYL	2140	2140	1
49197	BACCHUS/DIONYSUS	1114	1114	1
49199	HOLY MOUNTAIN	132	132	1
49202	CHAINSAW	726	726	1
49204	MATADOR	332	332	1
49205	NONESUCH	799	799	1
49206	IMPORTANT	2457	2457	1
49207	HONEST JON'S	2274	2274	1
49208	CANTALOUPE	2378	2378	1
49210	SECRETLY CANADIAN	670	670	1
49212	QUARTERSTICK/TOUCH AND GO	941	941	1
49215	BIRDMAN	945	945	1
49216	ALTERNATIVE TENTACLES	113	113	1
49217	ALIEN8	1546	1546	1
49218	CUNEIFORM	437	437	1
49221	CRYPTOGRAMOPHONE	2150	2150	1
49222	CRYPTOGRAMOPHONE	2150	2150	1
49223	IPECAC	1529	1529	1
49224	DOWNTOWN	3028	3028	1
49225	KOCH	558	558	1
49227	KOCH	558	558	1
49229	ALIEN8	1546	1546	1
49230	SCANDAL BAG	3027	3027	1
49231	DRAG CITY	441	441	1
49235	NONPLACE	2936	2936	2
49236	WARP	733	733	1
49237	HEARTBEAT	399	399	1
49238	CHICKS ON SPEED	2175	2175	1
49239	CARPARK	1692	1692	1
49240	COCK ROCK DISCO	2909	2909	1
49241	BA DA BING!	1110	1110	1
49242	KRANKY	377	377	1
49243	KRANKY	377	377	1
49244	YEP ROC	831	831	1
49245	PICKLED EGG	1919	1919	1
49246	BA DA BING!	1110	1110	1
49247	ABSOLUTELY KOSHER	1487	1487	1
49248	RYKODISC	285	285	1
49249	FAT POSSUM/EPITAPH	828	828	1
49251	MEGA BLADE	2968	2968	1
49252	LOCUST MUSIC	2199	2199	1
49253	SECRETLY CANADIAN	670	670	1
49254	BIG DADA/NINJA TUNE	1646	1646	1
49255	LOAD	539	539	1
49256	EPITAPH	446	446	1
49257	DOMINO	1112	1112	2
49258	NORTH EAST INDIE	1954	1954	1
49259	JAGJAGUWAR	1217	1217	1
49260	DARLA	138	138	1
49261	PACIFIC ROCK	3031	3031	1
49268	BUBBLECORE	654	654	1
49269	VHF	801	801	1
49270	SICKROOM	2347	2347	1
49271	ALIEN8	1546	1546	1
49272	TOO YOUNG TO DIE	3037	3037	1
49273	NARNACK	2390	2390	1
49274	SUICIDE SQUEEZE	999	999	1
49275	CHICKS ON SPEED	2175	2175	1
49276	FAT POSSUM/EPITAPH	828	828	1
49277	RELAPSE	710	710	1
49278	NEW WEST	1945	1945	1
49279	RELAPSE	710	710	1
49280	BRILLE	3034	3034	1
49281	IPECAC	1529	1529	1
49283	BRAH	2960	2960	1
49285	FICTICIOUS	3036	3036	1
49286	DOUBLE AGENT	1178	1178	1
49287	BARSUK	1819	1819	1
49288	KILL ROCK STARS	374	374	1
49289	BRAH	2960	2960	1
49290	DIM MAK	2395	2395	1
49292	SUICIDE SQUEEZE	1461	1461	1
49294	POO-BAH	3047	3047	1
49295	SUGAR HILL	259	259	1
49296	ARHOOLIE	120	120	1
49297	ROUNDER	283	283	1
49298	ANTI-	3004	3004	1
49299	XL	1833	1833	1
49300	ROUNDER	283	283	1
49302	SICKROOM	2347	2347	1
49303	NO TYPE	2813	2813	1
49304	GERN BLANDSTEN	619	619	1
49305	Beta-Lactam Ring	3048	3048	1
49307	JAGJAGUWAR	1217	1217	1
49308	BABYGRANDE	2400	2400	1
49309	NINJA TUNE	700	700	1
49310	BROKLYN BEATS	2386	2386	1
49311	MORR MUSIC	2519	2519	1
49312	BASEMENT	2819	2819	1
49313	RHYMESAYERS/EPITAPH	2533	2533	1
49314	DISGRUNTLED	3039	3039	1
49315	NINJA TUNE	700	700	1
49316	NATURAL HIGH	3038	3038	1
49317	G-STONE	1618	1618,3099	2
49318	ASPHODEL	502	502	1
49319	DEF JAM	439	439	1
49320	EPITAPH	446	446	1
49322	DRAG CITY	441	441	1
49323	DRAG CITY	441	441	1
49324	SOUL JAZZ	1936	1936	1
49327	BLUE NOTE	462	462	1
49328	TOMPKINS SQUARE	3040	3040	1
49329	MATADOR	332	332	1
49330	ACE FU	1868	1868	1
49331	YEP ROC	831	831	1
49332	STUNT	3050	3050	1
49333	HOLY MOUNTAIN	132	132	1
49335	ECSTATIC PEACE!	717	717	1
49338	(self-released)	2782	2782	1
49339	MATADOR	332	332	1
49340	XENG	2954	2954	1
49342	MORR MUSIC	2519	2519	1
49343	INTERSCOPE	365	365	1
49344	GHOSTLY INTERNATIONAL	2382	2382	3
49345	BOX THEORY	3073	3073	1
49347	CARROT TOP	495	495	1
49348	4 AD	104	104	1
49349	GEFFEN	1201	1201	1
49350	CATTLE COMPACT	2304	2304	1
49351	MERGE	337	337	1
49352	CORLEONE	2469	2469	1
49354	DELMARK	435	435	1
49355	STRANGE ATTRACTORS	1858	1858	1
49356	D1ST	3043	3043	1
49357	PLUG RESEARCH	1400	1400	1
49358	DFA	2151	2151	1
49359	MERGE	337	337	1
49360	TREKKY	2635	2635	1
49361	MADRONA	3051	3051	1
49362	SAY HEY	2770	2770	1
49364	CUNEIFORM	437	437	1
49365	CRUCIAL BLAST	2441	2441	1
49366	JAGJAGUWAR	1217	1217	1
49370	MILKING BULL	3042	3042	1
49371	THRILL JOCKEY	266	266	1
49372	SOFT ABUSE	2506	2506	1
49373	TOMLAB	2340	2340	1
49374	GALAPAGOS 4	2747	2747	1
49375	YELLOW TANGERINE	3059	3059	1
49376	MERGE	337	337	1
49378	COCHON	3064	3064	1
49379	VOODOO RHYTHM	1561	1561	1
49381	DRAG CITY	441	441	1
49382	DRAG CITY	441	441	1
49384	MERGE	337	337	1
49385	ASTHMATIC KITTY	2166	2166	1
49386	DiCHRISTINA STAIR BUILDERS	2560	2560	1
49387	5 RUE CHRISTINE	1125	1125	1
49389	BUSINESS DEAL	3063	3063	1
49390	AUDIKA	2631	2631	1
49391	BEGGARS BANQUET	129	129	1
49392	FREE PORCUPINE SOCIETY	2973	2973	1
49393	Indikator	3085	3085	1
49394	IPECAC	1529	1529	1
49396	BIRDMAN	945	945	1
49400	AMISH	500	500	1
49401	CRUCIAL BLAST	2441	2441	1
49403	YEP ROC	831	831	1
49404	COOKING VINYL	649	649	1
49405	LOAD	539	539	1
49406	GHOSTLY INTERNATIONAL	2382	2382	1
49407	RECORD COLLECTION	3079	3079	1
49408	ACHE	2710	2710	1
49409	ANTICON	2090	2090	1
49411	STRANGER TOUCH	3062	3062	1
49412	ESL	2796	2796	1
49413	PLANET MU	2207	2207	1
49414	WARP	733	733	1
49415	TIGERBEAT6	2288	2288	1
49416	TIGERBEAT6	2288	2288	1
49417	WARNER BROTHERS	223	223	1
49418	IPECAC	1529	1529	1
49419	KRANKY	377	377	1
49420	STONE'S THROW	1153	1153	1
49422	DEF JUX	1948	1948	1
49423	CONSTELLATION	1402	1402	1
49425	(self-released)	2782	2782	1
49426	RAMSEUR	2666	2666	1
49427	STAUBGOLD	2301	2301	1
49431	AESTHETICS	1484	1484	1
49432	GREENLEAF	2941	2941	1
49433	CRYPTOGRAMOPHONE	2150	2150	1
49435	SAVOY JAZZ	2914	2914	1
49436	GOLDEN BEAMS	3041	3041	1
49437	(self-released)	2782	2782	1
49438	AMBIANCES MAGNETIQUES/DAME	1479	1479	1
49439	SOUNDS ARE ACTIVE	2263	2263	1
49440	ATAVISTIC	122	122	1
49441	AUM FIDELITY	1046	1046	1
49442	VP	1286	1286	1
49443	VP	1286	1286	1
49444	BAD DADDY	3065	3065	1
49445	VP	1286	1286	1
49446	N2O	3052	3052	1
49447	BARGES	3049	3049	1
49449	INDIELAND	3066	3066	1
49450	PAW TRACKS	2496	2496	1
49452	IPECAC	1529	1529	1
49454	AUTOMATION	3072	3072	1
49455	DFA	2151	2151	1
49456	STONE'S THROW	1153	1153	1
49457	ASPHODEL	502	502	1
49458	TREKKY	2635	2635	1
49459	RHYMESAYERS	2102	2102	1
49461	WARNER BROTHERS	223	223	1
49462	GHOSTLY INTERNATIONAL	2382	2382	1
49464	SIT-N-SPIN	873	873	1
49465	ABATON BOOK COMPANY	2040	2040	1
49466	PAW TRACKS	2496	2496	1
49467	CRIPPLED DICK HOT WAX!	901	901	1
49469	SILBER	1836	1836	1
49470	KILL ROCK STARS	374	374	1
49471	TOUCH AND GO	268	268	1
49472	SILBER	1836	1836	1
49473	NO CAN DO	3071	3071	1
49474	PLANET MU	2207	2207	1
49503	LIGHT IN THE ATTIC	2738	2738	1
49504	WORLD CIRCUIT/NONESUCH	967	967	1
49506	ORANGE TWIN	2058	2058	1
49507	CLOTH MONKEY	3084	3084	1
49509	ASTHMATIC KITTY	2166	2166	1
49515	BROKLYN BEATS	2386	2386	1
49521	LEAF	1077	1077	1
49522	Type	3082	3082	1
49523	PACREC	2660	2660	1
49524	STAUBGOLD	2301	2301	1
49525	CUNEIFORM	437	437	1
49526	CUNEIFORM	437	437	1
49527	RUNE GRAMMOFON	2423	2423	1
49528	UUNITED ACOUSTIC	3078	3078	1
49532	S.A.F.	3086	3086	1
49534	ESSAY	2422	2422	1
49536	ECSTATIC PEACE!	717	717	1
49537	PUBLIC EYESORE	2250	2250	1
49538	SECRETLY CANADIAN	670	670	1
49540	5 RUE CHRISTINE	1125	1125	1
49542	ATP	2491	2491	1
49543	PLANET MU	2207	2207	1
49544	MUTEK	3103	3103	1
49546	TZADIK	139	139	1
49547	RIVBEA	731	731	1
49548	STAUBGOLD	2301	2301	1
49549	FAMILY VINEYARD	1980	1980	1
49551	PI	2357	2357	1
49552	S.A.F.	3086	3086	1
49553	CRUCIAL BLAST	2441	2441	1
49559	WORLD CIRCUIT/NONESUCH	967	967	1
49560	(self-released)	2782	2782	1
49561	KOCH	558	558	1
49562	MARTIN PHILIP	3087	3087	1
49563	(self-released)	2782	2782	1
49565	CONTEXTERRIOR	2346	2346	1
49567	MY KUNG FU	3053	3053	1
49568	FONAL	3107	3107	1
49570	SOUNDS ARE ACTIVE	2263	2263	1
49571	PRAVDA	315	315	1
49572	VHF	801	801	1
49573	XL	1833	1833	1
49574	UUNITED ACOUSTIC	3078	3078	1
49577	(self-released)	2782	2782	1
49578	DRAG CITY	441	441	1
49579	DRAG CITY	441	441	1
49581	Zero Summer	3097	3097	1
49582	NEXSOUND	3108	3108	1
49583	IPECAC	1529	1529	1
49584	FUTURE FARMER	1648	1648	1
49585	GULCHER	2583	2583	1
49586	YIK YAK	3109	3109	1
49588	MERGE	337	337	1
49590	ugEXPLODE	3113	3113	1
49591	MISRA	1629	1629	1
49592	JACOBSMIGEL.COM	3101	3101	1
49593	NORTH STREET	3091	3091	1
49594	LUV N' HAIGHT/UBIQUITY	1242	1242	1
49595	POGUS	305	305	1
49597	TOMLAB	2340	2340	1
49598	QUITE SCIENTIFIC	3116	3116	1
49600	ESSAY	2422	2422	1
49601	SADDLE CREEK	1654	1654	1
49602	ABDUCTION	176	176	2
49603	SUB ROSA	805	805	1
49604	PACREC	2660	2660	1
49605	XI	1904	1904	1
49606	AMBIANCES MAGNETIQUES/DAME	1479	1479	1
49607	PACREC	2660	2660	1
49608	ACE FU	1868	1868	1
49610	AMBIANCES MAGNETIQUES/DAME	1479	1479	1
49613	TYPE	3110	3110	1
49614	SUB ROSA	805	805	1
49615	C3R	3111	3111	1
49616	BBE	2486	2486	1
49617	SMITHSONIAN FOLKWAYS	250	250	1
49619	VAMPISOUL	2892	2892	1
49622	MUSH	2028	2028	1
49623	LO	2014	2014	1
49624	BABYGRANDE	2400	2400	1
49625	N5MD	2667	2667	1
49626	STONE'S THROW	1153	1153	1
49627	Net 31	3094	3094	1
49628	RAWKUS	934	934	1
49629	FINDERS KEEPERS	2878	2878	1
49630	BIG DADA/NINJA TUNE	1646	1646	1
49631	DECON/OKAYPLAYER	2669	2669	1
49632	FORT KNOX	3096	3096	1
49633	482 MUSIC	1958	1958	1
49634	HALF NOTE	3068	3068	1
49635	THIRSTY EAR	808	808	1
49636	UBIQUITY	706	706	1
49637	MACK AVENUE	3093	3093	1
49641	BARSUK	1819	1819	1
49648	YOUNG GOD	1723	1723	1
49649	pfMENTUM	1571	1571	1
49650	CUNEIFORM	437	437	1
49651	PI	2357	2357	1
49652	pfMENTUM	1571	1571	1
49653	SMITHSONIAN FOLKWAYS	250	250	1
49654	Velour	3095	3095	1
49655	ABATON BOOK COMPANY	2040	2040	1
49656	ARHOOLIE	120	120	1
49661	SUB POP	258	258	1
49664	SUB ROSA	805	805	1
49667	859 Recordings	3118	3118	1
49668	MENLO PARK	1274	1274	1
49670	SUB POP	258	258	1
49674	HIT DAT	3120	3120	1
49675	SUB ROSA	805	805	1
49676	LONA	3122	3122	1
49677	PACREC	2660	2660	1
49679	KRANKY	377	377	1
49680	ANTICON	2090	2090	1
49681	PSYCH-O-PATH	2784	2784	1
49682	CONSTELLATION	1402	1402	1
49683	SMITHSONIAN FOLKWAYS	250	250	1
49685	BRU	3102	3102	1
49686	BIRDMAN	945	945	1
49688	ANTI-	3004	3004	1
49689	SKAM	2649	2649	1
49690	VERSATILE	3125	3125	1
49691	VERVE FORECAST	3124	3124	1
49695	TEMPORARY RESIDENCE	1570	1570	1
49696	SHARP WOOD PRODUCTIONS	2683	2683	1
49697	MERGE	337	337	1
49700	BABYGRANDE	2400	2400	1
49701	MUSH	2028	2028	1
49703	MATADOR	332	332	1
49704	STAUBGOLD	2301	2301	1
49705	LOAD	539	539	1
49706	CRUCIAL BLAST	2441	2441	1
49707	VIVO	3147	3147	1
49708	FAT CAT	1602	1602	1
49709	4 AD	104	104	1
49712	307 KNOX	3151	3151	1
49713	UNSOUNDS	2251	2251	1
49714	DE STIJL	3123	3123	1
49715	NONSENSE	3104	3104	1
49717	DFA	2151	2151	1
49720	FAT POSSUM/EPITAPH	828	828	1
49734	ASTRALWERKS	124	124	1
49749	ECLIPSE	2810	2810	1
49758	SICK THIRST	3100	3100	1
49764	ZEST	3132	3132	1
49765	ARHOOLIE	120	120	1
49766	ROADRUNNER	170	170	1
49768	OUT HERE	2906	2906	1
49769	ZEST	3132	3132	1
49770	COLLISION CAUSE CHAP	3080	3080	1
49771	VP	1286	1286	1
49772	CANTALOUPE	2378	2378	1
49774	OM	688	688	1
49776	MASS LINE MEDIA	3142	3142	1
49777	KILL THE DJ	3133	3133	1
49779	ALPHA PUP	3140	3140	1
49780	SMITHSONIAN FOLKWAYS	250	250	1
49781	SHARP WOOD PRODUCTIONS	2683	2683	1
49782	SHARP WOOD PRODUCTIONS	2683	2683	1
49783	RIVERBOAT	2168	2168	1
49784	SUGAR HILL	259	259	1
49785	ROUNDER	283	283	1
49786	ROUNDER	283	283	1
49788	K	373	373	1
49789	4 AD	104	104	1
49790	ALTERNATIVE TENTACLES	113	113	1
49792	CANTALOUPE	2378	2378	1
49795	SUNNYSIDE	2220	2220	1
49796	THRILL JOCKEY	266	266	1
49798	MEGA BLADE	2968	2968	1
49799	RUFF CUT	3074	3074	1
49800	CRYPTOGRAMOPHONE	2150	2150	1
49801	FLYING NOTE	885	885	1
49802	CRAMMED DISKS	776	776	1
49803	ATAVISTIC	122	122	1
49805	TRIKONT	827	827	1
49806	THREE-LOBED	2185	2185	1
49807	SMOG VEIL	2508	2508	1
49808	Ta Da! Records	3105	3105	1
49809	Ta Da! Records	3105	3105	1
49810	TROUBLEMAN UNLIMITED	858	858	1
49811	ACUTE	2316	2316	1
49813	TOMLAB	2340	2340	1
49816	BETA-LACTAM RING	3130	3130	1
49817	AERO	2947	2947	1
49821	FREE PORCUPINE SOCIETY	2973	2973	1
49822	Sheridan Square	3138	3138	1
49824	SOUNDSTAGE 15	3158	3158	1
49825	ROADRUNNER	170	170	1
49826	RELAPSE	710	710	1
49830	YEP ROC	831	831	1
49831	DOMINO	1112	1112	1
49832	BLOODSHOT	571	571	1
49833	MORR MUSIC	2519	2519	1
49835	K	373	373	1
49837	M.C.	1165	1165	1
49838	DRAG CITY	441	441	1
49839	DRAG CITY	441	441	1
49841	INSTINCT	364	364	1
49846	SMITHSONIAN FOLKWAYS	250	250	1
49848	WORLD MUSIC NETWORK	2009	2009	1
49849	SOFT ABUSE	2506	2506	1
49850	HOLY MOUNTAIN	132	132	1
49851	MONOTREME	3157	3157	1
49854	CUNEIFORM	437	437	1
49855	THIRSTY EAR	808	808	1
49858	JAGJAGUWAR	1217	1217	1
49863	KRANKY	377	377	1
49876	ASHMONT	2036	2036	1
49877	NONESUCH	799	799	1
49878	CARPARK	1692	1692	1
49880	KRANKY	377	377	1
49884	FAMILY VINEYARD	1980	1980	1
49886	ASTHMATIC KITTY	2166	2166	1
49888	EVOLVING EAR/PAX	1910	1910	1
49890	CONSTELLATION	1402	1402	1
49892	PAW TRACKS	2496	2496	1
49893	UMBRELLA	1622	1622	1
49894	TYPE	3110	3110	1
49895	TYPE	3110	3110	1
49897	KILL ROCK STARS/5 RUE CHRISTINE	1126	1126	1
49898	MORR MUSIC	2519	2519	1
49899	MONITOR	1641	1641	1
49900	STRANGE ATTRACTORS	1858	1858	1
49902	GALAXIA	1756	1756	1
49903	VAMPISOUL	2892	2892	1
49905	THREE-LOBED	2185	2185	1
49906	INTR.VERSION	3184	3184	1
49907	KRANKY	377	377	1
49908	KRANKY	377	377	1
49909	INTR.VERSION	3184	3184	1
49910	JAGJAGUWAR	1217	1217	1
49911	DRAG CITY	441	441	1
49914	MENLO PARK	1274	1274	1
49916	NO QUARTER	2135	2135	1
49917	IPECAC	1529	1529	1
49918	MERGE	337	337	1
49920	CONSTELLATION	1402	1402	1
49921	RUNE GRAMMOFON	2423	2423	1
49922	SMELLS LIKE	249	249	1
49923	AMISH	500	500	1
49926	SUNBEAM	3155	3155	1
49928	EREMITE	804	804	1
49929	UMBRELLA	1622	1622	1
49931	TIGERBEAT6	2288	2288	1
49933	PSYCH-O-PATH	2784	2784	1
49934	IPECAC	1529	1529	1
49935	LEAF	1077	1077	1
49939	TOMPKINS SQUARE	3040	3040	1
49940	ALPHA PUP	3140	3140	1
49941	EMI	3156	3156	1
49942	COLUMBUS DISCOUNT	3191	3191	1
49943	FAMILY VINEYARD	1980	1980	1
49944	WATER	2275	2275	1
49945	WORLD VILLAGE	1999	1999	1
49946	YEP ROC	831	831	1
49948	DRAG CITY	441	441	1
49949	SECRETLY CANADIAN	670	670	1
49950	POLYVINYL	1198	1198	1
49951	SUB POP	258	258	1
49953	SHRIMPER	295	295	1
49954	ATP	2491	2491	1
49955	MISRA	1629	1629	1
49957	ECSTATIC PEACE!	717	717	1
49958	DiCHRISTINA STAIR BUILDERS	2560	2560	1
49959	KILL ROCK STARS	374	374	1
49960	ACE FU	1868	1868	1
49961	FIRE MUSEUM	3183	3183	1
49964	MAX ERNST	2970	2970	1
49965	THRILL JOCKEY	266	266	1
49967	DALY CITY	3194	3194	1
49968	PRIME SOURCE	3188	3188	1
49969	PI	2357	2357	1
49970	NEW YORK NIGHT TRAIN	3203	3203	1
49971	STANDARD OIL	3204	3204	1
49972	WATER	2275	2275	1
49973	UMA SOUNDS	3201	3201	1
49974	VHF	801	801	1
49975	HIT THING	2412	2412	1
49979	COLUMBUS DISCOUNT	3191	3191	1
49980	5 RUE CHRISTINE	1125	1125	1
49982	CORWOOD INDUSTRIES	479	479	1
49983	XL	1833	1833	1
49985	FAMOUS CLASS	3189	3189	1
49986	N5MD	3171	3171	1
49988	THREE-LOBED	2185	2185	1
49989	PACREC	2660	2660	1
49990	PACREC	2660	2660	1
49991	PACREC	2660	2660	1
49992	KILL ROCK STARS	374	374	1
49993	SILLY BIRD	149	149	1
49994	CLOUD	2059	2059	1
49996	FERMENT PRESS	3176	3176	1
49997	PACREC	2660	2660	1
49998	AMBIANCES MAGNETIQUES	3174	3174	1
50000	MUTABLEMUSIC	3177	3177	1
50001	ALTERNATIVE TENTACLES	113	113	1
50002	DFA	2151	2151	1
50005	MY KUNG FU	3053	3053	1
50006	QUANNUM PROJECTS	1610	1610	1
50008	THIRSTY EAR	808	808	1
50009	CUNEIFORM	437	437	1
50010	CRYPTOGRAMOPHONE	2150	2150	1
50011	TOMPKINS SQUARE	3040	3040	1
50013	BLOODSHOT	571	571	1
50015	ALAS SEIS	3187	3187	1
50016	ORANGE MOUNTAIN	2705	2705	1
50017	RE-UP GANG	3153	3153	1
50020	ABDUCTION	176	176	1
50021	5 RUE CHRISTINE	1125	1125	1
50023	THRILL JOCKEY	266	266	1
50024	GSL	3136	3136	1
50025	CONTROL GROUP	3179	3179	1
50027	SUB POP	258	258	1
50029	LUCKY MADISON	3170	3170	1
50030	V.M.L.	770	770	1
50032	CALDO VERDE	2980	2980	1
50033	VICTO	1195	1195	1
50034	TRUNK	2686	2686	1
50037	HUSH	1842	1842	1
50038	FALL	2964	2964	1
50039	RETARD DISCO	3178	3178	1
50041	DOMINO	1112	1112	1
50042	ESP	2899	2899	1
50043	HOPSCOTCH	1645	1645	1
50045	BLUE CHOPSTICKS	3185	3185	1
50046	SHADOKS MUSIC	2221	2221	1
50048	ANTICON	2090	2090	1
50051	SMITHSONIAN FOLKWAYS	250	250	1
50052	SOUNDSFAMILYRE	2120	2120	1
50053	MDB	3181	3181	1
50054	IN THE RED	960	960	1
50056	K	373	373	1
50057	PAW TRACKS	2496	2496	1
50058	DUST-TO-DIGITAL	2615	2615	1
50060	TOUCH	929	929	1
50061	REPHLEX	675	675	1
50062	EDITIONS MEGO	3207	3207	1
50063	DUST-TO-DIGITAL	2615	2615	1
50064	EM	3169	3169	1
50066	DELMARK	435	435	1
50067	LIGHT IN THE ATTIC	2738	2738	1
50068	AESTHETICS	1484	1484	1
50069	SKROCKI	3215	3215	1
50070	SADDLE CREEK	1654	1654	1
50071	FRENCHKISS	1627	1627	1
50072	LOAD	539	539	1
50074	TUMULT	1985	1985	1
50075	BECALMED	3209	3209	1
50078	COUNTER	3165	3165	1
50079	IPECAC	1529	1529	1
50083	DESOLATION	2985	2985	1
50085	(self-released)	2782	2782	1
50086	METRO BLUE	1041	1041	1
50087	NARNACK	2390	2390	2
50088	ORANGE SOUND	3202	3202	1
50091	THRILL JOCKEY	266	266	1
50092	BOMBAY CONNECTION/NORMAL	3222	3222	1
50093	GUERRILLA REISSUES	3223	3223	1
50095	KRANKY	377	377	1
50096	DRAG CITY	441	441	1
50097	Social Registry	3224	3224	1
50098	DRAG CITY	441	441	1
50099	ALMOST GOLD	3219	3219	1
50100	OHIO STAR MUSIC	3232	3232	1
50101	DRAG CITY	441	441	1
50102	SOFT ABUSE	2506	2506	1
50103	TIRK	3220	3220	1
50104	BA DA BING!	1110	1110	1
50105	TIGERBEAT6	2288	2288	1
50106	SCAPE	2961	2961	1
50107	SUB POP	258	258	1
50110	LOCUST MUSIC	2199	2199	1
50111	KRANKY	377	377	1
50113	SKIN GRAFT	245	245	1
50114	XEMU	3226	3226	1
50115	PICKLED EGG	1919	1919	1
50116	NINJA TUNE	700	700	1
50119	130701/FAT CAT	2639	2639	1
50120	FAT CAT	1602	1602	1
50121	DOMINO	1112	1112	1
50124	NO FUN	3218	3218	1
50125	WEGAWAM	2826	2826	1
50126	QUATERMASS	1929	1929	1
50128	BADABING	158	158	1
50130	ALIEN8	1546	1546	1
50132	FAT CAT	1602	1602	1
50133	NO FUN	3218	3218	1
50136	COMMUNITY LIBRARY	3229	3229	1
50137	SECRET EYE	3228	3228	1
50140	ATAVISTIC	122	122	1
50141	HANNIBAL/RYKODISC	570	570	1
50142	ACHE	2710	2710	1
50144	WRONG MUSIC	3230	3230	1
50145	Iseler	3227	3227	1
50146	MICROCOSM	3231	3231	1
50149	TJAFT	3186	3186	1
50158	NO FUN	3218	3218	1
50159	CANTALOUPE	2378	2378	1
50160	SMITHSONIAN FOLKWAYS	250	250	1
50162	DUCK DOWN	2543	2543	1
50163	FASTLIFE	2907	2907	1
50164	AMALGAM	3234	3234	1
50165	STONE'S THROW	1153	1153	1
50166	AAB/HALL OF JUSTUS	3235	3235	1
50167	MONIKA	2704	2704	1
50170	NINJA TUNE	700	700	1
50172	TRANSMIT SOUND/LEGACY	3237	3237	1
50173	ARTS & CRAFTS	2750	2750	1
50174	MERGE	337	337	1
50175	POX WORLD EMPIRE	2163	2163	1
50177	FINDERS KEEPERS	2878	2878	1
50178	FATCAT	1728	1728	1
50179	FAT CAT	1602	1602	1
50181	ECSTATIC PEACE!	717	717	1
50182	LOAD	539	539	1
50183	NORTON	355	355	1
50184	NOTENUF	2483	2483	1
50185	MERGE	337	337	1
50186	CITY SLANG	3239	3239	1
50187	DRAG CITY	441	441	1
50188	SUNBEAM	3155	3155	1
50189	RAMSEUR	2666	2666	1
50190	AUM FIDELITY	1046	1046	1
50191	TZADIK	139	139	1
50192	ANTI-	3004	3004	1
50194	HANSON	2367	2367	1
50195	HOSPITAL/HANSON	3217	3217	1
50196	TRONIKS	2996	2996	1
50198	SUB POP	258	258	1
50201	SMALLTOWN SUPERSOUND	2244	2244	1
50203	XL	1833	1833	1
50205	YEP ROC	831	831	1
50206	4 AD	104	104	1
50207	MERGE	337	337	1
50208	SOUTHERN LORD	2331	2331	1
50209	REMEDY	3253	3253	1
50210	MERGE	337	337	1
50211	ZOE	2793	2793	1
50213	CONSTELLATION	1402	1402	1
50214	NARNACK	2390	2390	1
50215	YEP ROC	831	831	1
50216	JAGJAGUWAR	1217	1217	1
50217	YEP ROC	831	831	1
50219	TEAM LOVE	3254	3254	1
50220	POX WORLD EMPIRE	2163	2163	1
50221	THRILL JOCKEY	266	266	1
50222	DFA	2151	2151	1
50223	THRILL JOCKEY	266	266	1
50224	EPITAPH	446	446	1
50225	IPECAC	1529	1529	1
50227	CONCORD	3213	3213	1
50229	BBE	2486	2486	1
50230	MINOR7FLAT5	2474	2474	1
50231	pfMENTUM	1571	1571	1
50238	DELMARK	435	435	1
50239	AYLER	2835	2835	1
50242	HYPERDUB	3233	3233	1
50244	WARP	733	733	1
50245	BUBBLECORE	654	654	1
50247	STRANGE ATTRACTORS	1858	1858	1
50248	KRANKY	377	377	1
50250	NUMERO GROUP	2709	2709	1
50252	ATAVISTIC/UNHEARD MUSIC SERIES	3196	3196	1
50253	IN THE RED	960	960	1
50255	ASTHMATIC KITTY	2166	2166	1
50258	MUDDYMITTEN	3241	3241	1
50259	EVER	3240	3240	1
50260	BIFOCAL MEDIA	2011	2011	1
50261	CARPARK	1692	1692	1
50262	N5MD	3171	3171	1
50263	GREYDAY	2572	2572	1
50264	VOODOO RHYTHM	1561	1561	1
50265	SELF-RELEASED	3007	3007	1
50266	MEMPHIS INDUSTRIES	2482	2482	1
50267	HOME TAPES	2511	2511	1
50268	(self-released)	2782	2782	1
50270	HOLY MOUNTAIN	132	132	1
50271	MONITOR	1641	1641	1
50274	NINJA TUNE	700	700	1
50279	KOMPAKT	2306	2306	1
50281	MALASARTES	3211	3211	1
50282	RUNE GRAMMOFON	2423	2423	1
50283	5 RUE CHRISTINE	1125	1125	1
50284	OUT HERE	2906	2906	1
50288	MINOR7FLAT5	2474	2474	1
50289	BOMBAY CONNECTION/NORMAL	3222	3222	1
50291	SHANACHIE	291	291	1
50292	SUBLIME FREQUENCIES	2590	2590	2
50293	SOUNDWAY	2355	2355	1
50294	METRO BLUE	1041	1041	1
50295	METRO BLUE	1041	1041	1
50296	MUSH	2028	2028	1
50297	20/20/20	2823	2823	1
50298	ALIEN8	1546	1546	1
50299	THRILL JOCKEY	266	266	1
50301	DOMINO	1112	1112	1
50311	MARTIN PHILIP	3087	3087	1
50312	ROUNDER	283	283	1
50318	MAD DECENT	3206	3206	1
50319	AD AAD AT	2588	2588	1
50320	QUIET MONEY	3159	3159	1
50321	TIGERBEAT6	2288	2288	1
50322	FATBEATS	2928	2928	1
50323	MERGE	337	337	1
50324	NETTWERK	744	744	1
50326	ANTI-	3004	3004	1
50327	SUB ROSA	805	805	1
50328	FATBEATS	2928	2928	1
50329	LEO	2215	2215	1
50330	MOTHER WEST	3246	3246	1
50331	CITY SALVAGE	3247	3247	1
50332	(self-released)	2782	2782	1
50333	MULATTA	2094	2094	1
50334	BLOODSHOT	571	571	1
50337	SCHOOLMAP	3252	3252	1
50338	MATADOR	332	332	1
50340	MAGNOLIA RECORDING COMPANY	3248	3248	1
50341	YEP ROC	831	831	1
50342	DRAG CITY	441	441	1
50343	NORTON	355	355	1
50344	STARFISH	3245	3245	1
50345	EPITAPH	446	446	1
50346	GREEN STREETS	3264	3264	1
50347	SLEEPER CELL	3268	3268	1
50348	Self-Released	3267	3267	1
50349	BIG DADA	3269	3269	1
50350	DEF JUX	1948	1948	1
50351	ANTI-	3004	3004	1
50352	DUST-TO-DIGITAL	2615	2615	1
50353	STAUBGOLD	2301	2301	1
50355	KARAOKE KALK	3251	3251	1
50358	DRAG CITY	441	441	1
50363	BRICK	2448	2448	1
50364	SHAMAN WORK RECORDINGS	2925	2925	1
50365	YARDLEY POP	3242	3242	1
50366	KAY-DEE	3131	3131	1
50367	ULTRA ECZEMA	3200	3200	1
50368	DOMINO	1112	1112	1
50369	COMMONWEALTH	3161	3161	1
50370	HALF TOOTH	3160	3160	1
50371	OUR SECRET RECORD COMPANY	3265	3265	1
50373	BROKLYN BEATS	2386	2386	1
50376	SUBLIME FREQUENCIES	2590	2590	1
50377	TUFF GONG	3150	3150	1
50378	THE SOCIAL REGISTRY	2556	2556	1
50387	DRAG CITY	441	441	1
50390	TOUCH AND GO	268	268	1
50391	ABSOLUTELY KOSHER	1487	1487	1
50392	DRAG CITY	441	441	1
50393	MERGE	337	337	1
50395	KILL ROCK STARS	374	374	2
50397	DRAG CITY	441	441	1
50398	ANTI-	3004	3004	1
50399	NO FUN	3218	3218	1
50400	NONESUCH	799	799	1
50401	SOCIAL REGISTERY	3266	3266	1
50403	LEAF	1077	1077	1
50404	TEMPORARY RESIDENCE	1570	1570	1
50406	CASEQUARTER	2520	2520	1
50413	SUB POP	258	258	1
50415	ANTI-	3004	3004	1
50416	THRILL JOCKEY	266	266	1
50417	MERGE	337	337	1
50429	URBAN MYTH	3304	3304	1
50433	ASTRALWERKS	124	124	1
50434	HARDLY ART	3315	3315	1
50435	JDUB	3299	3299	1
50436	ELEFANT	3296	3296	1
50437	AFTERNOON	3243	3243	1
50442	SUB POP	258	258	1
50444	SUB POP	258	258	1
50455	KILL ROCK STARS	374	374	1
50456	HOME TAPES	2511	2511	1
50457	RED ROCKETS GLARE	3290	3290	1
50458	YEP ROC	831	831	1
50459	BLADEN COUNTY	3292	3292	1
50460	Hot Rabbit	3291	3291	1
50465	RAD	3323	3323	1
50466	MERGE	337	337	1
50467	JAGJAGUWAR	1217	1217	2
50468	TWISTED NERVE	3328	3328	1
50469	DE STIJL	3123	3123	1
50472	SUB POP	258	258	1
50473	Superfan	3333	3333	1
50474	MERGE	337	337	1
50475	DOMINO	1112	1112	1
50476	MERGE	337	337	1
50477	MATADOR	332	332	1
50486	INDIA ARCHIVE MUSIC	1197	1197	1
50487	CUNEIFORM	437	437	1
50488	HAPNA	2484	2484	1
50489	INDIA ARCHIVE MUSIC	1197	1197	1
50490	NO QUARTER	2135	2135	1
50491	PAW TRACKS	2496	2496	1
50492	HERESEE	2866	2866	1
50493	BURLY TIME	3258	3258	1
50494	BIRDMAN	945	945	1
50495	VHF	801	801	1
50496	YOUNG GOD	1723	1723	1
50497	PACREC/TRONIKS	3263	3263	1
50498	SOUTHERN	447	447	1
50499	PSI	3314	3314	1
50500	NEUROT	2197	2197	1
50501	MUTABLEMUSIC	3177	3177	1
50502	JIVE (JIVE/RCA)	371	371	1
50503	ATP	2491	2491	1
50504	BURLY TIME	3258	3258	1
50505	RAP-A-LOT	325	325	1
50507	BO'WEAVIL	3306	3306	1
50508	ATAVISTIC	122	122	1
50509	CRYPTOGRAMOPHONE	2150	2150	1
50510	ASTRALWERKS	124	124	1
50524	IMPORTANT	2457	2457	1
50525	HONEST JON'S	2274	2274	1
50527	Marriage	3276	3276	1
50528	BA DA BING!	1110	1110	1
50529	JAMAICAN RECORDINGS	3288	3288	1
50530	HYPERDUB	3233	3233	1
50532	TIGERBASS	3313	3313	1
50533	BALIHU	3303	3303	1
50534	SMALLTOWN SUPERSOUND	2244	2244	1
50537	IONIK	2945	2945	1
50539	COLUMBUS DISCOUNT	3191	3191	1
50541	TABLE OF THE ELEMENTS	263	263	1
50542	STRANGE ATTRACTORS	1858	1858	1
50545	DEAD BEAT	3293	3293	1
50547	FAT POSSUM	3281	3281	1
50548	ESSAY	2422	2422	1
50549	LATITUDE/LOCUST MUSIC	2732	2732	1
50550	CORLEONE	2469	2469	1
50551	Universal Republic	3274	3274	1
50552	UPRISING	3273	3273	1
50554	OM	688	688	1
50555	ANTENNA FARM	2569	2569	1
50557	TROUBLEMAN UNLIMITED	858	858	1
50559	NATURE SOUNDS	2515	2515	1
50560	ABB	1416	1416	1
50561	MIX PER MINUTE	3271	3271	1
50562	TEMPA	3308	3308	1
50563	DEFYING MUSICAL BOUNDARIES	3272	3272	1
50569	BIRDMAN	945	945	1
50570	STIFF SLACK	3302	3302	1
50571	THRILL JOCKEY	266	266	1
50572	POLYVINYL	1198	1198	1
50575	PUBLIC EYESORE	2250	2250	1
50577	JAGJAGUWAR	1217	1217	1
50578	CORLEONE	2469	2469	1
50579	HOLIDAYS FOR QUINCE	3238	3238	1
50581	STILLL	3256	3256	1
50585	FATCAT	1728	1728	1
50587	ASTHMATIC KITTY	2166	2166	1
50588	IMPERIAL	3343	3343	1
50590	TRAFFIC	2550	2550	1
50591	AYLER	2835	2835	1
50592	PACREC/TRONIKS	3263	3263	1
50593	TYPE	3110	3110	1
50594	SHITKATAPULT	2327	2327	1
50596	LEX	2213	2213	1
50597	CUNEIFORM	437	437	1
50599	LAMPSE	3305	3305	1
50600	KRANKY	377	377	1
50603	DIM MAK	2395	2395	1
50605	MATADOR	332	332	1
50606	QUANNUM PROJECTS	1610	1610	1
50607	DE STIJL	3123	3123	1
50609	MERGE	337	337	1
50610	LOAD	539	539	1
50611	DEAD CEO	1547	1547	1
50613	WARP	733	733	1
50614	TRUE PANTHER	3279	3279	1
50615	LOAD	539	539	1
50617	AYLER	2835	2835	1
50619	THRILL JOCKEY	266	266	1
50621	TOUCH AND GO	268	268	1
50622	AMISH	500	500	1
50623	PAW TRACKS	2496	2496	1
50626	SUB POP	258	258	1
50631	BIRDMAN	945	945	1
50632	POLYVINYL	1198	1198	1
50633	MONITOR	1641	1641	1
50634	Bedroom Community	3289	3289	1
50635	APOCALYPSE THE APOCALYPSE	3309	3309	1
50636	PACREC/TRONIKS	3263	3263	1
50637	PLANET MU	2207	2207	1
50638	RELEASE THE BATS	3332	3332	1
50639	SUB POP	258	258	1
50640	LOCUST MUSIC	2199	2199	1
50641	MARRIAGE	3310	3310	1
50642	DOMINO	1112	1112	1
50643	COUNTER	3165	3165	1
50644	482 MUSIC	1958	1958	1
50646	RED URBAN	3301	3301	1
50649	TEAM LOVE	3254	3254	1
50650	DOMINO	1112	1112	1
50651	WORLD VILLAGE	1999	1999	1
50652	BURO	3121	3121	1
50653	VAMPISOUL	2892	2892	1
50654	INCUNABULUM	3317	3317	1
50655	STONE'S THROW	1153	1153	2
50656	FINDERS KEEPERS/B-MUSIC	3259	3259	1
50657	STONE'S THROW	1153	1153	1
50658	RAPSTER	2589	2589	1
50659	PLANET MU	2207	2207	1
50661	VHF	801	801	1
50662	SUBLIME FREQUENCIES	2590	2590	1
50663	SUBLIME FREQUENCIES	2590	2590	1
50670	KEMADO	2918	2918	1
50671	SOFT ABUSE	2506	2506	1
50673	7 & T	3340	3340	1
50675	RHINESTONE	3312	3312	1
50676	PUBLIC EYESORE	2250	2250	1
50677	RRR	3321	3321	1
50679	MAN RECORDINGS	2871	2871	1
50680	SOUL JAZZ	1936	1936	2
50684	DAPTONE	2112	2112	1
50685	IPECAC	1529	1529	1
50686	SUICIDE SQUEEZE	999	999	1
50687	FAT CAT	1602	1602	1
50688	TOUCH	929	929	1
50689	KILL ROCK STARS	374	374	1
50690	PEEK-A-BOO	528	528	1
50691	KILL ROCK STARS	374	374	1
50692	RELAPSE	710	710	1
50694	VIOLENT TURD	2638	2638	2
50695	DEF JUX	1948	1948	1
50697	SICK WID IT	3327	3327	1
50698	WARP	733	733	1
50700	STERN'S AFRICA	1316	1316	1
50701	YAALA YAALA	3307	3307	1
50702	SONIG	1785	1785	1
50704	LOAD	539	539	1
50705	LEX	2213	2213	1
50706	HANSON	2367	2367	1
50707	KOMPAKT	2306	2306	1
50711	HYPERDUB	3233	3233	1
50712	KILL ROCK STARS	374	374	1
50713	ECSTATIC PEACE!	717	717	1
50714	MULATTA	2094	2094	1
50715	GREENSLEEVES	2297	2297	1
50716	IN THE RED	960	960	1
50717	BUDA MUSIQUE	3325	3325	1
50718	BIG DADA	3269	3269	1
50719	SONIG	1785	1785	1
50720	TOMLAB	2340	2340	1
50721	KILL ROCK STARS	374	374	1
50722	RAWKUS	934	934	1
50723	TOMLAB	2340	2340	1
50724	DUNYA/FELMAY	1519	1519	1
50726	STONE'S THROW	1153	1153	1
50727	SMALLTOWN SUPERJAZZ	3331	3331	1
50728	RHYMESAYERS	2102	2102	1
50729	BLOSSOMING NOISE	3320	3320	1
50730	FALLOUT	3287	3287	1
50731	STONE'S THROW	1153	1153	1
50732	BREAK'N RECORDS	3300	3300	1
50734	AUM FIDELITY	1046	1046	1
50735	AMBIANCES MAGNETIQUES	3174	3174	1
50736	AMBIANCES MAGNETIQUES	3174	3174	1
50737	AMBIANCES MAGNETIQUES	3174	3174	1
50739	YAALA YAALA	3307	3307	1
50750	YOUNG GOD	1723	1723	1
50751	POLYVINYL	1198	1198	1
50752	XL	1833	1833	1
50753	BA DA BING!	1110	1110	1
50754	DEAD OCEANS	3326	3326	1
50755	PAW TRACKS	2496	2496	1
50756	BONA FIDE	2932	2932	1
50757	FROG STAND	3334	3334	1
50758	THRILL JOCKEY	266	266	1
50760	SUB POP	258	258	1
50761	MAGPIE	3335	3335	1
50762	K	373	373	1
50763	ECSTATIC PEACE!	717	717	1
50764	DEAD OCEANS	3326	3326	1
50765	VHF	801	801	1
50766	Audio 8	3275	3275	1
50767	GNOMONSONG	2987	2987	1
50770	SUB POP	258	258	1
50771	FAMILY VINEYARD	1980	1980	1
50772	LAST VISIBLE DOG	2808	2808	1
50779	RELAPSE	710	710	1
50780	SOUTHERN LORD	2331	2331	1
50781	RELAPSE	710	710	1
50782	KASS/JAMPS	3349	3349	1
50783	CRAMMED DISKS	776	776	1
50785	CRAMMED DISCS/ESSAY	3342	3342	1
50786	WORLD VILLAGE	1999	1999	1
50787	ANIMAL DISGUISE	3190	3190	1
50788	NO FUN	3218	3218	1
50789	FREQUE NC	2658	2658	1
50806	SADDLE CREEK	1654	1654	1
50808	HAPPY HAPPY BIRTHDAY TO ME	3284	3284	1
50809	PRAVDA	315	315	1
50810	SECRET CITY	3283	3283	1
50811	HALL OF RECORDS/HUMAN EAR MUSIC	3346	3346	1
50812	8TH House	3339	3339	1
50813	PI	2357	2357	1
50814	ESP	2899	2899	1
50815	TZADIK	139	139	1
50819	ACE	1128	1128	1
50820	ABB	1416	1416	1
50821	STONE'S THROW	1153	1153	1
50822	DEF JUX	1948	1948	1
50824	SOUL JAZZ	1936	1936	1
50825	CLASS A/DAY BY DAY	3344	3344	1
50832	TREKKY	2635	2635	1
50833	DUSTY GROOVE AMERICA	3345	3345	1
50835	FAMILY VINEYARD	1980	1980	1
50836	EMANEM	3262	3262	1
50837	AYLER	2835	2835	1
50838	EV PRODUCTIONS	2526	2526	1
50839	PAW TRACKS	2496	2496	1
50840	MATADOR	332	332	1
50841	CONSTELLATION	1402	1402	1
50843	PEACEFROG/KEMADO	3361	3361	1
50844	K	373	373	1
50846	DOMINO	1112	1112	1
50847	GoJohnnyGo	3354	3354	1
50848	JAGJAGUWAR	1217	1217	1
50851	ERNEST JENNING RECORD CO.	2265	2265	1
50854	LEAF	1077	1077	1
50855	SILVER MOUNTAIN	2991	2991	1
50857	HONEST JON'S	2274	2274	1
50860	XL	1833	1833	1
50861	DE STIJL	3123	3123	1
50863	CARPARK	1692	1692	1
50864	XI	1904	1904	1
50866	PLANET MU	2207	2207	1
50867	ANTICON	2090	2090	1
50868	SMALLTOWN SUPERJAZZ	3331	3331	1
50876	TOMLAB	2340	2340	1
50879	KRANKY	377	377	1
50880	KEMADO	2918	2918	1
50881	TRONIKS	2996	2996	1
50882	TOMLAB	2340	2340	1
50885	PUBLIC EYESORE	2250	2250	1
50886	ATAVISTIC	122	122	2
50887	EXTREME	406	406	1
50888	NO TYPE	2813	2813	1
50889	ASTHMATIC KITTY	2166	2166	1
50890	ILLEGAL ART	1997	1997	1
50891	VICE	2872	2872	1
50892	SAVING GRACE	3336	3336	1
50893	BYG/ACTUEL	3338	3338	1
50894	NINJA TUNE	700	700	1
50895	WERK	3347	3347	1
50896	HYPERDUB	3233	3233	1
50898	ALPHA PUP	3140	3140	1
50899	HALFTOOTH	2696	2696	1
50900	WARP	733	733	1
50901	COMBINATION	3348	3348	1
50902	FREQUE NC	2658	2658	1
50904	STONE'S THROW	1153	1153	1
50905	DIGITALIS	2921	2921	1
50907	KRANKY	377	377	1
50908	20/20/20	2823	2823	1
50909	COLD SWEAT	3351	3351	1
50910	BELOW PDX	3356	3356	1
50911	SOCIAL REGISTERY	3266	3266	1
50912	DRAG CITY	441	441	1
50913	(self-released)	2782	2782	1
50914	TEMPORARY RESIDENCE	1570	1570	1
50916	ABDUCTION	176	176	1
50917	(self-released)	2782	2782	1
50921	KAY-DEE	3131	3131	1
50922	KAY-DEE	3131	3131	1
50923	MATADOR	332	332	1
50924	HYPERDUB	3233	3233	1
50926	RAP-A-LOT	325	325	1
50927	DICRISTINA/SPINNEY	3379	3379	1
50928	MUTE	348	348	1
50929	TEMPORARY RESIDENCE	1570	1570	1
50930	QUARTERSTICK	3360	3360	1
50932	WARP	733	733	1
50935	PROSTHETIC	3359	3359	1
50936	LAST VISIBLE DOG	2808	2808	1
50937	KRANKY	377	377	1
50938	NINJA TUNE	700	700	1
50939	BGP/ACE	3358	3358	1
50946	HIGH TWO	2684	2684	1
50950	EMPEROR JONES	600	600	1
50951	NUMERO GROUP	2709	2709	1
50954	BRAH	2960	2960	1
50964	KRANKY	377	377	1
50965	KRANKY	377	377	1
50966	DIGITALIS	2921	2921	1
50967	TRAFFIC/SLEEPING BAG	3368	3368	1
50970	TEXTILE	2729	2729	1
50971	COMPANION	3369	3369	1
50972	DIGITALIS	2921	2921	1
50973	DRAG CITY	441	441	1
50974	FATCAT	1728	1728	1
50975	VHF	801	801	1
50976	KRANKY	377	377	1
50977	WE ARE FREE	3381	3381	1
50983	SUBLIME FREQUENCIES	2590	2590	1
50984	ELISION FIELDS	3363	3363	1
50986	PUBLIC EYESORE	2250	2250	1
50987	LOCUST MUSIC	2199	2199	1
50992	THRILL JOCKEY	266	266	1
50993	LEX	2213	2213	1
50995	DUST-TO-DIGITAL	2615	2615	1
50996	DUST-TO-DIGITAL	2615	2615	1
50997	LOTUS MUSIC	3353	3353	1
50998	TERP	2827	2827	1
50999	MISSISSIPPI	3352	3352	1
51000	CARPARK	1692	1692	1
51001	JAGJAGUWAR	1217	1217	1
51002	(self-released)	2782	2782	1
51003	URCK ARM RECORDINGS	3364	3364	1
51004	IN THE RED	960	960	1
51005	NONESUCH	799	799	1
51006	COLUMBIA	468	468	1
51007	4 AD	104	104	1
51008	MERGE	337	337	1
51010	MATADOR	332	332	1
51017	FLYING NOTE	885	885	1
51019	SUB POP	258	258	1
51023	VICE	2872	2872	1
51024	ROUGH TRADE	282	282	1
51026	XL	1833	1833	1
51027	ALL HAIL	3380	3380	1
51028	DOMINO	1112	1112	1
51029	POLYVINYL	1198	1198	1
51030	SUB POP	258	258	1
51031	ATAVISTIC	122	122	1
51032	CLEAN FEED	3374	3374	1
51033	OKKADISK	357	357	1
51040	SILTBREEZE	298	298	1
51044	ANTI-/EPITAPH	2093	2093	1
51045	BAD TASTE	3367	3367	1
51046	HOSS	3365	3365	1
51047	DEF JAM	439	439	1
51048	ASHENAFI	3366	3366	1
51049	PLANARIA	2421	2421	1
51050	AZUL	3362	3362	1
51051	CUNEIFORM	437	437	1
51052	TERP	2827	2827	1
51053	TOUCH	929	929	1
51057	DEAD OCEANS	3326	3326	1
51071	MERGE	337	337	1
51073	MOLL	3376	3376	1
51075	CONSTELLATION	1402	1402	1
51077	HELICOPTER	3350	3350	1
51078	HYMNS	3318	3318	1
51079	ECHO BEACH	2845	2845	1
51080	EM	3169	3169	1
51082	PRESSURE SOUNDS	2375	2375	1
51083	BUDA MUSIQUE	3325	3325	1
51084	ANIMAL DISGUISE	3190	3190	1
51086	FREQUE NC	2658	2658	1
51087	PLANET MU	2207	2207	1
51088	VAMPISOUL	2892	2892	1
51090	DFA	2151	2151	1
51091	SMALLTOWN SUPERJAZZZ	3355	3355	1
51092	TOMLAB	2340	2340	1
51093	BUDA	1356	1356	1
51094	DUNYA/FELMAY	1519	1519	1
51116	MORR MUSIC	2519	2519	1
51119	K	373	373	1
51120	THRILL JOCKEY	266	266	1
51131	DRAG CITY	441	441	1
51132	MERGE	337	337	1
51133	M80	3386	3386	1
51134	BIRDMAN	945	945	1
51135	HAPNA	2484	2484	1
51136	MATADOR	332	332	1
51137	ANTI-	3004	3004	1
51138	NO FUN	3218	3218	1
51140	ALIEN8	1546	1546	1
51142	AUTOBUS	3385	3385	1
51143	NINJA TUNE	700	700	1
51144	NO FUN	3218	3218	1
51145	S-S	2224	2224	1
51146	DUST-TO-DIGITAL	2615	2615	3
51148	TZADIK	139	139	1
51149	D'Autres Cordes	3405	3405	1
51150	CANTALOUPE	2378	2378	1
51151	MUTABLEMUSIC	3177	3177	1
51152	KEMADO	2918	2918	1
51154	ASTERISK/NUMERO GROUP	3390	3390	1
51155	MIDDAY	3389	3389	1
51156	FABRIC	2614	2614	1
51157	GREASE	3383	3383	1
51160	LEX	2213	2213	1
51163	FUNKAPHILADELPHIA	3021	3021	1
51165	DEATHBOMB ARC	2354	2354	1
51167	DEATHBOMB ARC	2354	2354	1
51168	ORANGE TWIN	2058	2058	1
51169	EVER	3240	3240	1
51170	TIGERSUSHI	2886	2886	1
51172	UNSEEN WORLDS	3408	3408	1
51173	IN TONE	3372	3372	1
51175	D'AUTRES CORDES	3406	3406	1
51178	ROUGH TRADE	282	282	1
51179	CONSTELLATION	1402	1402	1
51181	YEP ROC	831	831	1
51182	CUNEIFORM	437	437	1
51184	FALLOUT	3287	3287	1
51185	CUNEIFORM	437	437	1
51186	AUM FIDELITY	1046	1046	1
51187	REEL RECORDINGS	3400	3400	1
51188	AMBIANCES MAGNETIQUES	3174	3174	1
51189	JUSTIN TIME	3384	3384	1
51190	ATAVISTIC	122	122	1
51191	KRAZY KAT	1162	1162	1
51195	SMALLTOWN SUPERJAZZZ	3355	3355	1
51196	NEUROT	2197	2197	1
51198	TABLE OF THE ELEMENTS	263	263	1
51199	SUB ROSA	805	805	1
51200	DOMINO	1112	1112	1
51201	PI	2357	2357	1
51203	BEAR FAMILY	966	966	1
51213	SOCIAL REGISTERY	3266	3266	1
51214	KILL ROCK STARS	374	374	1
51215	SUB POP	258	258	1
51217	S.A.F.	3086	3086	1
51218	RAMSEUR	2666	2666	1
51219	MINUS	3378	3378	1
51220	DEF JUX	1948	1948	1
51221	ATLANTIC	123	123	1
51224	MOLL-SELEKTA	2373	2373	1
51227	NINJA TUNE	700	700	1
51229	PRESSURE SOUNDS	2375	2375	1
51230	SICK WID IT	3327	3327	1
51231	LOCUST MUSIC	2199	2199	1
51232	BASIC REPLAY	2661	2661	1
51233	LAST VISIBLE DOG	2808	2808	1
51234	MISSISSIPPI	3352	3352	1
51236	WEIRD FOREST	3391	3391	1
51240	GRANT'S TOMB	3081	3081	1
51241	SOCIAL REGISTERY	3266	3266	1
51244	DEAD OCEANS	3326	3326	1
51245	Whistler	3401	3401	1
51246	RETARD DISCO	3178	3178	1
51247	Type	3082	3082	1
51248	POGUS	305	305	1
51251	Exo	3402	3402	1
51252	ASTHMATIC KITTY	2166	2166	1
51253	DUNYA/FELMAY	1519	1519	1
51259	AIR MAIL MUSIC	2293	2293	1
51260	BYO	1130	1130	1
51264	FUSETRON	2757	2757	1
51265	DIGITALIS	2921	2921	1
51266	KEMADO	2918	2918	1
51267	MATADOR	332	332	1
51268	CONSTELLATION	1402	1402	1
51270	KEMADO	2918	2918	1
51287	HIGHTONE	398	398	1
51290	CELLO/SIRE	1644	1644	1
51291	MUSIC MAKER	2547	2547	1
51300	FAT POSSUM/EPITAPH	828	828	1
51301	FAT POSSUM/EPITAPH	828	828	1
51324	YAZOO	239	239	2
51351	SMITHSONIAN FOLKWAYS	250	250	1
51357	BULLSEYE BLUES AND JAZZ	1194	1194	1
51358	32 JAZZ	807	807	1
51367	POLYGRAM	308	308	1
51371	DELMARK	435	435	1
51375	TERMINUS	2079	2079	1
51376	MUSIC MAKER	2547	2547	1
51386	ADELPHI	871	871	1
51387	FAT POSSUM/EPITAPH	828	828	1
51390	FAT POSSUM/EPITAPH	828	828	1
51392	ARHOOLIE	120	120	1
51394	FAT POSSUM/EPITAPH	828	828	1
51395	FAT POSSUM/EPITAPH	828	828	1
51407	ALLIGATOR	112	112	1
51409	ALLIGATOR	112	112	1
51426	BULLSEYE BLUES AND JAZZ	1194	1194	1
51429	BULLSEYE BLUES AND JAZZ	1194	1194	1
51432	NORTON	355	355	1
51450	ARHOOLIE	120	120	1
51468	FAST HORSE	2323	2323	1
51473	WORLD ARBITER	1850	1850	1
51484	ARHOOLIE	120	120	1
51487	FAT POSSUM/EPITAPH	828	828	1
51497	SMITHSONIAN FOLKWAYS	250	250	1
51504	DELMARK	435	435	1
51514	FAT POSSUM/EPITAPH	828	828	1
51515	FAT POSSUM/EPITAPH	828	828	1
51516	HERITAGE	2711	2711	1
51526	FUEL 2000	1875	1875	1
51529	FLY	1472	1472	1
51530	CELLO/SIRE	1644	1644	1
51531	NUMERO GROUP/HOLY SPIRIT	4357	4357	1
51537	HIGHTONE	398	398	1
51539	ACE	1128	1128	1
51555	SILVERTONE	1971	1971	1
51567	NORTON	355	355	1
51576	ALLIGATOR	112	112	1
51577	ROUNDER	283	283	1
51603	219	2655	2655	1
51609	CELLO/SIRE	1644	1644	1
51612	MUSIC MAKER	2547	2547	1
51616	ALLIGATOR	112	112	1
51694	BEATVILLE	1466	1466	1
51696	ARHOOLIE	120	120	1
51697	ALLIGATOR	112	112	1
51720	YAZOO	239	239	1
51728	M.C.	1165	1165	1
51749	FAT POSSUM/EPITAPH	828	828	1
51756	FAT POSSUM/EPITAPH	828	828	1
51757	FAT POSSUM/EPITAPH	828	828	1
51812	SMITHSONIAN FOLKWAYS	250	250	1
51820	FUEL 2000	1875	1875	1
51825	ADELPHI/GENES	1085	1085	1
51826	ADELPHI	871	871	1
51827	FAT POSSUM/EPITAPH	828	828	1
51829	KENT/ACE	2211	2211	1
51843	ARHOOLIE	120	120	1
51860	ARHOOLIE	120	120	1
51873	FUEL 2000	1875	1875	1
51874	DELMARK	435	435	1
51875	ROOSTER BLUES	1790	1790	1
51890	MUSIC MAKER	2547	2547	1
51898	FUEL 2000	1875	1875	1
51899	DOCUMENT	745	745	1
51901	DELMARK	435	435	1
51913	FAT POSSUM/EPITAPH	828	828	1
51932	DELMARK	435	435	1
51934	SUNDAZED	164	164	1
51943	NORTON	355	355	1
51945	LOST GOLD	1528	1528	1
51947	SYMPATHY FOR THE RECORD INDUSTRY	261	261	1
51962	BULLSEYE BLUES AND JAZZ	1194	1194	1
51970	FAT POSSUM/EPITAPH	828	828	1
51971	FAT POSSUM/EPITAPH	828	828	1
51972	32 JAZZ	807	807	1
51983	RYKODISC	285	285	1
52011	ANALOGUE PRODUCTIONS	1989	1989	1
52030	FUEL 2000	1875	1875	1
52039	SHANGRI-LA PROJECTS	1677	1677	1
52049	ZOMBA	1905	1905	1
52073	HIGHTONE	398	398	1
52085	MUSIC MAKER	2547	2547	1
52086	YAZOO	239	239	2
52100	FAT POSSUM/EPITAPH	828	828	1
52101	ROOSTER BLUES	1790	1790	1
52105	DELMARK	435	435	1
52116	ALLIGATOR	112	112	1
52122	ALLIGATOR	112	112	1
52148	ANALOGUE PRODUCTIONS	1989	1989	1
52198	RHINO	275	275	1
52200	FAT POSSUM/EPITAPH	828	828	1
52214	FUEL 2000	1875	1875	1
52229	BULLSEYE BLUES AND JAZZ	1194	1194	1
52234	EVIDENCE	427	427	1
52235	ARHOOLIE	120	120	1
52240	FAT POSSUM/EPITAPH	828	828	1
52241	ARHOOLIE	120	120	1
52255	SUNDAZED	164	164	1
52325	STOMPIN'	1619	1619	1
52375	ROUNDER	283	283	1
52378	HIGHTONE	398	398	1
52379	ROUNDER	283	283	1
52384	MCA	333	333	1
52385	SMITHSONIAN FOLKWAYS	250	250	1
52386	EVIDENCE	427	427	1
52387	GNP/CRESCENDO	1427	1427	1
52388	HIGHWATER REC. CO.c/o of DR. DAVID EVANS	388	388	1
52394	YAZOO	239	239	1
52396	SILVERWOLF	1791	1791	1
52397	32 JAZZ	807	807	1
52402	FUEL 2000	1875	1875	1
52403	TRIKONT	827	827	2
52431	ACE	1128	1128	1
52433	THE SIRENS	2188	2188	1
52434	THE SIRENS	2188	2188	1
52436	KENT/ACE	2211	2211	1
52437	DOCUMENT	745	745	1
52438	DOCUMENT	745	745	1
52439	TRIKONT	827	827	1
52441	DELMARK	435	435	1
52443	EL TORO R&B	2398	2398	1
52445	NORTON	355	355	1
52447	DOCUMENT	745	745	1
52448	THE SIRENS	2188	2188	1
52449	BIRDMAN	945	945	1
52452	CMF/LOST HIGHWAY	2622	2622	1
52453	ROUNDER	283	283	1
52454	ACE	1128	1128	1
52455	ACE	1128	1128	1
52456	DELMARK	435	435	1
52457	ARCANIA INTERNATIONAL	1876	1876	1
52458	ARCANIA INTERNATIONAL	1876	1876	2
52464	SOUL JAZZ	1936	1936	1
52468	JSP	2762	2762	1
52486	SHANACHIE	291	291	1
52487	INDIGEDISC	1975	1975	1
52488	ELLIPSIS ARTS	210	210	1
52491	STERN'S AFRICA	1316	1316	1
52493	NARADA	1266	1266	1
52498	NONESUCH	799	799	1
52499	NINJA TUNE	700	700	1
52500	NINJA TUNE	700	700	1
52501	DAPTONE	2112	2112	1
52502	ROPEADOPE	2069	2069	1
52503	AFROSOUND	2912	2912	1
52515	SIX DEGREES	722	722	1
52517	STERN'S AFRICA	1316	1316	1
52521	INTUITION	1378	1378	1
52525	LUSAFRICA	1974	1974	1
52526	TIMES SQUARE	2152	2152	1
52527	WORLD CIRCUIT/NONESUCH	967	967	1
52532	STRUT	1941	1941	1
52535	PIRANHA	2086	2086	1
52536	PALM PICTURES	1448	1448	1
52548	HANNIBAL/RYKODISC	570	570	1
52554	WICKLOW	1395	1395	1
52556	SHANACHIE	291	291	1
52557	TINDER	583	583	1
52562	SOUNDS TRUE	1158	1158	1
52567	TERP	2827	2827	1
52569	INTUITION	1378	1378	1
52570	INDIGO	1788	1788	1
52575	NONESUCH	799	799	1
52576	BMG	841	841	1
52577	WINDHAM HILL	2032	2032	1
52578	BLUEBIRD/RCA	2399	2399	1
52588	LUSAFRICA	1974	1974	1
52590	PIRANHA	2086	2086	1
52591	TINDER	583	583	1
52593	WORLD MUSIC NETWORK	2009	2009	1
52594	BLUE MONSTER	2299	2299	1
52595	PIAS	2054	2054	1
52596	BUDA	1356	1356	1
52599	Zehra	6001	6001	1
52605	ALULA	845	845	1
52608	INTUITION	1378	1378	1
52609	INTUITION	1378	1378	1
52611	DUNYA/FELMAY	1519	1519	1
52612	INDIGEDISC	1975	1975	1
52624	RIVERBOAT	2168	2168	1
52630	TINDER	583	583	1
52632	WORLD VILLAGE	1999	1999	1
52649	DUNYA/FELMAY	1519	1519	1
52651	PUTUMAYO	1119	1119	1
52652	ALULA	845	845	1
52653	WORLD VILLAGE	1999	1999	1
52654	INDIGO	1788	1788	1
52660	CRAMMED DISKS	776	776	1
52684	PIRANHA	2086	2086	1
52689	MCA	333	333	1
52690	MCA	333	333	1
52704	RIVERBOAT	2168	2168	1
52720	WORLD CIRCUIT/NONESUCH	967	967	1
52744	ANONYM	1899	1899	1
52752	PALM PICTURES	1448	1448	1
52767	SUB ROSA	805	805	1
52791	TINDER	583	583	1
52801	ALULA	845	845	1
52808	NONESUCH	799	799	1
52811	WORLD VILLAGE	1999	1999	1
52815	SOFA DISK/PLUG RESEARCH	2428	2428	1
52819	COMPASS	1449	1449	1
52820	WORLD MUSIC NETWORK	2009	2009	1
52823	ANONYM	1899	1899	1
52825	YPSILANTI	2768	2768	1
52828	LUSAFRICA	1974	1974	1
52830	LATITUDE/LOCUST MUSIC	2732	2732	1
52831	INNOVA	153	153	1
52843	WORLD CIRCUIT/NONESUCH	967	967	1
52844	WORLD CIRCUIT/NONESUCH	967	967	1
52846	INDIGEDISC	1975	1975	1
52852	WORLD CIRCUIT/NONESUCH	967	967	1
52856	HANNIBAL/RYKODISC	570	570	1
52863	WORLD CIRCUIT/NONESUCH	967	967	1
52868	INTUITION	1378	1378	1
52873	LABEL BLEU	1967	1967	1
52875	SHARP WOOD PRODUCTIONS	2683	2683	1
52880	SHANACHIE	291	291	1
52886	Mississippi Records	6875	6875	1
52887	LABEL BLEU	1967	1967	1
52895	XENOPHILE	645	645	1
52896	TRILOKA	271	271	1
52904	WORLD VILLAGE	1999	1999	1
52911	HANNIBAL/RYKODISC	570	570	1
52912	WORLD CIRCUIT/NONESUCH	967	967	1
52914	WORLD CIRCUIT/NONESUCH	967	967	1
52915	WORLD CIRCUIT/NONESUCH	967	967	1
52922	self-released	853	853	1
52925	NONESUCH	799	799	1
52927	MARABI	2442	2442	1
52929	WORLD VILLAGE	1999	1999	1
52932	WORLD MUSIC NETWORK	2009	2009	1
52944	LUAKA BOP	382	382	1
52998	BUDA	1356	1356	1
53007	SHANACHIE	291	291	1
53023	BUDA	1356	1356	1
53025	BUDA	1356	1356	1
53027	BUDA	1356	1356	1
53039	TINDER	583	583	1
53041	RYKODISC	285	285	1
53043	ROUNDER	283	283	1
53044	SOUNDS TRUE	1158	1158	1
53045	ROUNDER	283	283	1
53047	PUTUMAYO	1119	1119	1
53051	BUDA MUSIQUE	3325	3325	1
53052	ROUNDER	283	283	1
53054	SMITHSONIAN FOLKWAYS	250	250	1
53056	WORLD ARBITER	1850	1850	1
53057	ROUNDER	283	283	1
53058	SIX DEGREES	722	722	1
53059	SHANACHIE	291	291	1
53060	COMET	1943	1943	1
53062	EXPLOSIVE ENTERTAINMENT	2037	2037	1
53063	LUSAFRICA	1974	1974	1
53067	STRUT	1941	1941	1
53069	AFRODISIAC	2194	2194	1
53070	TRIKONT	827	827	1
53071	SMITHSONIAN FOLKWAYS	250	250	1
53072	AIR MAIL MUSIC	2293	2293	1
53073	AIR MAIL MUSIC	2293	2293	1
53075	LE CHANT DU MONDE	2317	2317	1
53077	SHANACHIE	291	291	1
53078	SOUNDWAY	2355	2355	2
53080	WERGO	2468	2468	1
53081	WERGO	2468	2468	1
53083	SMITHSONIAN FOLKWAYS	250	250	1
53084	SMITHSONIAN FOLKWAYS	250	250	1
53089	SUBLIME FREQUENCIES	2590	2590	1
53091	SHARP WOOD PRODUCTIONS	2683	2683	1
53093	SHARP WOOD PRODUCTIONS	2683	2683	1
53094	SOUNDWAY	2355	2355	1
53095	SUBLIME FREQUENCIES	2590	2590	1
53096	FOLLOW ME	2715	2715	1
53097	SHARP WOOD PRODUCTIONS	2683	2683	2
53098	LATITUDE/LOCUST MUSIC	2732	2732	1
53100	TRIKONT	827	827	1
53102	OUT HERE	2906	2906	1
53103	HONEST JON'S	2274	2274	1
53105	WORLD MUSIC NETWORK	2009	2009	1
53107	BUDA	1356	1356	1
53109	SMITHSONIAN FOLKWAYS	250	250	1
53110	TZADIK	139	139	2
53119	TZADIK	139	139	1
53120	TZADIK	139	139	1
53122	SHANACHIE	291	291	1
53131	RIVERBOAT	2168	2168	1
53132	RIVERBOAT	2168	2168	1
53133	WORLD MUSIC NETWORK	2009	2009	1
53142	TRADITIONAL CROSSROADS	505	505	1
53146	LE CHANT DU MONDE	2317	2317	1
53152	BUDA	1356	1356	1
53153	WORLD VILLAGE	1999	1999	1
53156	INDIA ARCHIVE MUSIC	1197	1197	1
53164	SHANACHIE	291	291	1
53175	HUGO	1894	1894	1
53176	NONESUCH	799	799	1
53177	INNOVA	153	153	1
53186	SHANACHIE	291	291	1
53187	THE OLD MASTERS	2360	2360	1
53192	INDIA ARCHIVE MUSIC	1197	1197	1
53197	JERICHO BEACH	1719	1719	1
53202	TRILOKA	271	271	1
53224	INDIA ARCHIVE MUSIC	1197	1197	1
53228	FELMAY	2117	2117	1
53231	OOdiscs	620	620	1
53241	HUGO	1894	1894	1
53242	WORLD VILLAGE	1999	1999	1
53243	WORLD MUSIC NETWORK	2009	2009	1
53245	INNOVA	153	153	1
53251	WORLD MUSIC NETWORK	2009	2009	1
53264	OCORA	2320	2320	1
53271	SIAM	1642	1642	1
53274	SMITHSONIAN FOLKWAYS	250	250	1
53275	FELMAY	2117	2117	1
53279	WORLD ARBITER	1850	1850	1
53281	SIMLA HOUSE	2562	2562	1
53285	WORLD MUSIC NETWORK	2009	2009	1
53289	LYRICHORD	211	211	1
53290	INDIA ARCHIVE MUSIC	1197	1197	1
53291	IRIS	2458	2458	1
53292	WORLD VILLAGE	1999	1999	1
53304	DUNYA/FELMAY	1519	1519	1
53317	TRADITIONAL CROSSROADS	505	505	1
53323	DOMO	1074	1074	1
53335	FELMAY	2117	2117	1
53337	HUGO	1894	1894	1
53342	GLOBAL MUSIC CENTRE	2324	2324	1
53343	WICKLOW	1395	1395	1
53355	SMITHSONIAN FOLKWAYS	250	250	1
53367	SMITHSONIAN FOLKWAYS	250	250	1
53372	SMITHSONIAN FOLKWAYS	250	250	1
53408	ROUNDER	283	283	1
53409	HARLEQUIN	1219	1219	1
53410	ROUNDER	283	283	1
53411	SHANACHIE	291	291	1
53413	ROUNDER	283	283	2
53414	ROUNDER	283	283	1
53417	SMITHSONIAN FOLKWAYS	250	250	1
53419	ROUNDER	283	283	1
53420	ROUNDER	283	283	1
53422	TRIKONT	827	827	1
53423	NORMAL/QDK MEDIA	1181	1181	1
53425	WORLD MUSIC NETWORK	2009	2009	1
53427	ROUNDER	283	283	1
53428	SMITHSONIAN FOLKWAYS	250	250	1
53430	MOTEL	1451	1451	1
53431	OUTCASTE	1351	1351	1
53432	OUTCASTE	1351	1351	1
53436	NORMAL/QDK MEDIA	1181	1181	1
53437	FREQUENCY GLIDE	2195	2195	1
53438	SMITHSONIAN FOLKWAYS	250	250	1
53439	ROUNDER	283	283	1
53440	WORLD MUSIC NETWORK	2009	2009	1
53441	MANTECA	1606	1606	1
53442	ROUNDER	283	283	1
53444	AMULET	2292	2292	1
53445	PLAYASOUND	1390	1390	1
53447	AIR MAIL MUSIC	2293	2293	1
53448	NONESUCH	799	799	1
53450	ROUNDER	283	283	1
53453	POST-CONCRETE	2597	2597	1
53454	SUBLIME FREQUENCIES	2590	2590	1
53455	SUBLIME FREQUENCIES	2590	2590	1
53456	SUBLIME FREQUENCIES	2590	2590	1
53457	SUBLIME FREQUENCIES	2590	2590	1
53458	SUBLIME FREQUENCIES	2590	2590	1
53459	SUBLIME FREQUENCIES	2590	2590	1
53461	HARLEQUIN	1219	1219	1
53467	DUNYA/FELMAY	1519	1519	1
53469	HUGO	1894	1894	1
53470	SUBLIME FREQUENCIES	2590	2590	1
53471	SUBLIME FREQUENCIES	2590	2590	1
53472	SUBLIME FREQUENCIES	2590	2590	1
53474	WORLD MUSIC NETWORK	2009	2009	1
53475	SUBLIME FREQUENCIES	2590	2590	1
53476	SUBLIME FREQUENCIES	2590	2590	1
53477	SUBLIME FREQUENCIES	2590	2590	1
53478	SUBLIME FREQUENCIES	2590	2590	1
53479	SUBLIME FREQUENCIES	2590	2590	1
53480	SUBLIME FREQUENCIES	2590	2590	1
53481	SUB ROSA	805	805	1
53482	BUDA	1356	1356	1
53483	no label	2489	2489	1
53484	SUBLIME FREQUENCIES	2590	2590	1
53486	SUBLIME FREQUENCIES	2590	2590	1
53494	HOLY MOUNTAIN	132	132	1
53498	NONESUCH	799	799	1
53499	AIR MAIL MUSIC	2293	2293	1
53500	ESP	2899	2899	1
53501	ATAVISTIC	122	122	1
53502	ESP	2899	2899	1
53504	NAGAM	2815	2815	1
53506	DUNYA/FELMAY	1519	1519	1
53509	TOMLAB	2340	2340	1
53510	INDIA ARCHIVE MUSIC	1197	1197	1
53520	ATP	2491	2491	1
53521	NETTWERK	744	744	1
53524	MERGE	337	337	1
53526	MERGE	337	337	1
53527	CALDO VERDE	2980	2980	1
53528	SOUND@ONE	2235	2235	1
53530	NINJA TUNE	700	700	1
53531	FAT BEATS	3025	3025	1
53532	FAT BEATS	3025	3025	1
53534	NATURE SOUNDS	2515	2515	1
53535	TRAFFIC	2550	2550	1
53538	TEMPA	3308	3308	1
53539	NUMERO GROUP	2709	2709	1
53541	SOUL JAZZ	1936	1936	1
53542	BARBES	3286	3286	1
53543	PLOP	3412	3412	1
53544	HOOK OR CROOK	3162	3162	1
53545	OUT HERE	2906	2906	1
53548	SOUNDWAY	2355	2355	2
53549	STERN'S AFRICA	1316	1316	1
53550	HONEST JON'S	2274	2274	1
53551	SHARP WOOD PRODUCTIONS	2683	2683	1
53552	BIG DADA/NINJA TUNE	1646	1646	1
53555	VHF	801	801	1
53556	THIRSTY EAR	808	808	1
53557	YEP ROC	831	831	1
53558	SOUTHERN LORD	2331	2331	1
53559	ANTENNA FARM	2569	2569	1
53560	LOCUST MUSIC	2199	2199	1
53563	CALDO VERDE	2980	2980	1
53564	NO FUN	3218	3218	1
53565	BEAUTIFUL HAPPINESS	3416	3416	1
53567	TEE PEE	2341	2341	1
53569	BVHAAST	2736	2736	1
53570	STERN'S AFRICA	1316	1316	1
53575	SUNBEAM	3155	3155	1
53577	PAPER BAG	2722	2722	1
53578	MERCURY	336	336	1
53580	HONEST JON'S	2274	2274	1
53581	HATOLOGY/HAT HUT	863	863	1
53582	CUNEIFORM	437	437	1
53583	QUARTERSTICK	3360	3360	1
53584	(self-released)	2782	2782	1
53585	DARLA	138	138	1
53586	FATCAT	1728	1728	1
53587	FREEDOM FROM	2246	2246	1
53588	SOCIAL REGISTERY	3266	3266	1
53590	DIFFERENTIAL	3421	3421	1
53591	HOLY MOUNTAIN	132	132	1
53592	CREATIVE NATION	2737	2737	1
53593	PI	2357	2357	1
53594	SUNNYSIDE	2220	2220	1
53595	AUM FIDELITY	1046	1046	1
53597	THRILL JOCKEY	266	266	1
53599	Modular	3144	3144	1
53600	LAST GANG	3419	3419	1
53603	WRONG MUSIC	3230	3230	1
53606	BERSA DISCOS	3398	3398	1
53607	PLANET MU	2207	2207	1
53608	MAD DECENT	3206	3206	1
53614	DOMINO	1112	1112	1
53615	THRILL JOCKEY	266	266	1
53616	307 KNOX	3280	3280	1
53617	PAW TRACKS	2496	2496	1
53621	DOMINO	1112	1112	1
53622	DOMINO	1112	1112	1
53623	MERE EXPOSURE	2344	2344	1
53624	TZADIK	139	139	1
53626	TZADIK	139	139	1
53627	FAMILY VINEYARD	1980	1980	1
53628	FAMILY VINEYARD	1980	1980	1
53629	EM/OMEGA POINT	3417	3417	1
53630	THE SOCIAL REGISTRY	2556	2556	1
53631	LEAF	1077	1077	1
53632	LEAF	1077	1077	1
53633	LEAF	1077	1077	1
53635	NORTHERNBLUES MUSIC	3422	3422	1
53636	BLOODSHOT	571	571	1
53637	WATERBUG	1302	1302	1
53638	MARRIAGE	3310	3310	1
53639	SOUTHERN	447	447	1
53640	CARBON	1180	1180	1
53643	ANTI-	3004	3004	1
53644	ALIEN8	1546	1546	1
53645	RUNE GRAMMOFON	2423	2423	1
53646	HOME TAPES	2511	2511	1
53647	NO FUN	3218	3218	1
53648	FOUND YOU	3430	3430	1
53649	EQUATOR	3067	3067	1
53664	BRAH	2960	2960	1
53669	AAGOO	2383	2383	1
53670	CUNEIFORM	437	437	1
53671	THRILL JOCKEY	266	266	1
53672	RUNE GRAMMOFON	2423	2423	1
53677	NUMERO GROUP	2709	2709	2
53680	PUBLIC EYESORE	2250	2250	1
53681	HOSPITAL/PLASTIC	3428	3428	1
53682	KRANKY	377	377	1
53685	BREAKFAST MASCOT	3056	3056	1
53697	LOVELY MUSIC	381	381	1
53699	ESP	2899	2899	1
53700	ESP	2899	2899	1
53702	DOMINO	1112	1112	1
53704	TOMMY BOY	267	267	1
53705	FUNKAPHILADELPHIA	3021	3021	1
53706	NONESUCH	799	799	1
53707	SOUNDWAY	2355	2355	1
53714	TZADIK	139	139	1
53717	AYLER	2835	2835	1
53718	INTAKT	3431	3431	1
53720	SANCTUARY	2563	2563	1
53721	BIRDMAN	945	945	1
53722	HIGH TWO	2684	2684	1
53723	NO QUARTER	2135	2135	1
53724	AMISH	500	500	1
53725	XL	1833	1833	1
53726	LOAD	539	539	1
53727	OPERATION UNKNOWN	3426	3426	1
53728	MATADOR	332	332	1
53729	6HOLE	2865	2865	1
53731	ILLEGAL ART	1997	1997	1
53732	ROLLING JACK	3448	3448	1
53734	HUUME	2938	2938	1
53735	TECTONIC	3435	3435	1
53738	CRAMMED DISKS	776	776	1
53739	MAGIC MARKER	1231	1231	1
53740	ANTICON	2090	2090	1
53741	FAMILY VINEYARD	1980	1980	1
53743	TYPE	3110	3110	1
53746	ECSTATIC PEACE!	717	717	1
53747	HAPNA	2484	2484	1
53748	GARNET	2281	2281	1
53749	BALANCE POINT ACOUSTICS	3440	3440	1
53750	UPSET THE RHYTHM	3443	3443	1
53751	CORWOOD INDUSTRIES	479	479	1
53752	NINJA TUNE	700	700	1
53754	VERSATILE	3125	3125	1
53758	SUB ROSA	805	805	1
53798	AMBIANCES MAGNETIQUES/DAME	1479	1479	1
53835	self-released	853	853	1
53846	ASPHODEL	502	502	1
53861	self-released	853	853	1
53862	self-released	853	853	1
53868	LOCUST MUSIC	2199	2199	1
53882	SMITHSONIAN FOLKWAYS	250	250	1
53883	LEAF	1077	1077	1
53884	HIDDEN ART	2364	2364	1
53936	THIRSTY EAR	808	808	1
54096	RHYMESAYERS	2102	2102	1
54098	UP ABOVE	2586	2586	1
54099	CONCRETE GROOVES	2600	2600	1
54100	AAO MUSIC	3418	3418	1
54102	KDVS	3330	3330	1
54105	ASTHMATIC KITTY	2166	2166	1
54106	ATAVISTIC	122	122	1
54107	ugEXPLODE	3113	3113	1
54110	TZADIK	139	139	1
54111	KILL ROCK STARS	374	374	1
54112	COUNTER	3165	3165	1
54113	BIRDMAN	945	945	1
54114	ANIMAL DISGUISE	3190	3190	1
54115	DE STIJL	3123	3123	1
54116	CRANK AUTOMOTIVE	1729	1729	1
54122	TRIKONT	827	827	1
54123	TRIKONT	827	827	1
54124	RELAPSE	710	710	1
54125	LIGHT IN THE ATTIC	2738	2738	1
54126	SOUTHERN LORD	2331	2331	1
54128	RELAPSE	710	710	1
54129	HOSPITAL	2522	2522	1
54134	TEE PEE	2341	2341	1
54135	GULCHER	2583	2583	1
54136	RELAPSE	710	710	1
54137	BIRDMAN	945	945	1
54139	DREAM TOWER	3445	3445	1
54140	LOAD	539	539	1
54142	INAM	3447	3447	1
54143	PAW TRACKS	2496	2496	1
54147	MODERN RADIO RECORD LABEL	3446	3446	1
54149	SOUTHERN LORD	2331	2331	1
54151	STRUT	1941	1941	1
54153	iASO	3423	3423	1
54154	SUBLIME FREQUENCIES	2590	2590	1
54155	YAALA YAALA	3307	3307	1
54158	WATERBUG	1302	1302	1
54162	FALLOUT	3287	3287	1
54163	FATCAT	1728	1728	1
54164	BA DA BING!	1110	1110	1
54165	WORLDS FAIR	3441	3441	1
54166	CUNEIFORM	437	437	1
54178	MERGE	337	337	1
54183	MERGE	337	337	1
54185	MERGE	337	337	1
54188	FIREHOUSE	3439	3439	1
54189	AUM FIDELITY	1046	1046	1
54190	PLAYSCAPE	2368	2368	1
54191	CUNEIFORM	437	437	1
54192	CUNEIFORM	437	437	1
54193	SOUTHERN LORD	2331	2331	1
54195	BRUSHFIRE	3455	3455	1
54197	FAMILY VINEYARD	1980	1980	1
54200	NONESUCH	799	799	1
54201	SMITHSONIAN FOLKWAYS	250	250	1
54202	MOCHILLA	3432	3432	1
54203	ARHOOLIE	120	120	1
54205	TABLE OF THE ELEMENTS	263	263	1
54206	ROB'S HOUSE	3434	3434	1
54207	SOCIAL REGISTERY	3266	3266	1
54208	MISSISSIPPI/EXILED	3465	3465	1
54209	KENT/ACE	2211	2211	1
54210	UBIQUITY	706	706	1
54211	INTAKT	3431	3431	1
54212	NO FUN	3218	3218	1
54213	CONSTELLATION	1402	1402	1
54214	SOFT ABUSE	2506	2506	1
54215	JAGJAGUWAR	1217	1217	1
54216	HOLY MOUNTAIN	132	132	1
54217	KINDERCORE	643	643	1
54219	HANDMD	3462	3462	1
54220	MUSH	2028	2028	1
54221	THRILL JOCKEY	266	266	1
54222	STYLO	3451	3451	1
54223	ATP	2491	2491	1
54225	ECSTATIC PEACE!	717	717	1
54227	ECSTATIC PEACE!	717	717	1
54230	(self-released)	2782	2782	1
54231	TRUNK	2686	2686	1
54232	PORTER	3454	3454	1
54233	DOMINO	1112	1112	1
54234	RAMSEUR	2666	2666	1
54235	SUB STATIC	3444	3444	1
54236	WARP	733	733	1
54237	LEX	2213	2213	1
54239	AAGOO	2383	2383	1
54240	SUB POP	258	258	1
54241	REPRESSED/CHERRY RED	3457	3457	1
54242	HARDLY ART	3315	3315	1
54243	DARLA	138	138	1
54244	XL	1833	1833	1
54245	KEMADO	2918	2918	1
54246	SIRENA	2552	2552	1
54249	S-S	2224	2224	1
54262	LOST HIGHWAY	2013	2013	1
54264	WARP	733	733	1
54276	VERVE FORECAST	3124	3124	1
54277	NINJA TUNE	700	700	1
54279	SOCIAL REGISTERY	3266	3266	1
54281	GHOSTLY INTERNATIONAL	2382	2382	1
54282	ABSOLUTELY KOSHER	1487	1487	1
54283	IMPORTANT	2457	2457	1
54286	DOMINO	1112	1112	1
54287	4 AD	104	104	1
54288	TWINK TONES	3463	3463	1
54296	KOCH	558	558	1
54299	HOLY MOUNTAIN	132	132	1
54300	BO'WEAVIL	3306	3306	1
54301	LOCUST MUSIC	2199	2199	1
54302	FILE UNDER MUSIC	3458	3458	1
54317	RELAPSE	710	710	1
54319	HYDRA HEAD	2157	2157	1
54320	NO FUN	3218	3218	1
54321	THRILL JOCKEY	266	266	1
54322	WE ARE FREE	3381	3381	1
54323	LEXICON DEVIL	2402	2402	1
54324	NINJA TUNE	700	700	1
54325	BLACKSMITH	3329	3329	1
54326	(self-released)	2782	2782	1
54332	PEOPLE'S POTENTIAL UNLIMITED	3470	3470	1
54333	AUM FIDELITY	1046	1046	1
54334	DOMINO	1112	1112	1
54335	TABLE OF THE ELEMENTS	263	263	1
54336	AFYONKARAHISAR	3473	3473	1
54337	QUARTERSTICK	3360	3360	1
54338	BANTER	3452	3452	1
54339	MERGE	337	337	1
54340	MATADOR	332	332	1
54341	MERGE	337	337	1
54342	LIGHT IN THE ATTIC	2738	2738	1
54344	AUTOBUS	3385	3385	1
54345	DE STIJL	3123	3123	1
54349	S-S	2224	2224	1
54350	JAZZMAN	2411	2411	1
54351	SUB ROSA	805	805	1
54352	TOUCH	929	929	1
54353	KOMPAKT	2306	2306	2
54354	GOLD DUST MEDIA	3456	3456	1
54365	ugEXPLODE	3113	3113	1
54366	ugEXPLODE	3113	3113	1
54367	BO'WEAVIL	3306	3306	1
54368	TOMPKINS SQUARE	3040	3040	1
54369	PEOPLE'S POTENTIAL UNLIMITED	3470	3470	1
54372	SOUNDWAY	2355	2355	1
54373	SUB ROSA	805	805	1
54374	GET BACK	2003	2003	1
54377	KOMPAKT	2306	2306	1
54378	EM/OMEGA POINT	3417	3417	1
54380	TAIGA	3471	3471	1
54381	MANIMAL VINYL/TINY MAN	3476	3476	1
54382	CITINITE	3483	3483	1
54383	TRUNK	2686	2686	1
54384	MUSIC MAKER	2547	2547	1
54385	NATRIX NATRIX	3468	3468	1
54386	PUBLIC EYESORE	2250	2250	1
54387	ANTENNA FARM	2569	2569	1
54389	SOCIAL REGISTERY	3266	3266	1
54390	RUNE GRAMMOFON	2423	2423	1
54392	SUICIDE SQUEEZE	999	999	1
54393	(self-released)	2782	2782	1
54395	LIGHT IN THE ATTIC	2738	2738	1
54396	JAMAICAN RECORDINGS	3288	3288	1
54397	SUBLIME FREQUENCIES	2590	2590	1
54398	VAMPISOUL	2892	2892	1
54399	SEVEN SOLDIERS	3464	3464	1
54401	ROLLING JACK	3448	3448	3
54402	BIG DADA	3269	3269	1
54403	LEX	2213	2213	1
54404	ESP-DISK'	3474	3474	1
54405	AUM FIDELITY	1046	1046	1
54406	ATAVISTIC/UNHEARD MUSIC SERIES	3196	3196	1
54407	AUM FIDELITY	1046	1046	1
54408	FLEDG'LING	2385	2385	1
54409	POGUS	305	305	1
54410	FIREHOUSE	3439	3439	1
54411	STAUBGOLD	2301	2301	1
54413	FATCAT	1728	1728	1
54416	UNHEARD MUSIC SERIES/ATAVISTIC	1748	1748	1
54419	TERPSIKHORE	3482	3482	1
54420	REEL RECORDINGS	3400	3400	1
54421	(self-released)	2782	2782	1
54422	K	373	373	1
54423	KRANKY	377	377	1
54425	SHORTHAND	3480	3480	1
54426	COLUMBUS DISCOUNT	3191	3191	1
54427	K	373	373	1
54428	PRINCESS	3479	3479	1
54429	ANTICON	2090	2090	1
54430	BADMAN	1885	1885	1
54431	ALMOST GOLD	3219	3219	1
54432	AMBIANCES MAGNETIQUES	3174	3174	1
54443	MATADOR	332	332	1
54445	TREKKY	2635	2635	1
54446	ASTERISK/NUMERO GROUP	3390	3390	1
54447	HOLIDAYS FOR QUINCE	3238	3238	1
54448	HUMMINGBIRD	3472	3472	1
54449	BVHAAST	2736	2736	1
54451	BVHAAST	2736	2736	1
54452	IMPORTANT	2457	2457	1
54453	INCUNABULUM	3317	3317	1
54454	DOMINO	1112	1112	1
54455	DOMINO	1112	1112	1
54456	DOMINO	1112	1112	1
54457	DOMINO	1112	1112	1
54458	TYPE	3110	3110	1
54459	DRAG CITY	441	441	1
54460	CREATIVE NATION	2737	2737	1
54461	RUNE GRAMMOFON	2423	2423	1
54462	AUM FIDELITY	1046	1046	1
54464	KOMPAKT	2306	2306	1
54465	MATADOR	332	332	1
54466	KILL ROCK STARS	374	374	1
54467	KEMADO	2918	2918	1
54468	MATADOR	332	332	1
54470	ECSTATIC PEACE!	717	717	1
54471	STONE'S THROW	1153	1153	1
54472	LOCUST MUSIC	2199	2199	1
54473	ANTICIPATE	3469	3469	1
54474	PI	2357	2357	1
54475	AUDIKA	2631	2631	1
54476	GNOME LIFE	3486	3486	1
54477	KILL ROCK STARS	374	374	3
54478	ANTICON	2090	2090	1
54492	SUICIDE SQUEEZE	999	999	1
54496	RETARD DISCO	3178	3178	1
54497	ANIMAL DISGUISE	3190	3190	1
54498	ANIMAL DISGUISE	3190	3190	1
54501	ECHOSPACE	3477	3477	1
54502	RECORD MAKERS	3478	3478	1
54503	COMPOST	1345	1345	1
54504	SMITHSONIAN FOLKWAYS	250	250	1
54505	COLUMBUS DISCOUNT	3191	3191	1
54506	KOMPAKT	2306	2306	1
54507	MAD DECENT	3206	3206	1
54511	BA DA BING!	1110	1110	1
54512	NO FUN	3218	3218	1
54513	SOFT ABUSE	2506	2506	1
54514	LOCUST MUSIC	2199	2199	1
54515	STONE'S THROW	1153	1153	1
54516	DELICIOUS VINYL	3005	3005	1
54517	RAPSTER	2589	2589	1
54518	ugEXPLODE	3113	3113	1
54520	POTENCY	3475	3475	1
54522	BEAT CRAZY	3490	3490	1
54523	THOR'S RUBBER HAMMER PRODUCTIONS	3489	3489	1
54525	JAGJAGUWAR	1217	1217	1
54526	IN THE RED	960	960	1
54527	SLUMBERLAND	248	248	1
54532	DUNYA/FELMAY	1519	1519	1
54533	DUNYA/FELMAY	1519	1519	1
54534	NO FUN	3218	3218	1
54535	Bedroom Community	3289	3289	1
54536	EDITIONS MEGO	3207	3207	1
54538	TABLE OF THE ELEMENTS	263	263	1
54539	CUNEIFORM	437	437	1
54540	ASTHMATIC KITTY	2166	2166	1
54542	HOLY MOUNTAIN	132	132	1
54544	DADASTIC	3467	3467	1
54546	DUNYA/FELMAY	1519	1519	1
54548	DUNYA/FELMAY	1519	1519	1
54551	SMITHSONIAN FOLKWAYS	250	250	1
54554	TOUCH	929	929	1
54555	STAUBGOLD	2301	2301	3
54556	TOUCH	929	929	1
54557	TOUCH	929	929	1
54558	TREADER	3494	3494	1
54559	DRAG CITY	441	441	1
54560	JSP	2762	2762	1
54561	DOMINO	1112	1112	1
54562	BA DA BING!	1110	1110	1
54563	TEMPORARY RESIDENCE	1570	1570	1
54565	PAW TRACKS	2496	2496	1
54566	MATADOR	332	332	1
54567	ECSTATIC PEACE!	717	717	1
54568	GULCHER	2583	2583	1
54569	(self-released)	2782	2782	1
54570	SUB POP	258	258	1
54571	MISSISSIPPI	3352	3352	1
54573	LITTLE RAMONA	3487	3487	1
54574	CHURCHKEY	3410	3410	1
54579	SPECTRAL SOUND	3499	3499	1
54580	FORCE TRACKS	3500	3500	1
54581	ATAVISTIC	122	122	1
54582	ICP	2838	2838	1
54584	ESP-DISK'	3474	3474	1
54585	ATAVISTIC	122	122	1
54586	SUB ROSA	805	805	1
54588	EM	3169	3169	1
54590	WERK	3347	3347	1
54592	TOMLAB	2340	2340	1
54593	MYSPACE	3491	3491	1
54594	AUSTRALIAN CATTLE GOD	3492	3492	1
54597	AUSTRALIAN CATTLE GOD	3492	3492	1
54598	(self-released)	2782	2782	1
54607	HONEST JON'S	2274	2274	1
54610	SHADOKS MUSIC	2221	2221	1
54611	PLAYHOUSE	3501	3501	1
54612	ECHOSPACE	3477	3477	1
54615	TROUBLEMAN UNLIMITED	858	858	1
54616	frequeNC	3507	3507	1
54617	frequeNC	3507	3507	1
54619	SAVAGE	3509	3509	1
54633	CARROT TOP	456	456	1
54634	SUBLIME FREQUENCIES	2590	2590	1
54638	UNSEEN WORLDS	3408	3408	1
54639	AUM FIDELITY	1046	1046	1
54640	THIRSTY EAR	808	808	1
54641	OAKLYN	3496	3496	1
54642	JAMAICAN RECORDINGS	3288	3288	1
54643	LAST VISIBLE DOG	2808	2808	1
54644	SUICIDE SQUEEZE	999	999	1
54647	DiCHRISTINA	3502	3502	1
54648	DEAD OCEANS	3326	3326	2
54649	UNSUITABLE	3505	3505	1
54650	MAKE BELIEVE	3517	3517	1
54654	DFA	2151	2151	1
54655	DOMINO	1112	1112	1
54656	GOLD DUST MEDIA	3456	3456	1
54657	CRAMMED DISKS	776	776	1
54658	SOOT	3506	3506	1
54667	LOCUST MUSIC	2199	2199	1
54669	LOCUST MUSIC	2199	2199	1
54670	LOCUST MUSIC	2199	2199	1
54675	RELAPSE	710	710	1
54676	K	373	373	1
54678	LAST VISIBLE DOG	2808	2808	1
54679	LAST VISIBLE DOG	2808	2808	1
54680	POMPEII	3518	3518	1
54681	GNOME LIFE	3486	3486	1
54682	GNOME LIFE	3486	3486	1
54683	CARROT TOP	495	495	1
54684	AMERICAN DUST	3493	3493	1
54685	BLOODSHOT	571	571	1
54686	EGGY	3512	3512	1
54688	KEMADO	2918	2918	1
54689	RELAPSE	710	710	1
54690	TIME-LAG	3433	3433	1
54691	NOT NOT FUN	2978	2978	1
54692	RELAPSE	710	710	1
54693	MERGE	337	337	1
54694	SONGLINES	137	137	1
54695	INNOVA	153	153	1
54696	MODE	342	342	1
54697	TZADIK	139	139	1
54698	TZADIK	139	139	1
54699	ALIEN8	1546	1546	1
54700	SUB ROSA	805	805	1
54701	MODE	342	342	1
54705	MODE	342	342	1
54706	KARLRECORDS	4789	4789	2
54707	BASTA	1186	1186	1
54708	MUSIC MAKER	2547	2547	1
54711	SUB POP	258	258	1
54715	NORMA EVANGELIUM DIABOLI	3523	3523	1
54716	CARROT TOP	495	495	1
54717	THE HOURS	3503	3503	1
54718	KRANKY	377	377	1
54719	QUARTERSTICK	3360	3360	1
54720	NOW-AGAIN/STONE'S THROW	2466	2466	1
54721	HOLY MOUNTAIN	132	132	1
54722	SOCIAL REGISTERY	3266	3266	1
54723	BUREAU-B	3529	3529	1
54724	TIME-LAG	3433	3433	1
54725	NOT NOT FUN	2978	2978	1
54726	FAT POSSUM	3281	3281	1
54728	WIDE HIVE	2267	2267	1
54729	AUM FIDELITY	1046	1046	1
54730	CAbP	3513	3513	1
54731	CRYPTOGRAMOPHONE	2150	2150	1
54732	CASEQUARTER	2520	2520	1
54733	FLEDG'LING	2385	2385	1
54734	SOCIAL REGISTERY	3266	3266	1
54737	MISSISSIPPI	3352	3352	1
54738	HOT RELEASES	3508	3508	1
54739	HOT RELEASES	3508	3508	1
54743	COLUMBUS DISCOUNT	3191	3191	1
54745	PEOPLE'S POTENTIAL UNLIMITED	3470	3470	1
54755	NO FUN	3218	3218	1
54756	PARK THE VAN	3526	3526	1
54757	NOT NOT FUN	2978	2978	2
54759	UNITED INTERESTS	3525	3525	1
54762	STONE'S THROW	1153	1153	1
54763	BULLY	3511	3511	1
54764	KRANKY	377	377	1
54765	BIG DADA	3269	3269	1
54766	STONE'S THROW	1153	1153	1
54767	KOMPAKT	2306	2306	1
54768	HONEST JON'S	2274	2274	1
54769	KS (SPAIN)	3521	3521	1
54770	INSTITUT DU MONDE ARABE	3522	3522	1
54771	KUNSTLERHAUSER WORPSWEDE/dead ceo	3520	3520	1
54772	TYPE	3110	3110	1
54773	SUB ROSA	805	805	1
54774	TRIKONT	827	827	1
54783	THOR'S RUBBER HAMMER PRODUCTIONS	3489	3489	1
54784	CARPARK	1692	1692	1
54785	4 AD	104	104	1
54786	AMBIANCES MAGNETIQUES	3174	3174	1
54788	NETTWERK	744	744	1
54789	HOLIDAYS FOR QUINCE	3238	3238	1
54790	(self-released)	2782	2782	1
54793	TRAFFIC/SLEEPING BAG	3368	3368	1
54794	LIL' BEETHOVEN	3498	3498	1
54795	ARENA ROCK	524	524	1
54796	TWOSYLLABLE	3538	3538	1
54797	KOMPAKT	2306	2306	1
54798	THIN CONSOLATION	3528	3528	1
54799	B-PITCH CONTROL	2956	2956	1
54800	MIDGET	3535	3535	1
54801	FAKE FOUR	3536	3536	1
54802	RHYMESAYERS	2102	2102	1
54803	RHYMESAYERS	2102	2102	1
54804	DALY CITY	3194	3194	1
54805	ANTICIPATE	3469	3469	1
54806	DRAGON'S EYE RECORDINGS	3515	3515	1
54807	QUIET DESIGN	3516	3516	1
54808	ATAVISTIC	487	487	1
54809	CRYPTOGRAMOPHONE	2150	2150	1
54810	ESP-DISK'	3474	3474	1
54816	TIME-LAG	3433	3433	1
54817	TORNIS	3533	3533	1
54818	M80	3386	3386	1
54819	BO'WEAVIL	3306	3306	1
54820	BO'WEAVIL	3306	3306	1
54821	ODESSA	3534	3534	1
54822	ABDUCTION	176	176	1
54823	BIG DADA	3269	3269	1
54824	TOMPKINS SQUARE	3040	3040	1
54825	BIG DADA	3269	3269	1
54826	PAPER BAG	2722	2722	1
54827	JAJOUKA	3532	3532	1
54828	HONEST JON'S	2274	2274	1
54834	GHOSTLY INTERNATIONAL	2382	2382	1
54836	TYPE	3110	3110	1
54837	HEAVY BLOSSOM	3539	3539	1
54838	ATAVISTIC	487	487	1
54839	THIRSTY EAR	808	808	1
54840	NEW WORLD	351	351	1
54842	FSS	3545	3545	1
54843	ESP-DISK'	3474	3474	1
54844	RED TOUCAN	2075	2075	1
54845	AMBIANCES MAGNETIQUES	3174	3174	1
54846	AUM FIDELITY	1046	1046	1
54847	CREATIVE NATION	2737	2737	1
54848	BARKER	3552	3552	1
54849	ANTI-	3004	3004	1
54850	ESSAY	2422	2422	1
54851	MOODMUSIC	3570	3570	1
54852	MUSIC STARTS FROM SILENCE	3569	3569	1
54853	AAGOO	2383	2383	1
54854	DALY CITY	3194	3194	1
54855	DALY CITY	3194	3194	1
54857	WARP	733	733	1
54859	MULE ELECTRONIC	3558	3558	1
54860	GRAVEFACE	3544	3544	1
54861	CARPARK	1692	1692	1
54863	IN THE RED	960	960	1
54865	BARSUK	1819	1819	1
54866	SUB POP	258	258	1
54868	THRILL JOCKEY	266	266	1
54869	GILEAD MEDIA	3527	3527	1
54870	INAM	3447	3447	1
54871	STARFISH	3245	3245	1
54872	ROUNDER	283	283	1
54873	MATADOR	332	332	1
54874	YEP ROC	831	831	1
54875	DANGERBIRD	3559	3559	1
54876	STONE'S THROW	1153	1153	1
54877	(self-released)	2782	2782	1
54878	ALL HANDS ELECTRIC	3556	3556	1
54881	self-released	853	853	1
54883	THE CONTROL GROUP	3554	3554	1
54884	CONSTELLATION	1402	1402	1
54886	SUB POP	258	258	1
54887	PARK THE VAN	3526	3526	1
54888	WARP	733	733	2
54890	VHF	801	801	1
54891	DOMINO	1112	1112	1
54892	PARTISAN	3553	3553	1
54893	GHOSTLY INTERNATIONAL	2382	2382	1
54894	DARLA	138	138	1
54895	BURNT TOAST VINYL	1890	1890	1
54896	YOUNG GOD	1723	1723	1
54897	PAW TRACKS	2496	2496	1
54898	DiCHRISTINA	3502	3502	1
54899	DREAMSHEEP	3540	3540	1
54900	HOLY MOUNTAIN	132	132	1
54901	SUB ROSA	805	805	1
54902	SUB POP	258	258	1
54903	AUTOPSY KITCHEN	3542	3542	1
54905	BUREAU-B	3529	3529	1
54907	ALGA MARGHEN	3537	3537	1
54908	SOFT ABUSE	2506	2506	1
54909	OUR SECRET RECORD COMPANY	3265	3265	1
54910	ALIEN8	1546	1546	1
54911	CUMBANCHA	3562	3562	1
54912	DUST-TO-DIGITAL	2615	2615	1
54913	JSP	2762	2762	1
54914	FAVORITE	3546	3546	1
54915	SOUL JAZZ	1936	1936	1
54916	NOT NOT FUN	2978	2978	1
54917	S-S	2224	2224	1
54918	TRD W/D	3548	3548	1
54919	DEKORDER	3541	3541	1
54920	COLUMBUS DISCOUNT	3191	3191	1
54922	TYGERASYLUM	3531	3531	1
54923	JAMAICAN RECORDINGS	3288	3288	1
54924	MISSISSIPPI	3352	3352	1
54925	EM	3169	3169	1
54930	SUBLIME FREQUENCIES	2590	2590	1
54932	DRAG CITY	441	441	1
54934	DEAD OCEANS	3326	3326	1
54936	GUERSSEN	3555	3555	1
54937	SUBLIME FREQUENCIES	2590	2590	1
54940	HYPERDUB	3233	3233	1
54943	DAGGERMAN	3543	3543	1
54944	NATRIX NATRIX	3468	3468	1
54945	NOT NOT FUN	2978	2978	1
54948	CUBA CLUB MEDIA	2187	2187	1
54949	FRIENDLY FIRE	3001	3001	1
54952	Type	3082	3082	1
54953	GOLD DUST MEDIA	3456	3456	1
54954	LOCUST MUSIC	2199	2199	1
54955	self-released	853	853	1
54956	CONSTELLATION	1402	1402	1
54958	NO QUARTER	2135	2135	1
54959	DFA	2151	2151	1
54960	SUBLIMINAL SOUNDS	2585	2585	1
54961	KRANKY	377	377	1
54962	JAGJAGUWAR	1217	1217	1
54963	SOUTHERN LORD	2331	2331	1
54964	DIGITALIS	2921	2921	1
54965	ECSTATIC PEACE!	717	717	1
54966	GIGANTE SOUND	3561	3561	1
54968	THOR'S RUBBER HAMMER PRODUCTIONS	3489	3489	1
54970	LAST VISIBLE DOG	2808	2808	1
54971	INNOVA	153	153	1
54972	DIGITALIS	2921	2921	1
54973	MUTABLE	3175	3175	1
54974	ERASED TAPES	3459	3459	1
54976	INTERNATIONAL RECORDS RECORDINGS	3449	3449	1
54977	ABANDON SHIP	3550	3550	1
54978	THOR'S RUBBER HAMMER PRODUCTIONS	3489	3489	1
54979	ARBOR	3551	3551	1
54980	PEOPLE'S POTENTIAL UNLIMITED	3470	3470	1
54981	TWENTYSEVEN	2625	2625	1
54982	DOWNTOWN	3028	3028	1
54983	SOUL JAZZ	1936	1936	1
54984	OCORA	2320	2320	1
54985	HONEST JON'S	2274	2274	1
54987	ANTICON	2090	2090	1
54988	ODDISEE	3547	3547	1
54989	NATURE SOUNDS	3549	3549	1
54990	UBIQUITY	706	706	1
54992	TZADIK	139	139	1
54993	SUNBEAM	3155	3155	1
54994	DJANGO KILL	3567	3567	1
55000	COMMUNITY LIBRARY	3229	3229	1
55001	NONESUCH	799	799	1
55002	DREAMSHEEP	3540	3540	1
55003	FIREHOUSE 12	3566	3566	1
55004	CUNEIFORM	437	437	1
55005	PLAYSCAPE	2368	2368	1
55006	PSI	3314	3314	1
55007	REEL RECORDINGS	3400	3400	1
55008	SUB ROSA	805	805	1
55010	GREENSLEEVES	2297	2297	1
55011	VP	1286	1286	1
55012	HEADS UP	3563	3563	1
55013	NONESUCH	799	799	1
55015	LAFACE	579	579	1
55018	THRILL JOCKEY	266	266	1
55019	NUMERO GROUP	2709	2709	1
55020	S-S	2224	2224	1
55021	DRAG CITY	441	441	1
55022	BLACKEST RAINBOW	3560	3560	1
55023	TOMPKINS SQUARE	3040	3040	1
55024	MOTHERSHIP	3564	3564	1
55025	BIRDMAN	945	945	1
55026	STRUT	1941	1941	1
55027	self-released	853	853	1
55028	IKUISUUS	3573	3573	1
55029	FRIENDLY FIRE	3001	3001	1
55033	CUNEIFORM	437	437	1
55034	UNYTED	3588	3588	1
55036	CUNEIFORM	437	437	1
55037	ESP-DISK'	3474	3474	1
55038	BO'WEAVIL	3306	3306	1
55039	IKUISUUS	3572	3572	1
55041	KILL ROCK STARS	374	374	1
55042	NUMERO GROUP	2709	2709	1
55043	DUAL PLOVER	3581	3581	1
55044	TEMPORARY RESIDENCE	1570	1570	1
55046	CUNEIFORM	437	437	1
55047	GUERSSEN	3555	3555	1
55048	ERASED TAPES	3459	3459	1
55051	RUNE GRAMMOFON	2423	2423	1
55052	SUNBEAM	3155	3155	1
55053	NINJA TUNE	700	700	1
55054	AMISH	500	500	1
55055	STAUBGOLD	2301	2301	1
55056	WHATNESS	2388	2388	1
55057	STAUBGOLD	2301	2301	1
55058	STAUBGOLD	2301	2301	1
55060	DONTRUSTHERUIN	3392	3392	1
55061	CHICKS ON SPEED	2175	2175	1
55062	ROOTSTRATA	3582	3582	1
55063	DOWNTOWN	3028	3028	1
55065	WARP	733	733	1
55066	JAGJAGUWAR	1217	1217	1
55068	FONAL	3107	3107	1
55069	PSF	2859	2859	1
55070	Approaching Airballoons	3594	3594	1
55071	TWO THUMBS DOWN	3590	3590	1
55072	SOUTHERN LORD	2331	2331	1
55073	SONIC OYSTER	3589	3589	1
55075	FONAL	3107	3107	1
55077	NORMALS WELCOME	3580	3580	1
55078	IKUISUUS	3573	3573	1
55080	ASTHMATIC KITTY	2166	2166	1
55081	TERP	2827	2827	1
55082	OSTGUTTEN	3568	3568	1
55083	ESKIMO RECORDINGS	3579	3579	1
55084	THIN CONSOLATION	3528	3528	1
55085	CONTEXTERRIOR	2346	2346	1
55087	ALIEN TRANSISTOR	3576	3576	1
55089	DRUG-FRONT PRODUCTIONS	3587	3587	1
55090	MUTANT MUSIC	3575	3575	1
55092	ECLIPSE	2810	2810	1
55093	CONDUIT CREATIONS	2591	2591	1
55097	SMITHSONIAN FOLKWAYS	250	250	1
55099	HONEST JON'S	2274	2274	1
55103	SOUL JAZZ	1936	1936	1
55109	SOFT ABUSE	2506	2506	1
55110	BLACK ACRE	3565	3565	1
55117	SUBLIMINAL SOUNDS	2585	2585	1
55122	DIGITALIS	2921	2921	1
55123	TRONIKS	2996	2996	1
55124	HELICOPTER	1848	1848	1
55125	DRONEDISCO	3583	3583	1
55126	NO QUARTER	2135	2135	1
55127	FONAL	3107	3107	1
55128	ANTI-	3004	3004	1
55129	Decon	3092	3092	1
55130	RHYMESAYERS	2102	2102	1
55131	TRUE PANTHER	3279	3279	1
55132	RAPSTER	2589	2589	1
55133	EM	3169	3169	1
55134	MOTEMA MUSIC	3601	3601	1
55135	RUNE GRAMMOFON	2423	2423	1
55136	CUNEIFORM	437	437	1
55137	SOLILOQUY	3602	3602	1
55138	SUB POP	258	258	1
55140	ECSTATIC PEACE!	717	717	1
55141	DETOURNEMONT MEDIA	3603	3603	1
55142	IN THE RED	960	960	1
55143	DUAL PLOVER	3581	3581	1
55144	SADDLE CREEK	1654	1654	1
55146	TWISTED NERVE	3328	3328	1
55147	SHOUT! FACTORY	2755	2755	1
55148	HARDLY ART	3315	3315	1
55154	PLANET MU	2207	2207	1
55155	THIN CONSOLATION	3528	3528	1
55156	INCUS	3599	3599	1
55158	CARBON	1180	1180	1
55160	BORDERLORD	3612	3612	1
55162	SMALLTOWN SUPERSOUND	2244	2244	1
55164	GALAXIA	1756	1756	1
55166	DEAD OCEANS	3326	3326	1
55168	ARTS & CRAFTS	2750	2750	1
55170	ECSTATIC PEACE!	717	717	1
55171	HOT RELEASES	3508	3508	1
55172	DAGGERMAN	3543	3543	1
55173	KOMPAKT	2306	2306	1
55174	CONVULSIVE	3604	3604	1
55177	BLACKEST RAINBOW	3560	3560	1
55179	BO'WEAVIL	3306	3306	1
55180	DEAD OCEANS	3326	3326	1
55181	GONER	1323	1323	1
55182	ECSTATIC PEACE!	717	717	1
55183	HOMETAPES	3584	3584	1
55184	ATO/RCA	2528	2528	1
55185	NO FUN	3218	3218	1
55186	SUB POP	258	258	1
55187	Definitive Jux	3403	3403	1
55188	JUST US	3600	3600	1
55190	ANTICON	2090	2090	1
55193	SLUMBERLAND	248	248	1
55194	PEAKING MANDALA	3613	3613	1
55196	CORLEONE	2469	2469	1
55197	POLYVINYL	1198	1198	1
55198	FIRE	3593	3593	1
55199	GONER	1323	1323	1
55200	MATADOR	332	332	1
55201	IMPORTANT	2457	2457	1
55202	FAMILY VINEYARD	1980	1980	1
55203	GNARLED FOREST	3586	3586	1
55204	IMPORTANT	2457	2457	1
55205	TECTONIC	3435	3435	1
55206	MAD DECENT	3206	3206	1
55207	CHESTPLATE	3597	3597	1
55208	SPECTRAL SOUND	3499	3499	1
55213	DOMINO	1112	1112	1
55222	HUUME	2938	2938	1
55223	LEAF	1077	1077	1
55224	TOUCH	929	929	1
55226	IMPORTANT	2457	2457	1
55227	Famous Class	3119	3119	1
55231	MERGE	337	337	1
55232	CORLEONE	2469	2469	1
55233	COMMUNITY	3607	3607	1
55234	HOT RELEASES	3508	3508	1
55236	ALLIDO	3152	3152	1
55237	SUB ROSA	805	805	1
55239	FIREHOUSE 12	3566	3566	1
55241	BARSUK	1819	1819	1
55243	B MUSIC/FINDERS KEEPERS	3605	3605	1
55244	DRAG CITY	441	441	1
55245	DRAG CITY	441	441	1
55246	SIXSHOOTER	3020	3020	1
55249	SUB POP	258	258	1
55250	AMBIANCES MAGNETIQUES	3174	3174	1
55251	AUM FIDELITY	1046	1046	1
55252	ALLOS DOCUMENTS	3623	3623	1
55253	HONEST JON'S	2274	2274	2
55254	PORTER	3454	3454	1
55256	TOMPKINS SQUARE	3040	3040	1
55258	SMITHSONIAN FOLKWAYS	250	250	1
55261	WORLD ARBITER	1850	1850	1
55263	SEVERED HAND	3622	3622	1
55265	MISSISSIPPI	3352	3352	1
55267	KONNEX	3615	3615	1
55269	CLEAN FEED	3374	3374	1
55271	IMPORTANT	2457	2457	1
55272	IN THE RED	960	960	1
55273	CORLEONE	2469	2469	1
55274	CORLEONE	2469	2469	1
55275	THE SOCIAL REGISTRY	2556	2556	1
55277	DE STIJL	3123	3123	1
55278	LITTLE GOLD SONGS	3625	3625	1
55279	ECSTATIC PEACE!	717	717	1
55280	DRAG CITY	441	441	1
55281	IMPORTANT	2457	2457	1
55282	BUBBLECORE	654	654	1
55285	DFA	2151	2151	1
55286	MERGE	337	337	1
55288	DANGERBIRD	3559	3559	1
55290	SILTBREEZE	298	298	1
55291	FRENCHKISS	1627	1627	1
55294	AMERICAN	115	115	1
55295	SOUNDWAY	2355	2355	1
55296	MISSISSIPPI	3352	3352	1
55297	NOSMOKERECORDS	3616	3616	1
55298	TRUE PANTHER	3279	3279	1
55299	CORD-ART	3626	3626	1
55300	HOT RELEASES	3508	3508	1
55301	DRAG CITY	441	441	1
55302	NUMERO GROUP	2709	2709	1
55303	WAXING DEEP	3609	3609	1
55304	ANALOG AFRICA	3436	3436	1
55309	PALM PICTURES	1448	1448	1
55310	BUDA	1356	1356	3
55311	CLOUD	2059	2059	1
55312	MATADOR	332	332	1
55316	MERGE	337	337	1
55317	GIGANTE SOUND	3561	3561	1
55321	BIG DADA	3269	3269	1
55322	RHYMESAYERS	2102	2102	1
55325	NOW AGAIN	3620	3620	1
55326	LEX	2213	2213	1
55327	GHETTO MAN BEATS	3596	3596	1
55328	UNIVERSAL	2000	2000	1
55329	JIVE (JIVE/RCA)	371	371	1
55330	ICE H2O	3627	3627	1
55331	FAKE FOUR	3536	3536	1
55333	TOPPLERS	3624	3624	1
55334	DRAG CITY	441	441	1
55335	BIRDMAN	945	945	1
55336	IMPORTANT	2457	2457	1
55340	WOODSIST	3618	3618	1
55345	JETSET	625	625	1
55347	MATADOR	332	332	1
55349	BUDA	1356	1356	1
55351	NEW WORLD	351	351	1
55352	SUNNYSIDE	2220	2220	1
55353	UNSOUNDS	2251	2251	1
55355	FELMAY	2117	2117	1
55356	ACT	3644	3644	1
55358	ROB'S HOUSE	3434	3434	1
55359	DOMINO SOUND	3628	3628	1
55362	TIME-LAG	3433	3433	1
55363	HURLING MAN	3629	3629	1
55364	ODESSA	3534	3534	1
55365	DOMINO SOUND	3628	3628	1
55367	ASTHMATIC KITTY	2166	2166	1
55369	REDUCTION	3633	3633	1
55370	HEAVY ARTILLERY	3632	3632	1
55372	MATADOR	332	332	1
55376	ATAVISTIC	487	487	1
55377	TRUE PANTHER	3279	3279	1
55378	CONSTELLATION	1402	1402	1
55379	THREE-LOBED	2185	2185	1
55381	TECTONIC	3435	3435	1
55383	DUB POLICE	3631	3631	1
55384	KILL SHAMAN	3337	3337	1
55386	FSS	3545	3545	1
55387	THREE-LOBED	2185	2185	1
55391	KRANKY	377	377	1
55392	KRANKY	377	377	1
55393	DRAGON'S EYE RECORDINGS	3515	3515	1
55394	SELF-RELEASED	3007	3007	1
55395	ISOUNDERSCORE	3652	3652	1
55400	GNOMONSONG	2987	2987	1
55403	MERGE	337	337	1
55404	WOOL	3646	3646	1
55405	CAPITOL	494	494	1
55406	HARDLY ART	3315	3315	1
55407	HARDLY ART	3315	3315	1
55408	ECSTATIC PEACE!	717	717	1
55409	GEOGRAPHIC/DOMINO	2169	2169	1
55415	TIME-LAG/L'ANIMAUX TRYST	3658	3658	1
55419	ANTI-/EPITAPH	2093	2093	1
55420	DRAG CITY	441	441	1
55421	SUB POP	258	258	1
55422	4 AD	104	104	1
55423	K	373	373	1
55427	TEMPORARY RESIDENCE	1570	1570	1
55430	RHYMESAYERS	2102	2102	1
55431	DMAFT	3645	3645	1
55432	JDUB	3299	3299	1
55437	AUM FIDELITY	1046	1046	1
55439	CUNEIFORM	437	437	1
55440	PORTER	3454	3454	1
55441	PORTER	3454	3454	1
55442	INNOVA	153	153	1
55443	AMBIANCES MAGNETIQUES	3174	3174	1
55444	ATAVISTIC	487	487	1
55445	JAGJAGUWAR	1217	1217	1
55448	WARP	733	733	1
55452	LOAD	539	539	1
55453	!K7	2857	2857	1
55454	KOMPAKT	2306	2306	1
55455	WAGON / GNEISS THINGS	3641	3641	1
55456	DEKORDER	3541	3541	1
55457	20 BUCK SPIN	3651	3651	1
55459	SPIDERSONGS	3664	3664	1
55460	INTERNATIONAL CORPORATION	3663	3663	1
55461	DRAG CITY	441	441	1
55462	PICKLED EGG	1919	1919	1
55463	GREEN OWL	3638	3638	1
55464	CUMBANCHA	3562	3562	1
55465	SECRETLY CANADIAN	670	670	1
55466	GREENSLEEVES	2297	2297	1
55467	OLD HAT	1367	1367	1
55468	AMISH	500	500	1
55469	TOMPKINS SQUARE	3040	3040	1
55478	GLASS MUSEUM	3643	3643	1
55479	RUNE GRAMMOFON	2423	2423	1
55480	BARBES	3286	3286	1
55481	FAMILY VINEYARD	1980	1980	1
55482	WIDE HIVE	2267	2267	1
55483	MODE	342	342	1
55486	ERASED TAPES	3459	3459	1
55489	FABRIC	2614	2614	1
55490	WARNER BROTHERS	223	223	1
55491	ASTHMATIC KITTY	2166	2166	1
55492	ASTRALWERKS	124	124	1
55493	HISTORY ALWAYS FAVORS THE WINNERS	3674	3674	1
55494	MATADOR	332	332	1
55495	SLUMBERLAND	248	248	1
55496	WOODSIST	3618	3618	1
55497	ATP	2491	2491	1
55498	TYPE	3110	3110	1
55500	HONEYMOON MUSIC	3649	3649	1
55501	CAPTURED TRACKS	3648	3648	1
55502	TURGID ANIMAL	3650	3650	1
55503	NOT NOT FUN	2978	2978	1
55504	ATP	2491	2491	1
55508	ARGON	3659	3659	1
55510	HAIR & GLASSES LTD.	3654	3654	1
55511	IMMERSION	3653	3653	1
55512	AUM FIDELITY	1046	1046	1
55522	AMBIANCES MAGNETIQUES	3174	3174	1
55524	STRUT	1941	1941	1
55526	ATP	2491	2491	1
55527	TZADIK	139	139	1
55529	ESTRUS	428	428	1
55530	COLUMBUS DISCOUNT	3191	3191	1
55533	CAPSULE	3647	3647	1
55534	VINYL RECORDS	3514	3514	1
55535	DRAG CITY	441	441	1
55542	MUSH	2028	2028	1
55544	MUTE	348	348	1
55545	RELAPSE	710	710	1
55549	SELF-RELEASED	3007	3007	1
55550	HOSPITAL	2522	2522	1
55551	DUAL PLOVER	3581	3581	1
55554	CARRIER	3679	3679	1
55555	SONBOY	3668	3668	1
55556	IMMIGRANT BREAST NEST	3678	3678	1
55557	MISSISSIPPI	3352	3352	1
55558	BO'WEAVIL	3306	3306	1
55559	SOUTHERN LORD	2331	2331	1
55560	PALILALIA	3657	3657	1
55561	VIN DU SELECT QUALITITE	3656	3656	1
55562	MISSISSIPPI	3352	3352	1
55563	VIN DU SELECT QUALITITE	3656	3656	1
55564	HOTFLUSH	3669	3669	1
55569	MISSISSIPPI	3352	3352	1
55570	ACONY	2504	2504	1
55571	SOUNDWAY	2355	2355	1
55572	SOUNDWAY	2355	2355	1
55574	SOFT ABUSE	2506	2506	1
55576	MISSISSIPPI	3352	3352	1
55583	JAGJAGUWAR	1217	1217	1
55584	TOUCH	929	929	1
55585	EDITIONS MEGO	3207	3207	1
55586	STONE'S THROW	1153	1153	1
55588	MINT	589	589	1
55589	FREEDOM TRAIN	3666	3666	1
55590	VERSATILE	3125	3125	1
55591	LAST GANG	3419	3419	1
55593	POGUS	305	305	1
55594	LAST VISIBLE DOG	2808	2808	1
55596	NEMU	3677	3677	1
55597	PALM PICTURES	1448	1448	1
55598	I AM SOUND	3683	3683	1
55599	KEMADO	2918	2918	1
55600	RAVEN MARCHING BAND	3688	3688	1
55601	RELAPSE	710	710	1
55602	MORDANT MUSIC	3662	3662	1
55603	PROFOUND LORE	3684	3684	1
55606	RELAPSE	710	710	1
55608	MATADOR	332	332	1
55609	VAPOR	713	713	1
55610	K	373	373	1
55613	TIME-LAG	3433	3433	1
55615	SUB POP	258	258	1
55616	DOMINO	1112	1112	1
55618	WORLD VILLAGE	1999	1999	1
55619	TWOS & FEWS	3661	3661	1
55620	SUBLIME FREQUENCIES	2590	2590	1
55621	JAMLA/DUCK DOWN	3667	3667	1
55622	CONTAGIOUS	3672	3672	1
55623	BE CHOSEN	3673	3673	1
55624	HYPERDUB	3233	3233	1
55625	CERTIFIED PR	3682	3682	1
55626	ABUNDANCE	3689	3689	1
55627	TIC TAC TOTALLY	3681	3681	1
55628	AMBIANCES MAGNETIQUES	3174	3174	1
55629	HOME NORMAL	3691	3691	1
55630	THE AGRICULTURE	1902	1902	1
55631	TECTONIC	3435	3435	1
55633	RADIO HEARTBEAT	3692	3692	1
55634	RADIO HEARTBEAT	3692	3692	1
55637	SMOG VEIL	2508	2508	1
55639	LEFSE	3687	3687	1
55641	2062	3690	3690	1
55642	AMBIANCES MAGNETIQUES	3174	3174	1
55644	RAT-DRIFTING	3696	3696	1
55646	MUSIC MAKER	2547	2547	1
55648	THIRSTY EAR	808	808	1
55649	REEL RECORDINGS	3400	3400	1
55650	THREE-LOBED	2185	2185	1
55652	DILETTANTE	3680	3680	1
55653	IKUISUUS	3572	3572	1
55654	SHADOKS MUSIC	2221	2221	1
55655	TOMPKINS SQUARE	3040	3040	1
55656	PINE CONE	3675	3675	1
55657	PORTER	3454	3454	1
55658	BO'WEAVIL	3306	3306	1
55664	FIVE DAY WEEKEND	3685	3685	1
55665	CONSTELLATION	1402	1402	1
55669	MUTE	348	348	1
55671	SOUTHERN LORD	2331	2331	1
55672	ARHOOLIE	120	120	1
55673	self-released	853	853	1
55674	MUSIC MAKER	2547	2547	1
55675	MUSIC MAKER	2547	2547	1
55676	XL	1833	1833	1
55678	CARPARK	1692	1692	1
55679	NEUROT	2197	2197	1
55680	DRAG CITY	441	441	1
55681	E1	3704	3704	1
55682	HYDRA HEAD	2157	2157	1
55683	FIRE	3593	3593	1
55685	DEAD OCEANS	3326	3326	1
55686	DEAD OCEANS	3326	3326	1
55687	POLYVINYL	1198	1198	1
55688	TOTALLY/SMALLTOWN SUPERSOUND	3686	3686	1
55689	Sportn' Life/Myx Music	3676	3676	1
55690	HOLY MOUNTAIN	132	132	1
55691	COLUMBIA	468	468	1
55692	ESL	2796	2796	1
55693	FABRIC	2614	2614	1
55694	BIG DADA	3269	3269	1
55695	ALLIDO	3152	3152	1
55696	THREE-LOBED	2185	2185	1
55697	THREE-LOBED	2185	2185	1
55698	ACADEMY	3697	3697	1
55700	FOOL'S GOLD	3700	3700	1
55706	STRANGE ATTRACTORS	1858	1858	1
55707	4 AD	104	104	1
55710	PICKLED EGG	1919	1919	1
55711	HOLOCENE MUSIC	3710	3710	1
55712	ASTRALWERKS	124	124	1
55713	MAJORDOMO	3709	3709	1
55714	KILL SHAMAN	3337	3337	1
55715	KI/OON	3711	3711	1
55716	MERGE	337	337	1
55717	RUNE GRAMMOFON	2423	2423	1
55718	NESSA	3693	3693	1
55719	NESSA	3693	3693	1
55720	KILL SHAMAN	3337	3337	1
55721	KILL SHAMAN	3337	3337	1
55722	DANCING WAYANG	3694	3694	1
55723	ECSTATIC PEACE!	717	717	1
55724	FAKE FOUR	3536	3536	1
55725	MILVIA SON	3721	3721	1
55726	GNARLED FOREST	3586	3586	1
55727	DOOM MANTRA	3701	3701	1
55728	HONEYMOON MUSIC	3649	3649	1
55731	LOCUST MUSIC	2199	2199	1
55733	AVANT	125	125	1
55738	AMBIANCES MAGNETIQUES/DAME	1479	1479	1
55739	TZADIK	139	139	1
55743	self-released	853	853	1
55744	TOUCH	929	929	1
55745	UTECH	3606	3606	1
55749	B MUSIC/FINDERS KEEPERS	3605	3605	1
55752	UTECH	3606	3606	1
55754	THRILL JOCKEY	266	266	1
55755	LOYAL LABEL	3698	3698	1
55756	LOVITT	1026	1026	1
55758	UTECH	3606	3606	1
55759	OPEN LETTER	3699	3699	1
55761	NOW AGAIN	3620	3620	1
55763	S-S	2224	2224	1
55765	SMALL DOSES	3713	3713	1
55767	KOMPAKT	2306	2306	1
55768	HONEST JON'S	2274	2274	1
55769	SUB POP/NEXT AMBIANCE	3702	3702	1
55770	ARHOOLIE	120	120	1
55774	DOMINO SOUND	3628	3628	1
55775	COLUMBUS DISCOUNT	3191	3191	1
55777	S-S	2224	2224	1
55779	OLFACTORY	3718	3718	1
55780	SMALLTOWN SUPERSOUND	2244	2244	1
55782	HYPERDUB	3233	3233	1
55783	HENCH	3719	3719	1
55789	DOMINO	1112	1112	1
55790	THRILL JOCKEY	266	266	1
55794	DOMINO	1112	1112	1
55796	TOUCH	929	929	1
55798	SUBLIME FREQUENCIES	2590	2590	1
55799	MISSISSIPPI	3352	3352	1
55806	GREENSLEEVES	2297	2297	1
55807	IMBALANCE COMPUTER MUSIC	2814	2814	1
55808	THRILL JOCKEY	266	266	1
55809	B MUSIC/FINDERS KEEPERS	3605	3605	1
55810	RENAIR	3703	3703	1
55811	RENAIR	3703	3703	1
55812	TROPICALIA IN FURS	3714	3714	1
55813	NUMERO GROUP	2709	2709	1
55814	WORLD CIRCUIT/NONESUCH	967	967	1
55815	SHANACHIE	291	291	1
55816	MADLIB MEDICINE SHOW/STONES THROW	3729	3729	2
55817	JUST US/AUDIO SKETCH BOOK	3706	3706	1
55819	ALTERNATIVE TENTACLES	113	113	1
55820	IN THE RED	960	960	1
55821	VICE	2872	2872	1
55822	SUB POP	258	258	1
55823	SELF-RELEASED	3007	3007	1
55824	BLONDENA MUSIC	3723	3723	1
55825	RHYMESAYERS	2102	2102	1
55826	WARP	733	733	1
55827	TRU RUTS/SPEAKEASY	3705	3705	1
55828	M9 ENTERTAINMENT	3707	3707	1
55829	FABRIC	2614	2614	1
55831	DIGIKILLER	3725	3725	1
55832	MINKY	3715	3715	1
55833	CURLE	3726	3726	1
55836	DESOLAT	3724	3724	1
55837	INNOVA	153	153	1
55859	ZIRIGUIBOOM/SIX DEGREES	1751	1751	1
55860	ZIRIGUIBOOM/SIX DEGREES	1751	1751	1
55867	MODE	342	342	1
55868	GHOSTLY INTERNATIONAL	2382	2382	1
55869	MORR MUSIC	2519	2519	1
55870	IMMUNE	3737	3737	1
55872	KILL ROCK STARS	374	374	1
55873	CUNEIFORM	437	437	1
55874	DRAG CITY	441	441	1
55875	BELLA UNION	3728	3728	1
55877	GONER	1323	1323	1
55878	JUNIOR ASPIRIN	3727	3727	1
55879	AUM FIDELITY	1046	1046	1
55880	CUNEIFORM	437	437	1
55881	THOR'S RUBBER HAMMER PRODUCTIONS	3489	3489	1
55884	SOUNDWAY	2355	2355	1
55885	SMITHSONIAN FOLKWAYS	250	250	1
55886	NONESUCH	799	799	1
55895	MONITOR	1641	1641	1
55897	UNSEEN WORLDS	3408	3408	1
55898	HOUSEHUSBAND	1542	1542	1
55899	LEVEL UP	3732	3732	1
55900	ONE LEAGUE	3731	3731	1
55901	STRANGE FAMOUS	3730	3730	1
55902	UTECH	3606	3606	1
55903	DE STIJL MUSIC	3739	3739	1
55905	INNOVA	153	153	1
55906	EXTREME	406	406	1
55907	DEAD CEO	1547	1547	1
55908	DEAD CEO	1547	1547	1
55909	DEAD CEO	1547	1547	1
55911	SELF-RELEASED	3007	3007	1
55914	SACRED BONES	3736	3736	1
55916	FULL PUPP	3722	3722	1
55917	ROUGH TRADE	282	282	1
55918	SELF-RELEASED	3007	3007	1
55919	HYPERDUB	3233	3233	1
55920	BLACK ACRE	3565	3565	1
55921	HESSLE AUDIO	3735	3735	1
55922	XL	1833	1833	1
55923	WATER GOES INTO AIR	3743	3743	1
55924	DIE SCHACHTEL	3745	3745	1
55925	BLACK TRUFFLE	3639	3639	1
55928	LEX	2213	2213	1
55929	EDITIONS MEGO	3207	3207	1
55930	SEDIMENTAL	1438	1438	1
55931	TYPE	3110	3110	1
55932	SACRED BONES	3736	3736	1
55933	PALACE/DRAG CITY	526	526	1
55934	SACRED BONES	3736	3736	1
55935	ROUNDER	283	283	1
55936	WOODSIST	3618	3618	1
55937	PAW TRACKS	2496	2496	1
55938	NO QUARTER	2135	2135	1
55939	MUSIC MAKER	2547	2547	1
55940	PADRE	3752	3752	1
55942	FAMILY VINEYARD	1980	1980	1
55943	SELF-RELEASED	3007	3007	1
55944	KIRTLAND	3753	3753	1
55945	NEW WORLD	351	351	1
55946	PI	2357	2357	1
55947	RED TOUCAN	2075	2075	1
55949	FELMAY	2117	2117	1
55951	FELMAY	2117	2117	1
55952	FELMAY	2117	2117	1
55954	KOMPAKT	2306	2306	1
55956	7EVEN	3634	3634	1
55957	SACRED BONES	3736	3736	1
55958	LUAKA BOP	382	382	1
55960	THRILL JOCKEY	266	266	1
55961	BULL CITY	3757	3757	1
55962	CLASSIC BAR MUSIC	3746	3746	1
55964	THIRD UNCLE	3741	3741	1
55965	SELF-RELEASED	3007	3007	1
55966	PLUT	3769	3769	1
55970	ROTTED TOOTH	3754	3754	1
55971	THE SOCIAL REGISTRY	2556	2556	1
55974	LOYAL LABEL	3698	3698	1
55975	SMALLTOWN SUPERJAZZ	3331	3331	1
55976	WOODSIST	3618	3618	1
55977	HARDLY ART	3315	3315	1
55978	BRAH/JAGJAGUWAR	3740	3740	1
55979	DEAD OCEANS	3326	3326	1
55980	MATADOR	332	332	1
55982	BIRDMAN	945	945	1
55983	KRANKY	377	377	1
55984	HOLY MOUNTAIN	132	132	1
55986	NO QUARTER	2135	2135	1
55987	PARLORTONE	3748	3748	1
55988	THRILL JOCKEY	266	266	1
55989	COLUMBUS DISCOUNT	3191	3191	1
55990	MONK	3749	3749	1
55991	ECSTATIC PEACE!	717	717	1
55992	AUM FIDELITY	1046	1046	1
55993	ROARATORIO	2946	2946	1
56000	CANTALOUPE	2378	2378	1
56001	RUNE GRAMMOFON	2423	2423	1
56002	SOLEILMOON	251	251	1
56003	SOLEILMOON	251	251	1
56004	MILLE PLATEAUX	942	942	1
56006	TZADIK	139	139	1
56007	POGUS	305	305	1
56011	INNOVA	153	153	1
56012	OHM	1443	1443	1
56018	ASANO	2858	2858	1
56019	ASANO	2858	2858	1
56020	AUSCULTARE RESEARCH/GROUND FAULT	2190	2190	1
56023	ACIDSOXX MUSICKS	2509	2509	1
56025	PSYCH-O-PATH	2784	2784	1
56026	IMPORTANT	2457	2457	1
56040	MUTABLEMUSIC	1986	1986	1
56043	XI	1904	1904	1
56044	CANTALOUPE	2378	2378	1
56048	PERIPLUM	1653	1653	1
56055	LOWLANDS	1471	1471	1
56068	NEW WORLD	351	351	1
56069	INNOVA	153	153	1
56073	MIO	2592	2592	1
56074	KRANKY	377	377	1
56077	FIRE INC.	1730	1730	1
56078	SEDIMENTAL	1438	1438	1
56079	SEDIMENTAL	1438	1438	1
56080	MORR MUSIC	2519	2519	1
56081	METAMKINE	2377	2377	1
56088	EMPREINTES DIGITALES	1096	1096	1
56098	TZADIK	139	139	1
56116	326	2735	2735	1
56143	ROOM40	2672	2672	1
56144	EMPREINTES DIGITALES	1096	1096	1
56146	POGUS	305	305	1
56153	TZADIK	139	139	1
56154	GROUND FAULT	1725	1725	1
56156	TZADIK	139	139	1
56157	SQUEALER	793	793	1
56161	EMPREINTES DIGITALES	1096	1096	1
56162	EMPREINTES DIGITALES	1096	1096	1
56173	GROUND FAULT	1725	1725	1
56177	SUB ROSA	805	805	1
56181	TZADIK	139	139	1
56183	ReR RECOMMENDED	2142	2142	1
56184	SUB ROSA	805	805	1
56185	EMPREINTES DIGITALES	1096	1096	1
56186	EMPREINTES DIGITALES	1096	1096	1
56195	AMBIANCES MAGNETIQUES/DAME	1479	1479	1
56198	EDITION MODERN/ReR MEGACORP	1473	1473	1
56199	POGUS	305	305	1
56207	OLD GOLD	962	962	1
56210	WITHOUT FEAR	1325	1325	1
56221	SPARKLING BEATNIK	1918	1918	1
56222	FLEECE	197	197	1
56223	FAMILY VINEYARD	1980	1980	1
56224	HUGO	1894	1894	1
56229	TZADIK	139	139	1
56245	CANTALOUPE	2378	2378	1
56246	NONESUCH	799	799	1
56247	TZADIK	139	139	1
56252	CLOCKED OUT PRODUCTIONS	2427	2427	1
56254	ROOM40	2672	2672	1
56257	QUECKSILBER	2935	2935	1
56259	PAX	1551	1551	1
56264	QDK MEDIA	1665	1665	1
56271	NEW WORLD	351	351	1
56274	SUB ROSA	805	805	1
56276	KRANKY	377	377	1
56280	5 RUE CHRISTINE	1125	1125	1
56291	UNIT CIRCLE	1137	1137	1
56295	OOdiscs	620	620	1
56298	TZADIK	139	139	1
56300	TZADIK	139	139	1
56302	CAIPIRINHA	1057	1057	1
56303	TZADIK	139	139	1
56305	c74	2201	2201	1
56311	CRI	460	460	1
56313	OOdiscs	620	620	1
56314	PACREC/TRONIKS	3263	3263	1
56319	EXPERIMENTAL INTERMEDIA	416	416	1
56324	NAGAM	2815	2815	1
56330	CANTALOUPE	2378	2378	1
56332	AMPERSAND	2196	2196	1
56343	INTERNATIONAL AUDIOCHROME	1042	1042	1
56349	GROUND FAULT	1725	1725	1
56350	ASPHODEL	502	502	1
56351	XI	1904	1904	1
56354	RED TOUCAN	2075	2075	1
56356	EMPREINTES DIGITALES	1096	1096	1
56358	self-released	853	853	1
56362	TZADIK	139	139	1
56363	POGUS	305	305	1
56365	GROUND FAULT	1725	1725	1
56366	SEDIMENTAL	1438	1438	1
56369	ALIEN8	1546	1546	1
56381	AUSCULTARE RESEARCH/GROUND FAULT	2190	2190	1
56383	NEW WORLD	351	351	1
56384	CUNEIFORM	437	437	1
56386	ANNETTE WORKS	1550	1550	1
56387	INNOVA	153	153	1
56388	BUBBLECORE	654	654	1
56389	CRI	460	460	1
56391	OHM	1443	1443	1
56392	GROUND FAULT	1725	1725	1
56400	UMBRELLA	1622	1622	1
56401	UMBRELLA	1622	1622	1
56402	UMBRELLA	1622	1622	1
56405	KLANG INDUSTRIES	196	196	1
56410	EXPLAIN	1516	1516	1
56413	HIT THING	2412	2412	1
56415	DEEP LISTENING	732	732	1
56418	INNOVA	153	153	1
56437	EMPREINTES DIGITALES	1096	1096	1
56439	EMPREINTES DIGITALES	1096	1096	1
56441	INNOVA	153	153	1
56451	INNOVA	153	153	1
56452	INNOVA	153	153	1
56459	NEW WORLD	351	351	1
56466	CRI	460	460	1
56468	INNOVA	153	153	1
56472	RUNE GRAMMOFON	2423	2423	1
56476	MILLE PLATEAUX	942	942	1
56479	W.I.N.	556	556	1
56486	EARTH EAR	2203	2203	1
56517	ASPHODEL	502	502	1
56518	OHM	1443	1443	1
56521	EMPREINTES DIGITALES	1096	1096	1
56522	INNOVA	153	153	1
56523	INNOVA	153	153	1
56531	EMPREINTES DIGITALES	1096	1096	1
56533	IMPORTANT	2457	2457	1
56539	FAT CAT	1602	1602	1
56543	SEDIMENTAL	1438	1438	1
56546	STAUBGOLD	2301	2301	1
56547	NONRESPONSE	2180	2180	1
56549	PERIPLUM	1653	1653	1
56551	SCHEMATIC/ASPHODEL	1731	1731	1
56565	SILBER	1836	1836	1
56566	INNOVA	153	153	1
56568	EMPREINTES DIGITALES	1096	1096	1
56571	OHM	1443	1443	1
56572	CARBON	1180	1180	1
56574	RUNE GRAMMOFON	2423	2423	1
56584	NEWTONE/ROBI DROLI	1504	1504	1
56602	ANTICON	2090	2090	1
56626	MEGO	1721	1721	1
56627	QUAKEBASKET	2376	2376	1
56628	EMPREINTES DIGITALES	1096	1096	1
56629	EMPREINTES DIGITALES	1096	1096	1
56643	AMBIANCES MAGNETIQUES	3174	3174	1
56655	SEELAND	290	290	1
56656	TZADIK	139	139	1
56660	NEW WORLD	351	351	1
56662	HONEST JON'S	2274	2274	1
56663	ATP	2491	2491	1
56664	BO'WEAVIL	3306	3306	1
56665	Bedroom Community	3289	3289	1
56710	EARSAY	1620	1620	1
56711	CAIPIRINHA	1057	1057	1
56713	CRI	460	460	1
56714	SEELAND	290	290	1
56715	X-OR	1588	1588	1
56717	KITCHEN MOTORS	1928	1928	1
56718	OHM	1443	1443	1
56720	EMF	2105	2105	1
56734	STAUBGOLD	2301	2301	1
56735	ROOM40	2672	2672	1
56738	ORANGE MOUNTAIN	2705	2705	2
56739	TOMLAB	2340	2340	1
56740	TOUCH	929	929	2
56741	NEW WORLD	351	351	1
56742	POGUS	305	305	1
56744	SUB ROSA	805	805	1
56745	STRIKING MECHANISM	3488	3488	1
56760	AMANITA/RASTASCAN	3199	3199	1
56762	SUBLIME FREQUENCIES	2590	2590	1
56764	ACADEMY	3697	3697	1
56767	HOT RELEASES	3508	3508	1
56768	HOT RELEASES	3508	3508	1
56769	POST PRESENT MEDIUM	3738	3738	1
56776	MERGE	337	337	1
56780	MERGE	337	337	1
56781	MATADOR	332	332	1
56784	CUNEIFORM	437	437	1
56785	DUAL PLOVER	3581	3581	1
56786	BARBES	3286	3286	1
56787	LAST GANG	3419	3419	1
56788	MATADOR	332	332	1
56790	PORTER	3454	3454	1
56791	ATAVISTIC	487	487	1
56792	GULCHER	2583	2583	1
56793	HOMOPHONI	3756	3756	1
56795	SUBLIME FREQUENCIES	2590	2590	1
56796	CUMBANCHA	3562	3562	1
56797	DAPTONE	2112	2112	1
56798	FUNNY/NOT FUNNY	3758	3758	1
56799	PERLON	2579	2579	1
56800	INNOVA	153	153	1
56805	PERLON	2579	2579	1
56807	SOUL JAZZ	1936	1936	1
56808	TRUNK	2686	2686	1
56809	UNIVERSAL SOUND/SOUL JAZZ	3767	3767	1
56810	ESP-DISK'	3474	3474	1
56811	ESP-DISK'	3474	3474	1
56812	ENGINE	3598	3598	1
56813	TZADIK	139	139	1
56814	WIND HIT	3755	3755	1
56815	RVNG INTL.	3766	3766	1
56818	NOT NOT FUN	2978	2978	1
56819	DOXY MUSIC	3768	3768	1
56820	AUS	3762	3762	1
56821	HONEST JON'S	2274	2274	1
56822	RRYGULAR	3761	3761	1
56826	PORTER	3454	3454	1
56827	INNOVA	153	153	1
56828	INNOVA	153	153	1
56830	MERGE	337	337	1
56835	BARSUK	1819	1819	1
56836	ANALOG AFRICA	3436	3436	1
56837	FELMAY	2117	2117	1
56838	FELMAY	2117	2117	1
56840	THE SOCIAL REGISTRY	2556	2556	1
56841	NOT NOT FUN	2978	2978	1
56842	S-S	2224	2224	1
56843	IN THE RED	960	960	1
56844	WORLD CIRCUIT/NONESUCH	967	967	1
56845	HONEST JON'S	2274	2274	1
56846	LEAF	1077	1077	1
56847	CRYPTOGRAMOPHONE	2150	2150	1
56848	ENJA	1615	1615	1
56854	ESP-DISK'	3474	3474	1
56855	ERADICATOR/SHIT IN CAN	3771	3771	1
56856	COLUMBUS DISCOUNT	3191	3191	1
56857	KILL SHAMAN	3337	3337	1
56858	MONIKER	3770	3770	1
56859	MUSIC OF THE SPHERES/CHUNKSAAH	3772	3772	1
56862	IDEASFORHOUSECRAFTS	3163	3163	1
56872	ANTICON	2090	2090	1
56874	SELF-RELEASED	3007	3007	1
56875	BUREAU-B	3529	3529	1
56876	4AD	3778	3778	1
56877	K	373	373	1
56879	ESP-DISK'	3474	3474	1
56880	ESP-DISK'	3474	3474	1
56881	ICP	2838	2838	1
56882	BLACK TENT PRESS	3779	3779	1
56887	THRONE OF BLOOD	3781	3781	1
56888	MISSISSIPPI	3352	3352	1
56889	MISSISSIPPI	3352	3352	1
56890	BIG LEGAL MESS	3773	3773	1
56891	BLASTCO	3774	3774	1
56892	SACRED BONES	3736	3736	1
56894	ANTI-	3004	3004	1
56895	GONER	1323	1323	1
56896	CHAPTER MUSIC/SILTBREEZE	3784	3784	1
56898	MUNSTER	2002	2002	1
56899	NUMERO GROUP	2709	2709	1
56900	STONES THROW	3777	3777	1
56901	HEAVY ON THE GRIND	3776	3776	3
56902	SOMEOTHASHIP CONNECT	3763	3763	1
56903	MEXICAN SUMMER	3670	3670	1
56906	FAMILY VINEYARD	1980	1980	1
56910	ODESSA	3534	3534	1
56911	HOLIDAYS FOR QUINCE	3238	3238	1
56915	TZADIK	139	139	1
56916	SMC	3764	3764	1
56917	VIPER	2621	2621	1
56918	EDITIONS MEGO	3207	3207	1
56919	DONTRUSTHERUIN	3392	3392	1
56920	TRUNK	2686	2686	1
56921	SUB ROSA	805	805	1
56922	PROFAN	3786	3786	1
56923	ICP	2838	2838	1
56926	PERMANENT VACATION	3787	3787	1
56927	FOREIGN FREQUENCY	3785	3785	1
56928	TIME-LAG	3433	3433	1
56929	PEOPLE IN A POSITION TO KNOW	3782	3782	1
56935	ABSOLUTELY KOSHER	1487	1487	1
56941	CRAMMED DISCS	3789	3789	1
56942	SOUNDWAY	2355	2355	1
56943	HONEST JON'S	2274	2274	1
56944	BOMBAY CONNECTION	3788	3788	1
56945	FAKE FOUR	3536	3536	1
56946	STATIC CARAVAN	3790	3790	1
56947	PIMIENTA	2127	2127	1
56949	LOCUST MUSIC	2199	2199	1
56950	SONY CLASSICAL	1176	1176	1
56966	AGOGO/QBADISC	546	546	1
56972	RIVERBOAT	2168	2168	1
56974	POLYGRAM	308	308	1
56975	MUSCLEWORKS INC.	3792	3792	1
56976	FONAL	3107	3107	1
56977	NOT NOT FUN	2978	2978	1
56978	WANTAGE	530	530	1
56980	HYDRA HEAD	2157	2157	1
56981	WE EMPTY ROOMS	3783	3783	1
56982	LEXICON DEVIL	2402	2402	1
56984	TEMPORARY RESIDENCE	1570	1570	1
56986	OKKADISK	357	357	1
56987	ENGINE	3598	3598	1
56989	IONIK	2945	2945	1
56992	LATITUDE/LOCUST MUSIC	2732	2732	1
56993	GIGOLO	3621	3621	1
56999	POGUS	305	305	1
57000	AAGOO	2383	2383	1
57001	DOG W/A BONE	3795	3795	1
57002	ASHMONT	2036	2036	1
57003	FAT CAT	1602	1602	1
57004	DEAD OCEANS	3326	3326	1
57005	NONESUCH	799	799	1
57006	frequeNC	3507	3507	1
57007	SAVOURY DAYS	3796	3796	1
57008	SUB ROSA	805	805	1
57009	frequeNC	3507	3507	1
57010	(self-released)	2782	2782	1
57011	WE ARE FREE	3381	3381	1
57018	SOUL JAZZ	1936	1936	1
57019	SHADOKS MUSIC	2221	2221	1
57020	SOUNDWAY	2355	2355	1
57021	ANALOG AFRICA	3436	3436	1
57032	BUMBO	3799	3799	1
57033	IMPORTANT	2457	2457	1
57034	NO QUARTER	2135	2135	1
57035	TYPE	3110	3110	1
57037	WORLD CIRCUIT/NONESUCH	967	967	1
57050	LUAKA BOP	382	382	1
57051	AHI-NAMA	1798	1798	1
57053	VAMPISOUL	2892	2892	1
57057	UNIVERSAL	2000	2000	1
57064	LOCUTOR	2634	2634	1
57067	NOW-AGAIN/STONE'S THROW	2466	2466	1
57068	SMITHSONIAN FOLKWAYS	250	250	1
57075	WORLD CIRCUIT/NONESUCH	967	967	1
57079	WARNER BROTHERS	223	223	1
57086	ZIRIGUIBOOM/SIX DEGREES	1751	1751	1
57087	ARHOOLIE	120	120	1
57095	UNIVERSAL	2000	2000	1
57103	AHI-NAMA	1798	1798	1
57104	HANNIBAL/RYKODISC	570	570	1
57105	QUANNUM PROJECTS	1610	1610	1
57110	AVATAR	2561	2561	1
57111	ARHOOLIE	120	120	1
57113	EL	2952	2952	1
57114	PARAISO SONICO	2148	2148	1
57115	WORLD CIRCUIT/NONESUCH	967	967	1
57117	SIX DEGREES	722	722	1
57121	CORASON/ROUNDER	503	503	1
57126	POLYGRAM	308	308	1
57135	VERVE	550	550	1
57139	WORLD CIRCUIT/NONESUCH	967	967	1
57151	ARHOOLIE	120	120	1
57155	ARHOOLIE	120	120	1
57159	WORLD VILLAGE	1999	1999	1
57161	ARHOOLIE	120	120	1
57163	SMITHSONIAN FOLKWAYS	250	250	1
57164	ARHOOLIE	120	120	1
57167	LUAKA BOP	382	382	1
57168	SMITHSONIAN FOLKWAYS	250	250	1
57169	ARHOOLIE	120	120	1
57170	ARHOOLIE	120	120	1
57176	RIVERMAN/YOGA	3791	3791	1
57177	AAGOO	2383	2383	1
57178	TRUNK	2686	2686	1
57179	HOMETAPES	3584	3584	1
57180	SUB ROSA	805	805	1
57184	AHI-NAMA	1798	1798	1
57185	AHI-NAMA	1798	1798	1
57189	ARHOOLIE	120	120	1
57191	ARHOOLIE	120	120	1
57195	SMITHSONIAN FOLKWAYS	250	250	1
57196	WORLD CIRCUIT/NONESUCH	967	967	1
57201	MUSIC CLUB	1082	1082	1
57210	UBIQUITY	706	706	1
57211	ZIRIGUIBOOM/SIX DEGREES	1751	1751	1
57214	HIGHER OCTAVE WORLD/VIRGIN	1878	1878	1
57215	VIRGIN	219	219	1
57216	HIGHER OCTAVE WORLD/VIRGIN	1878	1878	1
57219	WORLD VILLAGE	1999	1999	1
57221	POLYGRAM	308	308	1
57222	LUAKA BOP	382	382	1
57225	CIRCULAR MOVEMENTS	2861	2861	1
57229	VELAS	1813	1813	1
57230	CHESKY	1097	1097	1
57231	SONY CLASSICAL	1176	1176	1
57233	INTUITION	1378	1378	1
57234	WORLD CIRCUIT/NONESUCH	967	967	1
57235	WORLD CIRCUIT/NONESUCH	967	967	1
57245	HARLEQUIN	1219	1219	1
57247	WARNER BROTHERS	223	223	1
57250	TERRASCAPE	1483	1483	1
57253	HANNIBAL/RYKODISC	570	570	1
57259	ROUNDER	283	283	1
57260	INTUITION	1378	1378	1
57261	INTUITION	1378	1378	1
57267	NONESUCH	799	799	1
57268	NONESUCH	799	799	1
57273	LE CHANT DU MONDE	2317	2317	1
57277	SUNNYSIDE	2220	2220	1
57284	ATLANTIC	123	123	1
57285	PIMIENTA	2127	2127	1
57287	INDIGO	1788	1788	1
57288	SIX DEGREES	722	722	1
57294	POINT	307	307	1
57301	MOFANGO	2870	2870	1
57304	POLYGRAM	308	308	1
57305	NONESUCH	799	799	1
57308	NONESUCH	799	799	1
57310	NONESUCH	799	799	1
57311	NONESUCH	799	799	1
57318	LUAKA BOP	382	382	1
57355	GOLD DUST MEDIA	3456	3456	1
57356	(self-released)	2782	2782	1
57357	ASH INTERNATIONAL	3802	3802	1
57359	GUERSSEN	3555	3555	1
57360	GUERSSEN	3555	3555	1
57361	LIGHT IN THE ATTIC	2738	2738	1
57362	TOMPKINS SQUARE	3040	3040	1
57363	DEVIL DOWN	3804	3804	1
57364	SUBLIME FREQUENCIES	2590	2590	1
57366	PALILALIA	3657	3657	1
57367	HONEST JON'S	2274	2274	1
57368	FAMILY VINEYARD	1980	1980	1
57369	ABATON BOOK COMPANY	2040	2040	1
57435	ROUNDER	283	283	1
57438	TRADITIONAL CROSSROADS	505	505	1
57440	ARHOOLIE	120	120	1
57441	SHANACHIE	291	291	1
57443	ROUNDER	283	283	6
57445	SMITHSONIAN FOLKWAYS	250	250	1
57448	RHINO	275	275	1
57449	SIX DEGREES	722	722	1
57450	CANDELA	958	958	1
57452	ROUNDER	283	283	1
57453	SMITHSONIAN FOLKWAYS	250	250	2
57455	SMITHSONIAN FOLKWAYS	250	250	1
57459	ROUNDER	283	283	1
57460	COMPOST	1345	1345	1
57461	RHINO	275	275	1
57462	ARHOOLIE	120	120	1
57463	ZIRIGUIBOOM/SIX DEGREES	1751	1751	1
57465	QUANGO	667	667	1
57475	SMITHSONIAN FOLKWAYS	250	250	1
57477	HONEST JON'S	2274	2274	3
57480	ROUNDER	283	283	1
57483	CRIPPLED DICK HOT WAX!	901	901	1
57484	ROUNDER	283	283	1
57485	PALENQUE	2450	2450	1
57487	NONESUCH	799	799	1
57488	NONESUCH	799	799	1
57489	SMITHSONIAN FOLKWAYS	250	250	1
57490	SMITHSONIAN FOLKWAYS	250	250	1
57497	WORLD MUSIC NETWORK	2009	2009	1
57498	ARHOOLIE	120	120	1
57499	ESSAY	2422	2422	1
57500	MAN RECORDINGS	2871	2871	1
57501	SOUL JAZZ	1936	1936	1
57504	SMITHSONIAN FOLKWAYS	250	250	1
57505	ESSAY	2422	2422	1
57506	NUMERO GROUP	2709	2709	1
57507	SOUNDWAY	2355	2355	1
57508	HONEST JON'S	2274	2274	1
57509	ESSAY	2422	2422	1
57510	NUMERO GROUP	2709	2709	1
57512	STRUT	1941	1941	1
57515	AMBIANCES MAGNETIQUES	3174	3174	1
57519	SUFFERAH'S CHOICE	3798	3798	1
57521	ROC-A-FELLA	3806	3806	1
57522	MECCA	3807	3807	1
57523	HOT FLUSH	3797	3797	1
57524	BIG DADA	3269	3269	1
57525	BA DA BING!	1110	1110	1
57526	FEEDING TUBE	3800	3800	1
57527	TIME-LAG	3433	3433	1
57528	HYPERDUB	3233	3233	1
57529	HONEST JON'S	2274	2274	1
57531	AHI-NAMA	1798	1798	1
57534	PIMIENTA	2127	2127	1
57535	INTUITION	1378	1378	1
57540	INAM	3447	3447	1
57541	DRUGHORSE	3630	3630	1
57542	NOT NOT FUN	2978	2978	1
57544	ARHOOLIE	120	120	1
57545	NONESUCH	799	799	1
57546	ARHOOLIE	120	120	1
57547	LUSAFRICA	1974	1974	1
57548	WORLD CIRCUIT/NONESUCH	967	967	1
57560	AUM FIDELITY	1046	1046	1
57561	DELMARK	435	435	1
57562	CARRIER	3679	3679	1
57563	PAW TRACKS	2496	2496	1
57571	ROUGH TRADE	282	282	1
57572	JAZZMAN	2411	2411	1
57576	HOLY MOUNTAIN	132	132	1
57577	YOUNG GOD	1723	1723	1
57578	SACRED BONES	3736	3736	1
57579	TYPE	3110	3110	1
57580	OLDE ENGLISH SPELLING BEE	3793	3793	1
57582	DEAD CEO	1547	1547	1
57585	FATCAT	1728	1728	1
57586	MODE	342	342	1
57587	self-released	853	853	1
57588	CABIN FLOOR ESOTERICA	3801	3801	1
57589	DIGITALIS	2921	2921	1
57590	QDK MEDIA	1665	1665	1
57591	YAALA YAALA	3307	3307	1
57593	ABDUCTION	176	176	1
57594	NOT NOT FUN	2978	2978	1
57595	OLDE ENGLISH SPELLING BEE	3793	3793	1
57596	SUBLIME FREQUENCIES	2590	2590	2
57597	SUBLIME FREQUENCIES	2590	2590	1
57598	HESSLE AUDIO	3735	3735	1
57599	SUB ROSA	805	805	1
57600	GHETTOPHILES	3811	3811	1
57601	UNIVERSAL	2000	2000	1
57606	MODE	342	342	1
57613	FIREHOUSE	3439	3439	1
57615	ANTICON	2090	2090	1
57616	ANTICON	2090	2090	1
57617	LUSAFRICA	1974	1974	1
57618	SIX DEGREES	722	722	1
57619	ESP-DISK'	3474	3474	1
57620	ESP-DISK'	3474	3474	1
57621	ENGINE	3598	3598	1
57622	S-S	2224	2224	1
57623	NO WAY	3815	3815	1
57624	WERK	3347	3347	1
57626	HOLIDAYS FOR QUINCE	3238	3238	1
57627	STAUBGOLD	2301	2301	1
57629	AUM FIDELITY	1046	1046	1
57630	self-released	853	853	1
57631	INNOVA	153	153	1
57633	STONES THROW	3777	3777	1
57635	THRILL JOCKEY	266	266	2
57636	ITALIANS DO IT BETTER	3817	3817	1
57637	TREKKY	2635	2635	1
57638	SILTBREEZE	298	298	1
57639	OLDE ENGLISH SPELLING BEE	3793	3793	1
57640	LOCUST	3808	3808	1
57641	OLDE ENGLISH SPELLING BEE	3793	3793	1
57642	HOT RELEASES	3508	3508	1
57643	HOT RELEASES	3508	3508	1
57644	AGUIRRE	3809	3809	1
57647	GRAVITY WAVE	3900	3900	2
57652	NUMERO GROUP	2709	2709	1
57664	BARBES	3286	3286	2
57665	BOLLYWOOD DEPICTION	3803	3803	1
57666	QUIET DESIGN	3516	3516	1
57668	DECON	3495	3495	1
57669	WESTERN VINYL	2140	2140	1
57671	STAUBGOLD	2301	2301	1
57672	GONER	1323	1323	1
57673	GYPSY FARM	3813	3813	1
57674	GONER	1323	1323	1
57681	WEIRD FOREST	3391	3391	1
57682	PHOENIX	3820	3820	1
57683	PHOENIX	3820	3820	1
57684	MAGAZINE	3814	3814	1
57686	S-S	2224	2224	1
57688	MATADOR	332	332	1
57689	DE STIJL	3123	3123	1
57690	NERO'S NEPTUNE	3819	3819	1
57704	NERO'S NEPTUNE	3819	3819	1
57705	NERO'S NEPTUNE	3819	3819	1
57706	SOUTHERN CULTURES	3823	3823	1
57708	I AM SOUND	3683	3683	1
57709	STRUT	1941	1941	1
57710	YOUNG TURKS	3642	3642	1
57711	SONGLINES	137	137	1
57713	OUT HERE	2906	2906	1
57714	JAGJAGUWAR	1217	1217	1
57715	GILEAD MEDIA	3527	3527	1
57716	SOFT ABUSE	2506	2506	1
57717	DE STIJL	3123	3123	1
57718	SEASON OF MIST	3824	3824	1
57719	FONAL	3107	3107	1
57720	FIRE	3593	3593	1
57721	WARP	733	733	1
57722	MEXICAN SUMMER	3670	3670	1
57723	BA DA BING!	1110	1110	1
57724	SUICIDE SQUEEZE	1461	1461	1
57725	SECRETLY CANADIAN	670	670	1
57727	MISSISSIPPI	3352	3352	1
57728	S-S	2224	2224	1
57730	LOAD	539	539	1
57731	YIK YAK	3109	3109	1
57732	PERMANENT	1031	1031	1
57733	S-S	2224	2224	1
57734	HOT RELEASES	3508	3508	1
57735	FATHER/DAUGHTER	3827	3827	1
57736	PARTISAN	3553	3553	1
57737	MISSISSIPPI	3352	3352	1
57739	PARADISE OF BACHELORS	3818	3818	1
57740	SUNBEAM	3155	3155	1
57742	SOUL JAZZ	1936	1936	1
57748	HYPERDUB	3233	3233	1
57750	NOT NOT FUN	2978	2978	1
57751	KOMPAKT	2306	2306	1
57755	DECON	3495	3495	1
57756	UNIVERSAL SOUND/SOUL JAZZ	3767	3767	1
57757	PLANET MU	2207	2207	1
57758	PLANET MU	2207	2207	2
57759	STONES THROW	3777	3777	1
57768	TABLE OF THE ELEMENTS	263	263	1
57769	KARAOKE KALK	2734	2734	1
57770	UNIVERSAL SOUND/SOUL JAZZ	3767	3767	1
57773	POLYVINYL	1198	1198	1
57774	MERGE	337	337	1
57777	LOAD	539	539	1
57778	NUMERO GROUP	2709	2709	1
57779	DUST-TO-DIGITAL	2615	2615	1
57780	CRAMMED DISCS	3789	3789	1
57781	ISOUNDERSCORE	3652	3652	2
57782	TRUNK	2686	2686	1
57783	PI	2357	2357	1
57784	CONSTELLATION	1402	1402	1
57785	482 MUSIC	1958	1958	1
57786	PORTER	3454	3454	1
57787	PORTER	3454	3454	1
57788	LEAF	1077	1077	1
57789	DECON	3495	3495	1
57790	WENDEME ENTERTAINMENT	3841	3841	1
57791	QUANNUM PROJECTS	1610	1610	1
57792	XL	1833	1833	1
57793	DE STIJL	3123	3123	1
57794	TERP	2827	2827	1
57795	MEDICAL	3828	3828	1
57796	DRAG CITY	441	441	1
57797	COLUMBUS DISCOUNT	3191	3191	1
57798	SILTBREEZE	298	298	1
57799	SMALLTOWN SUPERSOUND	2244	2244	1
57800	PEOPLE'S POTENTIAL UNLIMITED	3470	3470	1
57801	STRANGE LIFE	3834	3834	1
57802	100% SILK	3833	3833	1
57806	BUREAU-B	3529	3529	2
57807	TRACE ELEMENTS	3829	3829	1
57808	EONE	3832	3832	1
57809	AMBIANCES MAGNETIQUES	3174	3174	1
57810	AUM FIDELITY	1046	1046	1
57811	DELMARK	435	435	1
57813	AUTUMN	3831	3831	1
57816	ROB'S HOUSE	3434	3434	1
57817	TIC TAC TOTALLY	3681	3681	1
57818	HOT RELEASES	3508	3508	1
57820	S-S	2224	2224	1
57827	GONER	1323	1323	1
57829	self-released	853	853	1
57830	FAMILY VINEYARD	1980	1980	1
57831	SUBLIME FREQUENCIES	2590	2590	1
57832	DEAD OCEANS	3326	3326	1
57833	DE STIJL	3123	3123	1
57834	SMALL DOSES	3713	3713	1
57835	MATADOR	332	332	1
57836	CORWOOD INDUSTRIES	479	479	1
57837	TYPE	3110	3110	1
57838	FIRE	3593	3593	1
57839	NERO'S NEPTUNE	3819	3819	1
57840	PUNCH DRUNK	3848	3848	1
57841	DRAG CITY/YOGA	3826	3826	2
57842	HEAVEN & EARTH MAGIC	3835	3835	1
57843	TECTONIC	3435	3435	1
57846	KRANKY	377	377	1
57847	KOMPAKT	2306	2306	2
57850	ERSTWHILE	1661	1661	1
57851	MODERN LOVE	3838	3838	1
57852	WEIRD FOREST	3391	3391	1
57853	HONEST JON'S	2274	2274	1
57854	HONEST JON'S	2274	2274	1
57859	(self-released)	3853	3853	2
57868	DIGITALIS	2921	2921	1
57869	IN THE RED	960	960	1
57870	CARPARK	1692	1692	1
57871	LABRADOR	3865	3865	1
57872	SUB POP	258	258	1
57873	PAW TRACKS	2496	2496	1
57874	MERGE	337	337	1
57875	WIERD	3864	3864	1
57877	HARDLY ART	3315	3315	1
57878	KRANKY	377	377	1
57881	SOPHOMORE LOUNGE	3839	3839	1
57882	KYE	3842	3842	1
57883	HOT RELEASES	3508	3508	1
57884	CHURCHKEY	3410	3410	1
57885	DISTORTIONS	3840	3840	1
57886	JAGJAGUWAR	1217	1217	1
57889	SOUNDS FAMILYRE	3843	3843	1
57893	DIAL	1814	1814	1
57894	MONIKA	2704	2704	1
57895	TYPE	3110	3110	1
57896	TYPE	3110	3110	1
57897	INNOVA	153	153	1
57898	LACIES	3849	3849	1
57899	NO QUARTER	2135	2135	1
57901	IGNIVOMOUS	633	633	1
57902	ROARATORIO	2946	2946	1
57903	BLASTOCOEL SOUND	3836	3836	1
57904	frequeNC	3507	3507	1
57907	THRILL JOCKEY	266	266	1
57909	MILVIA SON	3855	3855	1
57910	THREAD PULL RECORDS	3858	3858	1
57911	S-S	2224	2224	1
57912	WARONRECORDS	3859	3859	1
57915	PORTER	3454	3454	1
57916	ENGINE	3598	3598	1
57917	K-RAA-K	3846	3846	1
57918	PORTER	3454	3454	1
57919	PORTER	3454	3454	1
57922	ANALOG AFRICA	3436	3436	1
57923	NORTHERN-SPY	3845	3845	1
57924	SUB POP	258	258	1
57925	THE SOCIAL REGISTRY	2556	2556	1
57926	4AD	3778	3778	1
57927	THRILL JOCKEY	266	266	1
57928	TEXTILE	2729	2729	1
57929	FATCAT	1728	1728	1
57930	SUBLIME FREQUENCIES	2590	2590	1
57931	FAMILY VINEYARD	1980	1980	1
57934	KILL SHAMAN	3337	3337	2
57936	SUBLIME FREQUENCIES	2590	2590	1
57938	EMERALD COCOON	3844	3844	1
57939	WOODSIST	3618	3618	1
57940	GONER	1323	1323	1
57941	DRAG CITY	441	441	1
57942	DOMINO SOUND	3628	3628	1
57943	THRILL JOCKEY	266	266	1
57947	MERGE	337	337	1
57949	RHYMESAYERS	2102	2102	1
57956	KILL SHAMAN	3337	3337	1
57962	SOUL-CAL/STONE'S THROW	2646	2646	1
57963	BIG LEGAL MESS	3773	3773	1
57964	DUST-TO-DIGITAL	2615	2615	1
57965	SUBLIME FREQUENCIES	2590	2590	1
57966	CUMBANCHA	3562	3562	1
57967	SOCIAL MUSIC	3847	3847	1
57969	MISSISSIPPI	3352	3352	1
57976	540 RECORDS	3875	3875	1
57982	WARP	733	733	1
57984	DUG OUT	3872	3872	1
57985	IMMERSION	3653	3653	1
57986	CENTERING	3870	3870	1
57987	TZADIK	139	139	1
57988	MUTABLEMUSIC	3177	3177	1
57989	WARP	733	733	1
57990	SUB POP	258	258	1
57991	SOUTHERN LORD	2331	2331	1
57992	BUREAU-B	3529	3529	1
57993	EDITIONS MEGO	3207	3207	1
57994	HAPNA	2484	2484	1
57995	FASHIONABLE IDIOTS	3874	3874	1
57996	NUMBERS	3877	3877	1
57997	NUMBERS	3876	3876	1
58001	NOT NOT FUN	2978	2978	1
58002	SPECTRAL SPOOLS	3852	3852	1
58003	PRESERVATION	3850	3850	1
58005	RVNG INTL.	3766	3766	1
58006	EHSE	3851	3851	1
58009	DE STIJL	3123	3123	1
58010	KRANKY	377	377	1
58011	WE ARE FREE	3381	3381	1
58013	FONAL	3107	3107	1
58014	PORTER	3454	3454	1
58015	CONSTELLATION	1402	1402	1
58016	UTECH	3606	3606	1
58017	NOT NOT FUN	2978	2978	1
58018	STRANGELET	3885	3885	1
58019	EMERALD COCOON	3844	3844	1
58020	PALILALIA	3657	3657	1
58022	self-released	853	853	1
58024	MATADOR	332	332	1
58026	SLUMBERLAND	248	248	1
58027	(self-released)	3853	3853	1
58028	Jet Life Recordings	3861	3861	1
58029	ASTHMATIC KITTY	2166	2166	1
58030	EMERALD COCOON	3844	3844	1
58032	VALENTINE CONNEXION	3887	3887	1
58046	TROUBLEMAN UNLIMITED	858	858	1
58055	HONEST JON'S	2274	2274	1
58056	SYLLART PRODUCTIONS	3780	3780	1
58057	WORLD ARBITER	1850	1850	1
58058	KOMPAKT	2306	2306	1
58060	THIRSTY EAR	808	808	1
58061	AUM FIDELITY	1046	1046	1
58062	RANT	3860	3860	1
58063	THRILL JOCKEY	266	266	1
58064	ALIVE	110	110	1
58065	MISSISSIPPI	3352	3352	1
58069	PI	2357	2357	1
58071	OMNI	3866	3866	1
58072	RUSH HOUR	3863	3863	1
58073	LAID	3867	3867	1
58075	NIGHT SLUGS	3868	3868	1
58076	SOFRITO SUPER SINGLES	3894	3894	1
58080	GHOST DISC	3878	3878	2
58081	GHOST DISC	3878	3878	2
58082	GHETTOPHILES	3811	3811	1
58083	HEAVY ON THE GRIND	3776	3776	1
58084	ICE H2O	3627	3627	1
58085	LTM	2391	2391	1
58086	PLANET MU	2207	2207	1
58087	STONES THROW	3777	3777	1
58088	100% SILK	3833	3833	1
58089	SORRY STATE	3891	3891	3
58090	MIGHTY MOUTH MUSIC	3897	3897	1
58093	VAMPISOUL	2892	2892	1
58094	STRUT	1941	1941	1
58095	QUESTZ	3888	3888	1
58096	CUNEIFORM	437	437	1
58097	PORTER	3454	3454	1
58098	UNSEEN WORLDS	3408	3408	1
58099	PI	2357	2357	1
58100	DRAG CITY	441	441	1
58101	DE STIJL	3123	3123	1
58104	DRAG CITY	441	441	1
58105	WEIRD FOREST	3391	3391	1
58106	FAT CAT	1602	1602	1
58107	AMISH	500	500	1
58108	MERGE	337	337	1
58109	HANSON	2367	2367	1
58110	SUB POP	258	258	1
58111	TOMPKINS SQUARE	3040	3040	1
58112	PORTER	3454	3454	1
58113	FANTASY	1990	1990	1
58114	NEVERMORE	3889	3889	1
58115	TOMPKINS SQUARE	3040	3040	1
58116	HISTORY ALWAYS FAVORS THE WINNERS	3674	3674	1
58117	STRANGE ATTRACTORS	1858	1858	1
58121	WARP	733	733	1
58122	SACRED BONES	3736	3736	1
58124	THRILL JOCKEY	266	266	1
58125	MATADOR	332	332	1
58129	S-S	2224	2224	1
58139	DIE SCHACHTEL	3745	3745	1
58140	ILLEGAL ART	1997	1997	1
58141	SOLEILMOON	251	251	1
58143	THREE:FOUR	3895	3895	1
58144	DRAG CITY	441	441	1
58146	SACRED BONES	3736	3736	1
58147	L.I.E.S.	3898	3898,4030	2
58148	MOI J'CONNAIS	3871	3871	1
58149	DAGGERMAN	3543	3543	1
58152	LIGHT IN THE ATTIC	2738	2738	1
58154	DE STIJL	3123	3123	1
58156	HARDLY ART	3315	3315	1
58157	IN THE RED	960	960	1
58158	SORRY STATE	3891	3891	4
58160	TENDER LOVING EMPIRE	3450	3450	1
58173	4AD	3778	3778	1
58174	DE STIJL	3123	3123	1
58175	YOGA	3903	3903	1
58176	KLIMT	3904	3904	1
58177	SILTBREEZE	298	298	1
58178	MEDICAL	3828	3828	1
58179	RIBBON MUSIC	3901	3901	1
58180	NEW IMAGES	3902	3902	1
58181	ARBITRARY SIGNS	3892	3892	1
58182	TURNED WORD	3886	3886	1
58183	NOT NOT FUN	2978	2978	1
58184	CULTURES OF SOUL	3905	3905	1
58186	FIRE	3593	3593	1
58187	WEIRD FOREST	3391	3391	1
58188	TYPE	3110	3110	1
58189	SACRED BONES	3736	3736	1
58190	ALMOST READY	3906	3906	1
58191	KRANKY	377	377	1
58192	NASTY MEMORIES	3921	3921	1
58194	self-released	853	853	1
58195	EXPERIMEDIA	3916	3916	1
58197	RVNG INTL.	3766	3766	1
58198	SORRY STATE	3891	3891	1
58199	HOLY MOUNTAIN	132	132	1
58200	SORRY STATE	3891	3891	1
58201	YELLOWELECTRIC	3913	3913	1
58202	YELLOWELECTRIC	3913	3913	1
58203	YELLOWELECTRIC	3913	3913	1
58204	SORRY STATE	3891	3891	1
58206	PARADISE OF BACHELORS	3818	3818	1
58207	ARBITRARY SIGNS	3892	3892	1
58208	THRILL JOCKEY	266	266	1
58209	MEXICAN SUMMER	3670	3670	1
58210	B MUSIC/FINDERS KEEPERS	3605	3605	1
58212	MOI J'CONNAIS	3871	3871	1
58213	MASSTROPICAS	3890	3890	1
58215	ANTI-	3004	3004	1
58217	B MUSIC/FINDERS KEEPERS	3605	3605	1
58218	POCAHONTAS SWAMP MACHINE	1001	1001	1
58219	FURTHER	3911	3911	1
58220	FURTHER	3911	3911	1
58222	ITALIANS DO IT BETTER	3817	3817	1
58279	LE GRAND MAGISTERY	1061	1061	1
58281	BLUESBEAT	1713	1713	1
58282	ARCANIA INTERNATIONAL	1876	1876	1
58283	ARCANIA INTERNATIONAL	1876	1876	2
58284	ARCANIA INTERNATIONAL	1876	1876	1
58287	BUNGALOW	1843	1843	1
58288	DEMONBEACH	1840	1840	1
58289	self-released	853	853	1
58292	ACUARELA	1959	1959	1
58293	MONDRIAN SOUND	2239	2239	1
58294	BAR/NONE	128	128	1
58296	WISHING TREE	2350	2350	1
58301	DISTORTIONS/WATERPIPE	1944	1944	1
58304	SHOCK	2913	2913	1
58306	AMISH	500	500	1
58307	PSF	2859	2859	1
58308	B MUSIC/FINDERS KEEPERS	3605	3605	1
58393	2A	1420	1420	1
58394	JAPAN OVERSEAS	1185	1185	1
58395	BLOOD RED	727	727	1
58397	L'IL RED WAGON	1500	1500	1
58401	RHINO	275	275	1
58404	RESTLESS	274	274	1
58406	ACE	1128	1128	1
58412	LO	2014	2014	1
58413	SUICIDE WATCH	2106	2106	1
58418	BLOODSHOT	571	571	1
58422	S-S	2224	2224	1
58424	INFLATABL	2677	2677	1
58427	RPM	1175	1175	1
58429	MOULTY	3413	3413	1
58430	EVERLOVING	2931	2931	1
58431	PSYCHIC CIRCLE	3415	3415	1
58432	PSYCHIC CIRCLE	3415	3415	1
58434	NUMERO GROUP	2709	2709	1
58435	YEAR ZERO	3883	3883	1
58482	COOL BEANS!	1549	1549	1
58494	OHM	1443	1443	1
58496	COOL BEANS!	1549	1549	1
58498	COOL BEANS!	1549	1549	1
58501	EMPEROR NORTON	1347	1347	1
58506	MR. LADY	1189	1189	1
58507	COMPOST	1345	1345	1
58508	MOTEL	1451	1451	1
58509	AESTHETICS	1484	1484	1
58510	EENIE MEENIE	1706	1706	1
58512	GRAPEVINE	2310	2310	1
58514	JONES	2365	2365	1
58516	RELAPSE	710	710	1
58519	POX WORLD EMPIRE	2163	2163	1
58521	JAZZMAN	2411	2411	1
58524	LAST VISIBLE DOG	2808	2808	1
58525	B MUSIC/FINDERS KEEPERS	3605	3605	1
58526	ANGULAR	3816	3816	1
58527	12XU	3869	3869	1
58547	DET.UND	2769	2769	1
58588	DARLA	138	138	1
58599	DEL-FI	201	201	1
58600	AMERICAN PRIMITIVE	1083	1083	1
58601	KILL ROCK STARS	374	374	1
58602	DEL-FI	201	201	1
58604	SOULVILLE	1711	1711	1
58606	BLOODSHOT	571	571	1
58611	STRUT	1941	1941	1
58612	O.S.T.	2218	2218	1
58616	DFA	2151	2151	1
58620	SUB ROSA	805	805	2
58621	MARINA	1844	1844	1
58650	BACCHUS/DIONYSUS	1114	1114	1
58661	EIGHTEENTH STREET LOUNGE MUSIC	874	874	1
58665	NUMERO GROUP	2709	2709	1
58666	NUMERO GROUP	2709	2709	1
58667	NUMERO GROUP	2709	2709	1
58668	NUMERO GROUP	2709	2709	1
58669	NUMERO GROUP	2709	2709	1
58670	NUMERO GROUP	2709	2709	1
58671	CEPHIA'S TREAT	3341	3341	1
58672	NUMERO GROUP	2709	2709	1
58673	NUMERO GROUP	2709	2709	1
58674	NUMERO GROUP	2709	2709	1
58675	NUMERO GROUP	2709	2709	1
58676	PAST & PRESENT	3571	3571	1
58677	PAST & PRESENT	3571	3571	1
58733	BACCHUS/DIONYSUS	1114	1114	4
58738	R&D	1886	1886	1
58741	FUEL 2000	1875	1875	1
58742	BROKEN REKIDS	2113	2113	1
58743	STONE'S THROW	1153	1153	1
58748	GALLERY 16	2362	2362	1
58749	FOUND MAGAZINE	2682	2682	1
58751	PEACEVILLE	2822	2822	1
58753	DELAY 68/CHERRY RED	2895	2895	1
58754	FAT CAT	1602	1602	1
58755	TRUNK	2686	2686	1
58756	JAZZMAN	2411	2411	1
58758	PSYCHIC CIRCLE	3415	3415	1
58760	S-S	2224	2224	1
58807	SOUL FIRE	1923	1923	2
58810	ROMULAN	993	993	1
58812	BACCHUS/DIONYSUS	1114	1114	1
58813	TWO-TON SANTA	2216	2216	1
58815	TRIKONT	827	827	1
58816	SUNDAZED	164	164	1
58817	CASTLE/SANCTUARY	2713	2713	1
58819	ACE	1128	1128	1
58820	RPM	1175	1175	1
58821	ACE	1128	1128	1
58823	NUMERO GROUP	2709	2709	1
58824	PSYCHIC CIRCLE	3415	3415	1
58825	TRUNK	2686	2686	1
58826	PAST & PRESENT	3571	3571	1
58871	C&P GODDESS	1556	1556	1
58875	EXTRA BALL	1498	1498	1
58876	BETTER LOOKING	1867	1867	1
58877	YOUR FLESH	1926	1926	1
58880	BACCHUS/DIONYSUS	1114	1114	1
58883	TRIKONT	827	827	1
58887	KITTRIDGE	2882	2882	1
58888	EMPEROR JONES	600	600	1
58890	NUMERO GROUP	2709	2709	1
58891	PAST & PRESENT	3571	3571	1
58944	DRIVE-IN	1403	1403	1
58950	IRMA	2126	2126	1
58956	ISOTA	2430	2430	1
58960	KEMADO	2918	2918	1
58983	KINDERCORE	643	643	1
58990	ACE	1128	1128	1
58991	DIONYSUS	510	510	1
59008	ARCHENEMY	1898	1898	1
59026	DEPHINE KNORMAL MUSIC	1256	1256	1
59027	KNITTING FACTORY	375	375	1
59031	KCOU	2017	2017	1
59033	NORTON	355	355	1
59034	DKM	2926	2926	1
59079	BACCHUS/DIONYSUS	1114	1114	1
59098	DARLA	138	138	1
59103	CRED FACTORY	797	797	1
59105	STRIP	1712	1712	1
59110	MARCH	134	134	1
59114	BACCHUS/DIONYSUS	1114	1114	1
59122	SUNDAZED	164	164	1
59123	SUNDAZED	164	164	1
59124	ECSTATIC PEACE!	717	717	1
59125	TIGERBEAT6	2288	2288	1
59126	RARE BOOK ROOM	3438	3438	1
59128	NUMERO GROUP	2709	2709	1
59204	PUNK IN MY VITAMINS	1406	1406	1
59206	BIRDMAN	945	945	1
59210	BUBBLECORE	654	654	1
59211	MARCH	134	134	1
59212	WFMU	1329	1329	1
59215	HELICOPTER	1848	1848	1
59220	SORRY, NOT TODAY	2001	2001	1
59224	STRUT	1941	1941	1
59225	MENTAL MONKEY	2394	2394	1
59226	JAZZMAN	2411	2411	1
59227	ZE	2641	2641	1
59228	TOYTOWN	2703	2703	2
59231	BIRDMAN	945	945	1
59233	HYPED 2 DEATH	2700	2700	1
59234	HYPED 2 DEATH	2700	2700	1
59235	HYPED 2 DEATH	2700	2700	1
59236	HYPED 2 DEATH	2700	2700	1
59238	HYPED 2 DEATH	2700	2700	1
59241	PSYCHIC CIRCLE	3415	3415	1
59242	STONE'S THROW	1153	1153	1
59243	PAST & PRESENT	3571	3571	1
59253	RHINO	275	275	1
59293	MR. LADY	1189	1189	1
59297	BEAT ROCKET/SUNDAZED	1877	1877	2
59302	REDEMPTION	2294	2294	1
59306	FUNKY DELICACIES	1007	1007	1
59340	MERGE	337	337	1
59344	TIGERBEAT6	2288	2288	1
59345	HOSPITAL	2522	2522	1
59346	MERGE	337	337	1
59347	PAST & PRESENT	3571	3571	1
59349	LIGHT IN THE ATTIC	2738	2738	1
59371	AIP	1145	1145	1
59416	AIP	1145	1145	1
59420	EMPEROR NORTON	1347	1347	1
59422	TREE	1508	1508	1
59429	BLOODSHOT	571	571	1
59431	GAGARIN	1666	1666	1
59432	S'MORE	1691	1691	1
59434	TOP QUALITY ROCK & ROLL	1743	1743	1
59436	PRIAPUS	1168	1168	1
59439	PHILLY ARCHIVES	1912	1912	1
59440	EXTRA BALL	1498	1498	1
59442	GARDEN OF DELIGHTS	2222	2222	1
59443	GARDEN OF DELIGHTS	2222	2222	1
59446	no label	2489	2489	1
59449	DIONYSUS	510	510	1
59450	SPLEENLESS	2944	2944	1
59451	FUNKAPHILADELPHIA	3021	3021	1
59452	DELAY 68/CHERRY RED	2895	2895	1
59453	TOYTOWN	2703	2703	1
59454	URCK ARM RECORDINGS	3364	3364	1
59460	PAST & PRESENT	3571	3571	1
59461	PAST & PRESENT	3571	3571	1
59463	PEOPLE'S POTENTIAL UNLIMITED	3470	3470	1
59464	ACE	1128	1128	1
59465	NIGHTPASS HANDMADE	3083	3083	1
59551	INDEPENDENT WEEKLY	1548	1548	1
59553	BACCHUS/DIONYSUS	1114	1114	1
59554	RUBRIC	1832	1832	1
59556	ROTA	1903	1903	1
59559	self-released	853	853	1
59563	NORTON	355	355	1
59564	SHADO	1779	1779	1
59567	LIGHT IN THE ATTIC	2738	2738	1
59568	PSYCHIC CIRCLE	3415	3415	1
59569	RAMPART/MOUNTAIN	3640	3640	1
59727	DESCO	1239	1239	1
59728	MUSIC CARTEL	1429	1429	1
59733	KEYHOLE	1499	1499	1
59735	ASTRALWERKS	124	124	1
59738	BACCHUS/DIONYSUS	1114	1114	1
59748	LOUNGE	1381	1381	1
59750	NORMAL/QDK MEDIA	1181	1181	1
59751	GAMMON	2167	2167	1
59752	BADMAN	1885	1885	1
59755	INSTINCT	364	364	1
59756	TEMPORARY RESIDENCE	1570	1570	1
59763	SILBER	1836	1836	1
59764	BRAINTREE FOUNDATION	2016	2016	1
59769	BADABOOM GRAMOPHONE	2110	2110	1
59772	HUB	2139	2139	1
59775	JIN	2161	2161	1
59776	GET HIP	411	411	1
59778	SILBER	1836	1836	1
59782	MERGE	337	337	2
59783	KNW-YR-OWN	2300	2300	1
59784	TOUCH	929	929	1
59788	GREY PAST	2500	2500	1
59789	ROUGH TRADE	282	282	1
59790	WFMU	1329	1329	1
59793	BACCHUS/DIONYSUS	1114	1114	1
59794	GAFF	2740	2740,2741	2
59795	CHAPTER MUSIC	2877	2877	1
59797	ACE	1128	1128	1
59800	PAPER BAG	2722	2722	1
59801	ONE LITTLE INDIAN	3060	3060	1
59802	CRIPPLED DICK HOT WAX!	901	901	1
59803	NUMERO GROUP	2709	2709	1
59804	SPLEENCOFFIN	3453	3453	1
59805	QUIET DESIGN	3516	3516	1
59806	SUNBEAM	3155	3155	1
59808	PSYCHIC CIRCLE	3415	3415	1
59821	BLUE MOLD	3497	3497	1
59904	TRANSMISSIONS	1503	1503	1
59908	CRYPT	470	470	1
59911	BETLEY WELCOMES CAREFUL DRIVERS	1934	1934	1
59912	TROUBLEMAN UNLIMITED	858	858	1
59917	AMAZING GREASE	1897	1897	1
59918	THRIFT SCORE	2214	2214	1
59922	MANDRAGORA	2342	2342	1
59925	JAZZMAN	2411	2411	1
59929	SUBLIMINAL SOUNDS	2585	2585	3
59930	MUCHO GUSTO	2781	2781	1
59931	TERRY PLUMMING	2837	2837	2
59932	SNOWGLOBE	2843	2843	1
59934	NUMERO GROUP	2709	2709	1
59935	ARTHUR	3574	3574	1
59936	BOUZOUKI JOE	3822	3822	2
59951	PARALLELISM	1385	1385	1
59952	SOUL FIRE	1923	1923	1
59969	Chiptunes4Autism	5543	5543	1
60055	NORTON	355	355	1
60057	COLUMBIA	468	468	1
60058	WARP	733	733	1
60059	DEAD CEO	1547	1547	1
60060	CARPARK	1692	1692	1
60061	SELECT CUTS	2315	2315	1
60062	DOLORES/VIRGIN SWEDEN	2436	2436	2
60064	LOCUST MUSIC	2199	2199	1
60067	WANTAGE	530	530	1
60070	LIGHT IN THE ATTIC	2738	2738	1
60076	PSYCHIC CIRCLE	3415	3415	1
60082	LOAD	539	539	1
60089	NUMERO GROUP	2709	2709	1
60093	YO YO	240	240	1
60094	ARF! ARF!	514	514	1
60095	SHELFLIFE	1338	1338	1
60096	PEHR	1366	1366	1
60097	GEOGRAPHIC/DOMINO	2169	2169	1
60098	PLAIN	2034	2034	1
60100	ADDICT	2558	2558	1
60105	ZUM	1093	1093	1
60106	DEAD CEO	1547	1547	1
60109	ZUM	1093	1093	1
60301	CHAPTER III	1745	1745	1
60381	CHERRY RED	3414	3414	1
60402	EIGHTEENTH STREET LOUNGE MUSIC	874	874	1
60405	HOLLYWOOD	397	397	1
60431	TOYO	1621	1621	1
60468	GNP/CRESCENDO	1427	1427	1
60480	SIX DEGREES	722	722	1
60481	EMPEROR JONES	600	600	1
60655	THRILL JOCKEY	266	266	1
60744	EVERLOVING	2931	2931	1
60766	VERVE	550	550	1
60770	LO	2014	2014	1
60994	TVT	214	214	1
61020	BETTER LOOKING	1867	1867	1
61032	BLACK BEAUTY	2470	2470	1
61033	SHOUT! FACTORY	2755	2755	1
61037	NORMAL/QDK MEDIA	1181	1181	1
61200	KRANKY	377	377	1
61201	CONSPIRACY	3922	3922	1
61202	BUREAU-B	3529	3529	1
61203	GHOSTLY INTERNATIONAL	2382	2382	1
61204	PORTER	3454	3454	1
61205	EDITIONS MEGO	3207	3207	1
61206	AUM FIDELITY	1046	1046	1
61207	FAMILY VINEYARD	1980	1980	1
61208	RED TOUCAN	2075	2075	1
61209	AMERICAN DUST	3493	3493	1
61215	SEA NOTE	2971	2971	1
61221	LEAF	1077	1077	1
61224	MODULAR	3910	3910	1
61229	CONSTELLATION	1402	1402	1
61233	THRILL JOCKEY	266	266	1
61234	IN THE RED	960	960	1
61235	GONER	1323	1323	1
61236	DRAG CITY	441	441	1
61237	POST PRESENT MEDIUM	3738	3738	1
61238	LOAD	539	539	1
61239	FLORIDA'S DYING	3928	3928	1
61241	ASSOPHON	3893	3893	1
61242	SANS ESCAPE	3915	3915	1
61245	GRAVITY WAVE	3900	3900	1
61246	GRAVITY WAVE	3900	3900	1
61254	GUERSSEN	3555	3555	1
61256	VAMPISOUL	2892	2892	1
61257	ANALOG AFRICA	3436	3436	1
61258	MAIS UM DISCOS	3909	3909	1
61259	SUN ARK	3930	3930	1
61260	WIERD	3864	3864	1
61261	AUDIKA	2631	2631	1
61262	BUREAU-B	3529	3529	1
61263	FIRE	3593	3593	1
61264	DRAG CITY	441	441	1
61265	WOODSIST	3618	3618	1
61267	TRANS AIR	3924	3924	1
61268	DANCING WAYANG	3694	3694	1
61269	ENABLING WORKS	3929	3929	1
61277	BO'WEAVIL	3306	3306	1
61280	DE STIJL	3123	3123	1
61283	IMMUNE	3737	3737	1
61285	TRUNK	2686	2686	1
61298	TOMPKINS SQUARE	3040	3040	1
61301	SLUMBERLAND	248	248	1
61302	GSF	3923	3923	1
61303	ACEPHALE	3919	3919	1
61304	HIPPOS IN TANKS	3918	3918	1
61305	NUMERO GROUP	2709	2709	1
61306	SACRED BONES	3736	3736	1
61307	ABDUCTION	176	176	2
61308	ESP-DISK'	3474	3474	2
61309	ZERO MOON	3908	3908	1
61310	FAITICHE	3926	3926	1
61311	KRANKY	377	377	1
61312	GRANT'S TOMB	3081	3081	1
61313	KENT/ACE	2211	2211	1
61314	TOMPKINS SQUARE	3040	3040	1
61315	THRILL JOCKEY	266	266	2
61316	SPECTRUM SPOOLS	3931	3931	1
61318	COOLER KING	3925	3925	1
61319	OWNNESS	3907	3907	1
61320	HALF MACHINE	3936	3936	1
61322	TRABUC	3938	3938	1
61323	LA VIDA ES UN MUS	3937	3937	1
61324	ERADICATOR	3857	3857	1
61325	VIN DU SELECT QUALITITE	3656	3656	1
61326	DIGITALIS	2921	2921	1
61327	self-released	853	853	1
61350	MATADOR	332	332	1
61354	MORE ROOFLESS/HOT RELEASES	3951	3951	1
61355	COSMIC RECORDS OF CANADA/PRIVATE	3952	3952	1
61357	SOUNDWAY	2355	2355	3
61358	QDK MEDIA	1665	1665	1
61360	ALTERNATIVE TENTACLES	113	113	1
61361	AMISH	500	500	1
61362	SUBLIME FREQUENCIES	2590	2590	1
61363	GUERSSEN	3555	3555	1
61364	THRILL JOCKEY	266	266	1
61366	AUM FIDELITY	1046	1046	1
61367	NUMERO GROUP	2709	2709	1
61368	FRIENDS RECORDS	3917	3917	1
61370	PLANET MU	2207	2207	1
61372	FOOL'S GOLD	3700	3700	2
61373	CLONE CLASSIC CUTS	3953	3953	1
61374	MISHKA	3912	3912	1
61376	MODERN LOVE	3838	3838	1
61377	PLANET MU	2207	2207	1
61378	SECRET STASH	3954	3954	1
61379	4AD	3778	3778	1
61381	MENTAL GROOVE	3944	3944	1
61382	ALL CITY	3945	3945	1
61383	Third World	3862	3862	1
61384	SOUL JAZZ	1936	1936	1
61385	LIGHT IN THE ATTIC	2738	2738	1
61389	SOL RE SOL	3958	3958	1
61391	THRILL JOCKEY	266	266	1
61393	KRANKY	377	377	1
61398	XL	1833	1833	1
61399	MINIMAL WAVE	3932	3932	1
61400	HOT RELEASES	3508	3508	1
61401	TREKKY	2635	2635	1
61402	(self-released)	3853	3853	1
61404	SAHELSOUNDS	3943	3943	1
61406	100% SILK	3833	3833	1
61407	FUTURE TIMES	3933	3933	1
61412	CORLEONE	2469	2469	1
61413	KRANKY	377	377	1
61414	DISQUES CORDE	3942	3942	1
61417	EXPERIMEDIA	3916	3916	1
61418	FISH PEOPLE/ANTI-	3941	3941	1
61419	TOUCH	929	929	1
61420	POTLATCH	3957	3957	1
61421	TZADIK	139	139	1
61422	B MUSIC/FINDERS KEEPERS	3605	3605	1
61423	EMANEM	3262	3262	1
61426	HOT RELEASES	3508	3508	1
61427	SEBASTIAN SPEAKS	3940	3940	1
61432	IMPULSE	775	775	1
61433	THIRSTY EAR	808	808	1
61434	NORTHERN-SPY	3845	3845	1
61435	FLYING NOTE	885	885	1
61436	NORTHERN-SPY	3845	3845	2
61437	NONPLACE	2138	2138	1
61438	TYPE	3110	3110	1
61439	SOUL JAZZ	1936	1936	1
61440	PERMANENT VACATION	3787	3787	1
61441	NORTHERN-SPY	3845	3845	1
61442	WEIRD FOREST	3391	3391	1
61443	UNDERWATER PEOPLES	3956	3956	1
61444	B MUSIC/FINDERS KEEPERS	3605	3605	1
61445	DE STIJL	3123	3123	1
61448	O RECORDS	3970	3970	1
61449	NOT NOT FUN	2978	2978	1
61450	PACIFIC CITY SOUND VISIONS	3969	3969	1
61451	KYE	3842	3842	1
61452	HOT RELEASES	3508	3508	1
61453	FLEDG'LING	2385	2385	1
61454	FELMAY	2117	2117	1
61455	B MUSIC/FINDERS KEEPERS	3605	3605	1
61456	SELF-RELEASED	3007	3007	1
61457	BLACK TRUFFLE	3639	3639	1
61458	DRAG CITY	441	441	1
61459	SILTBREEZE	298	298	1
61460	ROOM40	2672	2672	1
61462	4AD	3778	3778	1
61463	RVNG INTL.	3766	3766	2
61465	MEDICAL	3828	3828	1
61466	LOAD	539	539	1
61467	TWOS & FEWS/DRAG CITY	3972	3972	1
61472	PERMANENT VACATION	3787	3787	1
61473	SMELRADINA RIMA	3959	3959	1
61474	THRILL JOCKEY	266	266	1
61475	SMALLTOWN SUPERSOUND	2244	2244	1
61476	YOUNG AMERICANS	3980	3980	1
61477	SPECTRUM SPOOLS	3931	3931	1
61478	TRUNK	2686	2686	1
61479	SOUNDWAY	2355	2355	1
61480	SUB POP	258	258	1
61481	DUST-TO-DIGITAL	2615	2615	1
61482	TOUCH	929	929	1
61483	ONE KIND FAVOR	3976	3976	1
61484	SACRED BONES	3736	3736	1
61485	ONE KIND FAVOR	3974	3974	2
61486	S-S	2224	2224	1
61493	CHAIN REACTION	3977	3977	1
61494	WHITE DENIM	3399	3399	1
61495	100% SILK	3833	3833	1
61496	NIGHT PEOPLE	3968	3968	1
61497	KRANKY	377	377	1
61498	SOFT ABUSE	2506	2506	1
61500	POLYVINYL	1198	1198	1
61501	FEEDING TUBE	3800	3800	1
61502	WORMWOOD GRASSHOPPER	3963	3963	1
61504	HOLY MOUNTAIN	132	132	1
61505	NUMERO GROUP	2709	2709	1
61506	NUMERO GROUP	2709	2709	1
61507	DELMORE	3975	3975	2
61508	Black Gladiator	4001	4001	1
61509	SOUNDWAY	2355	2355	1
61510	HONEST JON'S	2274	2274	1
61511	THREE-LOBED	2185	2185	1
61513	HISTORY ALWAYS FAVOURS THE WINNERS	3979	3979	1
61514	HANSON	2367	2367	1
61515	COLUMBUS DISCOUNT	3191	3191	1
61517	12XU	3869	3869	1
61518	THREE-LOBED	2185	2185	1
61519	TANIWHA'S/PUCK PRODUCTIONS	3966	3966	1
61521	SLOW FIZZ	3884	3884	1
61522	TYPE	3110	3110	1
61523	HOT RELEASES	3508	3508	1
61524	PRIVATE LEISURE	3984	3984	1
61525	STRANGE ATTRACTORS	1858	1858	1
61526	NNA	3978	3978	1
61530	4 MEN WITH BEARDS	3920	3920	1
61534	THRILL JOCKEY	266	266	1
61535	ANALOG AFRICA	3436	3436	1
61536	EDITIONS MEGO	3207	3207	1
61537	ANTBOY MUSIC	3992	3992	1
61538	FOOL'S GOLD	3700	3700	1
61539	PORTER	3454	3454	1
61540	STONES THROW	3777	3777	1
61541	SUB POP	258	258	1
61542	SOMEONE GOOD	3991	3991	1
61543	TENCH	3994	3994	1
61544	Riot Girl	3993	3993	1
61545	SACRED BONES	3736	3736	1
61546	FIXED IDENTITY	3987	3987	1
61547	MINIMAL WAVE	3932	3932	1
61548	LOOK MAMA!	3982	3982	1
61549	ARSON	3985	3985	1
61550	VON	3986	3986	1
61551	12XU	3869	3869	1
61552	SOFT ABUSE	2506	2506	1
61553	DRAG CITY	441	441	1
61554	SUB ROSA	805	805	1
61555	PHASERPRONE	3965	3965	1
61556	12XU	3869	3869	1
61557	NIGHT SLUGS	3868	3868	1
61558	REKIDS	3964	3964	1
61559	SOUND SIGNATURE	3962	3962	1
61560	CLONE BASEMENT SERIES	3961	3961	1
61561	SOUND SAMPLER	3981	3981	1
61566	RVNG INTL.	3766	3766	1
61569	AGDAM!	3990	3990	1
61572	ROOM40	2672	2672	1
61573	SONIC MEDITATIONS	3989	3989	1
61575	BLACKEST RAINBOW	3560	3560	1
61579	AGUIRRE	3809	3809	1
61580	SUB ROSA	805	805	1
61581	CLEAN FEED	3374	3374	1
61582	CLEAN FEED	3374	3374	1
61583	RED TOUCAN	2075	2075	1
61584	TERP	2827	2827	1
61585	AWESOME TAPES FROM AFRICA	3998	3998	1
61586	SOUNDWAY	2355	2355	1
61587	MISSISSIPPI/CHANGE	3997	3997	1
61588	MUTE	348	348	1
61589	FIFTY WEAPONS	4003	4003	1
61590	PEOPLE'S POTENTIAL UNLIMITED	3470	3470	1
61591	CLEAN FEED	3374	3374	1
61592	CUNEIFORM	437	437	1
61593	CUNEIFORM	437	437	1
61594	Skirl	4000	4000	1
61595	CUNEIFORM	437	437	1
61596	Emarcy	3999	3999	1
61597	ACT	3644	3644	1
61598	HONEST JON'S	2274	2274	1
61599	HOZAC	3995	3995	1
61601	SOFT ABUSE	2506	2506	1
61602	HOZAC	3995	3995	1
61603	TEMPORARY RESIDENCE	1570	1570	1
61604	KOMPAKT	2306	2306	1
61606	SLOVENLY	2420	2420	1
61609	DOMINO SOUND/MITMITTA MUSIKA	3996	3996	1
61610	SORRY STATE	3891	3891	1
61611	KIND TURKEY	3988	3988	1
61613	WIERD	3864	3864	1
61614	SUB POP	258	258	1
61616	HOTFLUSH	3935	3935	1
61623	EDITIONS MEGO	3207	3207	1
61624	SUB ROSA	805	805	1
61626	MIASMAH	4005	4005	1
61627	POTLATCH	3957	3957	1
61628	MODERN LOVE	3838	3838	1
61629	ENTR'ACTE	4004	4004	1
61631	DONTRUSTHERUIN	3392	3392	1
61633	CUNEIFORM	437	437	1
61634	12K	4002	4002	1
61635	FLINGCO SOUND SYSTEM	3744	3744	1
61636	TEMPORARY RESIDENCE	1570	1570	1
61638	EKTRO	4009	4009	1
61639	ALREALON	4007	4007	1
61650	BARBES	3286	3286	1
61651	ugEXPLODE	3113	3113	1
61652	OMNI	3866	3866	1
61653	DAPTONE	2112	2112	1
61655	ELECTRIC COWBELL	3856	3856	1
61656	TOMPKINS SQUARE	3040	3040	1
61658	STAUBGOLD	2301	2301	2
61659	SANGOPLASMO	4013	4013	1
61660	CUNEIFORM	437	437	1
61661	NEW WORLD	351	351	1
61662	EDITIONS MEGO	3207	3207	1
61663	TOUCH	929	929	2
61667	NUMERO GROUP	2709	2709	1
61668	CHOCOLATE INDUSTRIES	1925	1925	1
61669	LION PRODUCTIONS	4014	4014	1
61670	NORTHERN-SPY	3845	3845	1
61672	DIGITALIS	2921	2921	1
61673	LIGHT IN THE ATTIC	2738	2738	1
61675	ALTERNATIVE TENTACLES	113	113	1
61676	LION PRODUCTIONS/LIGHT IN THE ATTIC	4019	4019	1
61678	MERGE	337	337	1
61681	CONSTELLATION	1402	1402	1
61682	RIBBON MUSIC	3901	3901	1
61683	WOODSIST	3618	3618	1
61684	WOODSIST	3618	3618	1
61686	SOUNDWAY	2355	2355	1
61687	PLANET MU	2207	2207	1
61688	STONES THROW	3777	3777	1
61690	NO BUSINESS	4018	4018	1
61691	A STABLE SOUND	4016	4016	1
61697	SONIC PIECES	4025	4025	1
61700	FELMAY	2117	2117	1
61702	FIVE DAY WEEKEND	3685	3685	1
61703	MAD DECENT	3206	3206	1
61704	NOBUSINESS	4027	4027	1
61705	INTAKT	3431	3431	1
61706	INSUBORDINATIONS	4023	4023	1
61709	TRENSMAT	4024	4024	1
61710	BO'WEAVIL	3306	3306	1
61711	THRILL JOCKEY	266	266	1
61712	SONIC MEDITATIONS	3989	3989	1
61713	CENTURY MEDIA	1590	1590	1
61715	SHRIMPER	295	295	1
61716	PARADISE OF BACHELORS	3818	3818	1
61718	ONE KIND FAVOR	3974	3974	1
61719	self-released	853	853	1
61720	MADLIB INVAZION	4028	4028	1
61724	ugEXPLODE	3113	3113	1
61725	UTECH	3606	3606	1
61726	EMANEM	3262	3262	1
61727	4 AD	104	104	1
61728	WILLIAMS STREET	4020	4020	1
61729	WARNER BROTHERS	223	223	1
61730	NINJA TUNE	700	700	1
61733	MEXICAN SUMMER	3670	3670	1
61736	NORTHERN-SPY	3845	3845	1
61737	IDEAL	683	683	1
61738	GHOST BOX	4036	4036	1
61739	DIGITALIS	2921	2921	1
61744	ENCHUFADA	4032	4032	1
61745	HOT CASA	4033	4033	1
61746	MEXICAN SUMMER	3670	3670	1
61748	MOCK	4038	4038	1
61749	IN THE RED	960	960	1
61750	IN THE RED	960	960	1
61751	HEARTFAST	4035	4035	1
61752	TOMPKINS SQUARE	3040	3040	1
61753	THE GREAT POP SUPPLEMENT	3619	3619	1
61754	SHAM PALACE	4040	4040	1
61755	TURNED WORD/WATER WING	4034	4034	1
61756	EMERALD COCOON	3844	3844	1
61758	POTLUCK	4010	4010	1
61759	FEEDING TUBE	3800	3800	1
61760	LOVERS ROCK	3967	3967	1
61761	L.I.E.S.	4030	4030	1
61764	L.I.E.S.	4030	4030	1
61766	MAIS UM DISCOS	3909	3909	1
61767	SUB POP	258	258	1
61768	OCORA	2320	2320	1
61769	OCORA	2320	2320	1
61770	OCORA	2320	2320	1
61771	BROKEN SPINE	4045	4045	1
61772	LES EMPREINTES DIGITALES	4044	4044	1
61773	SENUFO EDITIONS	4041	4041	1
61774	BRICK/FIVE DAY WEEKEND	4026	4026	1
61775	FAT POSSUM	3281	3281	1
61776	PAN	4042	4042	1
61777	INTUITION	1378	1378	1
61778	PAN	4042	4042	1
61779	RANT	3860	3860	1
61780	CLEAN FEED	3374	3374	1
61781	NO BUSINESS	4018	4018	1
61782	SONIC MEDITATIONS	3989	3989	1
61785	M=MINIMAL	4006	4006	1
61786	ABDUCTION	176	176	1
61789	EMERALD COCOON	3844	3844	1
61791	HONEST JON'S	2274	2274	1
61793	MONKEYTOWN	4049	4049	1
61794	MEDICAL	3828	3828	1
61795	BIZARR'D	4043	4043	1
61796	FEEDING TUBE	3800	3800	1
61800	YOUNG TURKS	3642	3642	1
61802	B MUSIC/FINDERS KEEPERS	3605	3605	1
61803	ARACHNIDISC	4053	4053	1
61804	SILENTES MINIMAL	4054	4054	1
61806	FIREHOUSE 12	3566	3566	1
61807	WESTERN VINYL	2140	2140	1
61808	SPECTRUM SPOOLS	3931	3931	1
61809	LIGHT IN THE ATTIC	2738	2738	1
61810	BATHETIC	4052	4052	1
61811	SMALLVILLE	4057	4057	1
61812	PAN	4042	4042	1
61813	DEEP LISTENING	732	732	1
61814	SONGLINES	137	137	1
61815	KADMA	4091	4091	1
61816	RED TOUCAN	2075	2075	1
61818	PAN	4042	4042	1
61819	self-released	4062	4062	1
61820	HOSPITAL	2522	2522	1
61821	SPECTRUM SPOOLS	3931	3931	1
61822	PROFOUND LORE	3684	3684	1
61823	PROFOUND LORE	3684	3684	1
61824	SHADOW KINGDOM	4063	4063	1
61825	FIRE	3593	3593	1
61826	SUB POP	258	258	1
61827	BURGER CITY ROCK N ROLL	4046	4046	1
61829	ATO	4056	4056	1
61830	DEF JAM	439	439	1
61831	DAPTONE	2112	2112	1
61832	BORN BAD	4058	4058	1
61833	LUAKA BOP	382	382	1
61834	NORMAL/QDK MEDIA	1181	1181	1
61835	SLAM	4061	4061	1
61837	RED TOUCAN	2075	2075	1
61839	CLEAN FEED	3374	3374	1
61840	OGUN	3373	3373	1
61841	RELATIVE PITCH	4060	4060	1
61842	DEF JAM	439	439	1
61845	DRAG CITY	441	441	1
61846	CORD-ART	3626	3626	1
61847	THRILL JOCKEY	266	266	1
61848	PNL	4065	4065	1
61849	DRAG CITY	441	441	1
61851	ALTERNATIVE TENTACLES	113	113	1
61852	PIAS	2054	2054	1
61854	SACRED BONES	3736	3736	1
61855	WATER WING	4029	4029	1
61857	COLUMBUS DISCOUNT	3191	3191	1
61858	DRAG CITY	441	441	1
61859	SOCIAL MUSIC	3847	3847	1
61860	SELF-RELEASED	3007	3007	1
61862	ONE TRACK RECORDS	4051	4051	1
61866	THRILL JOCKEY	266	266	1
61867	EM	3169	3169	1
61868	IDEOLOGIC ORGANS/EDITIONS MEGO	4059	4059	1
61869	DRAG CITY	441	441	1
61870	WHOLLY OTHER	1582	1582	1
61872	OKTAF	4087	4087	1
61873	BLUEGREENINK	4090	4090	1
61874	SELF-RELEASED	4011	4011	1
61876	RUNE GRAMMOFON	2423	2423	1
61877	CORBEL STONE PRESS	4084	4084	1
61878	4 AD	104	104	1
61879	THRILL JOCKEY	266	266	1
61880	THRILL JOCKEY	266	266	1
61881	JAGJAGUWAR	1217	1217	1
61882	DOMINO	1112	1112	1
61883	UNDER THE SPIRE	4086	4086	1
61884	A	4080	4080	1
61885	BASSES FREQUENCES	4085	4085	1
61893	IDEOLOGIC ORGANS/EDITIONS MEGO	4059	4059	1
61894	EDITION OMEGA POINT	4088	4088	1
61895	ALREALON	4007	4007	1
61896	LEO	2215	2215	1
61897	PNL	4065	4065	1
61898	INNOVA	153	153	1
61899	EMANEM	3262	3262	1
61902	DIGITALIS	2921	2921	1
61903	SACRED BONES	3736	3736	1
61907	NEW IMAGES	3902	3902	1
61908	HOZAC	3995	3995	1
61909	ASTHMATIC KITTY	2166	2166	1
61910	RIOT SEASON	4077	4077	1
61911	MONOFONUS PRESS	4078	4078	1
61912	YODEL-LAY-HEE	4071	4071	1
61913	self-released	853	853	1
61916	self-released	853	853	1
61917	GREENHEAD	4068	4068	1
61918	ROGUE ART	3794	3794	1
61919	PI	2357	2357	1
61920	RELATIVE PITCH	4060	4060	1
61921	ALLOS DOCUMENTS	3623	3623	1
61924	GRAPEFRUIT RECORD CLUB	4070	4070	1
61925	HOZAC	3995	3995	1
61926	HOZAC	3995	3995	1
61927	MEXICAN SUMMER	3670	3670	1
61929	JC	4073	4073	1
61930	HOZAC	3995	3995	1
61943	MERGE	337	337	1
61944	IMPORTANT	2457	2457	1
61945	BO'WEAVIL	3306	3306	1
61946	IMMUNE	3737	3737	1
61947	SOUNDWAY	2355	2355	1
61948	MAD DECENT	3206	3206	1
61949	NINJA TUNE	700	700	1
61950	CRAMMED DISCS	3789	3789	1
61951	LUSAFRICA	1974	1974	1
61952	R.I.P. SOCIETY/80/81	4069	4069	1
61953	4AD	3778	3778	1
61954	HOPESTREET	4094	4094	1
61955	OLDE ENGLISH SPELLING BEE	3793	3793	1
61956	POLYVINYL	1198	1198	1
61957	SUPERIOR VIADUCT	4099	4099	1
61958	SUB POP	258	258	1
61959	PACIFIC CITY SOUND VISIONS	3969	3969	1
61960	HOZAC	3995	3995	1
61961	OTHER MUSIC	4092	4092	1
61962	SACRED BONES	3736	3736	1
61963	IN THE RED	960	960	1
61969	ASTRALWERKS	124	124	1
61973	SONORIS	4119	4119	1
61974	CARRIER	3679	3679	1
61976	DESIRE	4118	4118	1
61977	WORLD VILLAGE	1999	1999	1
61978	ERSTWHILE	1661	1661	1
61979	KRANKY	377	377	1
61980	SOMEOTHASHIP CONNECT	3763	3763	1
61981	ANTICON	2090	2090	1
61982	ELEVATED PRESS	4074	4074	1
61983	SOUNDS ETERNAL	4081	4081	1
61984	THRILL JOCKEY	266	266	1
61985	PAN	4042	4042	1
61986	self-released	853	853	1
61987	KEMADO	2918	2918	1
61988	WARP	733	733	1
61989	BO'WEAVIL	3306	3306	1
61990	TOUCH	929	929	1
61991	VICE	2872	2872	1
61992	YOUNG GOD	1723	1723	1
61993	TOMPKINS SQUARE	3040	3040	1
61994	NEUROT	2197	2197	1
61996	RHYMESAYERS	2102	2102	1
61997	LEX	2213	2213	1
61998	SELF-RELEASED	4011	4011	1
61999	GAMMADELTA	4096	4096	1
62001	PRESERVATION	3850	3850	1
62002	NONESUCH/WORLD CIRCUIT	4079	4079	1
62004	SONGLINES	137	137	1
62005	AUM FIDELITY	1046	1046	1
62006	NORTHERN-SPY	3845	3845	1
62008	DEKORDER	3541	3541	1
62009	MODULAR	3910	3910	1
62010	SUN ARK	3930	3930	1
62011	BA DA BING!	1110	1110	1
62012	HISKO	4109	4109	1
62013	TAMED	4110	4110	1
62014	12XU	3869	3869	1
62015	KRANKY	377	377	1
62016	RUNE GRAMMOFON	2423	2423	1
62017	DISTRICT OF NOISE	4111	4111	1
62018	ZEROKILLED MUSIC	4117	4117	1
62019	DAIS	4103	4103	1
62020	SORRY STATE	3891	3891	1
62021	12XU	3869	3869	1
62023	DRAG CITY	441	441	1
62026	COLUMBUS DISCOUNT	3191	3191	1
62027	TROUBLE IN MIND	4104	4104	1
62031	P.W. ELVERUM AND SUN	4113	4113	1
62032	SUB POP	258	258	1
62033	MATADOR	332	332	1
62034	SOUNDWAY	2355	2355	1
62035	SOUL JAZZ	1936	1936	1
62036	GLITTERHOUSE	4097	4097	1
62037	CLEAN FEED	3374	3374	1
62038	PILGRIMAGE	4095	4095	1
62039	CLEAN FEED	3374	3374	1
62040	PI	2357	2357	1
62041	WONDERYOU	4108	4108	1
62042	NORTHERN-SPY	3845	3845	1
62044	SUBLIME FREQUENCIES	2590	2590	1
62045	Hot Casa	4031	4031	1
62046	UNIVERSITY OF VICE	4098	4098	1
62047	DEEPER KNOWLEDGE	4107	4107	1
62048	DEEPER KNOWLEDGE	4107	4107	1
62051	L.I.E.S.	3898	3898	1
62057	BEDROOM COMMUNITY	4133	4133	1
62058	BLUE NOTE	462	462	1
62059	EDITIONS MEGO	3207	3207	1
62060	IT'S	4082	4082	1
62061	12K	4002	4002	1
62062	12K	4002	4002	1
62063	RUSH HOUR	3863	3863	1
62064	TEQUILA SUNRISE	3090	3090	1
62065	VAMPIRE BLUES	4102	4102	1
62066	IN THE RED	960	960	1
62067	SACRED BONES	3736	3736	1
62069	NORTHERN-SPY	3845	3845	1
62071	GONER	1323	1323	1
62073	C SIDES	4083	4083	1
62074	HIDDEN SHOAL	4112	4112	1
62075	EASTER BILBY/SPECIAL AWARD	4101	4101	1
62076	TOTAL PUNK	4105	4105	1
62078	WILD OATS	4120	4120	1
62079	PLANET MU	2207	2207	1
62080	IKUISUUS/LAL LAL LAL	4125	4125	1
62083	CATSUP PLATE	836	836	1
62085	VICE	2872	2872	1
62087	GHOSTLY INTERNATIONAL	2382	2382	1
62088	BATHETIC	4052	4052	1
62089	DAIS	4103	4103	1
62090	SUN ARK	3930	3930	1
62091	FIRE	3593	3593	1
62092	TOMPKINS SQUARE	3040	3040	1
62093	TRANQUILITY TAPES	4131	4131	1
62094	UNSEEN WORLDS	3408	3408	1
62096	COMEME	4123	4123	1
62099	DIGITALIS	2921	2921	1
62100	MATADOR	332	332	1
62101	DOMINO	1112	1112	1
62102	NO BUSINESS	4018	4018	1
62103	EREMITE	804	804	1
62104	EREMITE	804	804	1
62106	ROARATORIO	2946	2946	1
62107	W.T. RECORDS	4121	4121	1
62113	DRAG CITY	441	441	1
62115	STRIATE CORTEX	4147	4147	1
62116	EXPERIMEDIA	3916	3916	1
62119	ZUM AUDIO	4148	4148	1
62120	FEDORA CORPSE	4149	4149	1
62123	LUAKA BOP	382	382	1
62124	VAMPISOUL	2892	2892	1
62126	POGUS	305	305	1
62128	THIRSTY EAR	808	808	1
62129	FMR	1421	1421	1
62131	INYRDISK	4124	4124	1
62133	PAW TRACKS	2496	2496	1
62134	DRAG CITY	441	441	1
62135	TENCH	3994	3994	1
62137	ELEVATOR BATH	4138	4138	1
62138	SLOVENLY	2420	2420	1
62139	20 BUCK SPIN	3651	3651	1
62140	WEIRD FOREST	3391	3391	1
62141	SONIC MEDITATIONS	3989	3989	1
62142	PORTER	3454	3454	1
62143	PIG8PIG/Silber	4143	4143	1
62144	ROCKET RECORDINGS	4130	4130	1
62145	AT WAR WITH FALSE NOISE	4144	4144	1
62146	VAMPISOUL	2892	2892	1
62147	INHERENT	4142	4142	1
62151	NORTH EAST INDIE	1954	1954	1
62152	NORTH EAST INDIE	1954	1954	1
62154	LITTLE AXE/SAHEL SOUNDS	4128	4128	1
62159	DOMINO	1112	1112	1
62162	ECHOVOLT	4157	4157	2
62163	MEDICAL	3828	3828	1
62164	L.I.E.S.	4030	4030	1
62165	DEEPER KNOWLEDGE	4107	4107	1
62166	DEEPER KNOWLEDGE	4107	4107	1
62168	SPEAKERTREE	4155	4155	1
62169	MEDICAL	3828	3828	1
62170	TIC TAC TOTALLY	3681	3681	1
62171	INSTANT PLEASURE/PSYCHIC HANDSHAKE	4156	4156	1
62173	DRAG CITY	441	441	1
62174	SUN SNEEZE	4141	4141	1
62175	SOFT ABUSE	2506	2506	1
62176	PORTER	3454	3454	1
62177	DEEP LISTENING	732	732	1
62178	TERP	2827	2827	1
62179	TIGERBEAT6	2288	2288	1
62181	CRIPPLED INTELLECT PRODUCTIONS	4150	4150	1
62182	MORE MUSIC	4145	4145	1
62183	ROOM40	2672	2672	1
62184	DIGITALIS	2921	2921	1
62185	INNOVA	153	153	1
62186	AUM FIDELITY	1046	1046	1
62187	ROBOT ELEPHANT	4175	4175	1
62188	FLEDG'LING	2385	2385	1
62189	INFRACTION	4114	4114	1
62190	IMPORTANT	2457	2457	2
62191	THRILL JOCKEY	266	266	1
62192	RIBBON	4162	4162	1
62193	THRILL JOCKEY	266	266	1
62194	EDITIONS MEGO	3207	3207	1
62195	KRANKY	377	377	1
62196	MOM + POP	4176	4176	1
62198	NEGATIVE GUEST LIST	4168	4168	1
62199	SWEET ROT	4165	4165	1
62200	BLASTOCOEL SOUND	3836	3836	1
62202	HOT RELEASES	3508	3508	1
62203	KELIPPAH	4132	4132	1
62206	NEW IMAGES	3902	3902	1
62209	SAVAGE QUALITY	4170	4170	1
62210	KATORGA WORKS	4167	4167	1
62211	CARBON	1180	1180	1
62215	YOUNG TURKS	3642	3642	1
62216	FAT CAT	1602	1602	1
62217	IN THE RED	960	960	1
62218	GONER	1323	1323	1
62219	HAIRY SPIDER LEGS	4181	4181	1
62220	CUNEIFORM	437	437	2
62223	GONER	1323	1323	1
62224	WOODSIST	3618	3618	1
62225	CUNEIFORM	437	437	1
62227	HIGHGRADE	4187	4187	1
62228	AREAL	4188	4188	1
62231	RASTER-NOTON	3837	3837	1
62232	PLANET MU	2207	2207	1
62233	SPECTRUM SPOOLS	3931	3931	1
62234	L.I.E.S.	4030	4030	1
62238	FAUX PAS	4179	4179	1
62239	PHARAWAY SOUNDS	4161	4161	1
62240	SOUNDWAY	2355	2355	1
62241	RUNE GRAMMOFON	2423	2423	1
62242	CUNEIFORM	437	437	1
62243	INYRDISK	4124	4124	1
62245	NUMERO GROUP	2709	2709	1
62246	UNSOUNDS	2251	2251	1
62247	SHAM PALACE	4040	4040	1
62249	MERGE	337	337	1
62250	ODESSA	3534	3534	1
62251	SPEAKERTREE	4155	4155	1
62252	DOMINO	1112	1112	1
62253	SAVAGE QUALITY	4170	4170	1
62254	DISORDERED	4171	4171	1
62255	TOMPKINS SQUARE	3040	3040	1
62256	TOMPKINS SQUARE	3040	3040	1
62257	DUST-TO-DIGITAL	2615	2615	1
62258	JELLYFANT	4178	4178	1
62263	INAM	3447	3447	1
62264	DOMINO	1112	1112	1
62265	CARPARK	1692	1692	1
62266	STAUBGOLD	2301	2301	1
62267	CIVIL MUSIC	4197	4197	1
62268	SPECTRUM SPOOLS	3931	3931	1
62269	MONKEYTOWN	4049	4049	1
62272	RUDE FANS	4182	4182	1
62278	B MUSIC/FINDERS KEEPERS	3605	3605	1
62279	NUMERO GROUP	2709	2709	1
62280	B MUSIC/FINDERS KEEPERS	3605	3605	1
62281	NORTHERN-SPY	3845	3845	1
62282	ANTI-	3004	3004	1
62283	NOIZY CRICKET/UNIVERSAL REPUBLIC	4183	4183	1
62284	TOP DAWG/AFTERMATH/INTERSCOPE	4184	4184	1
62285	YOUNG ONE	4136	4136	1
62286	RHYMESAYERS	2102	2102	1
62287	NEUROT	2197	2197	1
62288	PROFOUND LORE	3684	3684	1
62289	HARDLY ART	3315	3315	1
62290	NO SLEEP	4190	4190	1
62291	GONER	1323	1323	1
62292	BROKEN SPINE	4045	4045	1
62293	IN THE RED	960	960	1
62294	ANTICON	2090	2090	1
62297	MERGE	337	337	1
62301	FLORIDA'S DYING	3928	3928	1
62302	BATHETIC	4052	4052	1
62303	COLUMBUS DISCOUNT	3191	3191	1
62304	UPSHOT	2584	2584	1
62310	ATLANTIC	123	123	1
62311	JAMLA	4180	4180	1
62314	CLEAN FEED	3374	3374	1
62315	NO BUSINESS	4018	4018	1
62316	NO BUSINESS	4018	4018	1
62317	DUSTY MEDICAL	4191	4191	1
62319	TYPE	3110	3110	1
62320	FXHE	3914	3914	1
62321	FXHE	3914	3914	1
62322	100% SILK	3833	3833	1
62325	SUB ROSA	805	805	1
62326	4AD	3778	3778	1
62327	IN THE RED	960	960	1
62328	DAIS	4103	4103	1
62330	POST PRESENT MEDIUM	3738	3738	1
62331	RUSH HOUR	3863	3863	1
62332	CARRIER	3679	3679	1
62333	PI	2357	2357	1
62334	CUNEIFORM	437	437	1
62335	SONGLINES	137	137	1
62336	TRUNK	2686	2686	1
62337	RISING ROSE	4196	4196	1
62338	E ONE	4185	4185	1
62340	BIG NECK	1649	1649	1
62342	ACUTE	2316	2316	1
62346	DRAG CITY	441	441	1
62347	FARPOINT RECORDINGS	4207	4207	1
62348	B MUSIC/FINDERS KEEPERS	3605	3605	1
62349	SIX DEGREES	722	722	1
62350	DEAD-CERT	4195	4195	1
62351	APOSIOPESE	4194	4194	1
62352	MIE MUSIC	4193	4193	1
62353	PARADISE OF BACHELORS	3818	3818	1
62354	MATADOR	332	332	1
62355	ELECTRIC BLUE	4203	4203	1
62356	DEEPER KNOWLEDGE	4107	4107	1
62357	L.I.E.S.	4030	4030	1
62358	SELF-RELEASED	4011	4011	1
62359	RICHIE	4206	4206	1
62361	SMITHSONIAN FOLKWAYS	250	250	1
62362	SELF-RELEASED	4011	4011	1
62363	self-released	4192	4192	1
62364	DUST-TO-DIGITAL	2615	2615	1
62365	BLOODSHOT	571	571	1
62367	GHOSTLY INTERNATIONAL	2382	2382	1
62369	MERGE	337	337	1
62372	HYBRIDITY	4151	4151	1
62373	KRIAN	4152	4152	1
62374	INK RED	4153	4153	1
62375	THE FACULTY	4154	4154	1
62376	MODERN LOVE	3838	3838	1
62377	INCUNABULUM	3317	3317	1
62378	INCUNABULUM	3317	3317	1
62379	SLOVENLY	2420	2420	1
62380	THRILL JOCKEY	266	266	1
62381	UNDERWATER PEOPLES	3956	3956	1
62382	FONAL	3107	3107	1
62383	ODESSA	3534	3534	1
62384	HOLY MOUNTAIN/INTERCOASTAL ARTISTS	4216	4216	1
62385	CHOCOLATE MONK	4205	4205	1
62386	KRANKY	377	377	1
62387	MIGHTY MOUTH MUSIC	3897	3897	1
62388	THE NEW BLACK	2778	2778	1
62390	KELIPPAH	4132	4132	1
62391	GREAT POP SUPPLEMENT	3655	3655	1
62392	WEIRD FOREST	3391	3391	1
62394	DRAG CITY	441	441	1
62395	WORMHOLE	4220	4220	1
62396	GOD?	4208	4208	1
62397	PIEROGII-DISC/LIBERTATIA OVERSEAS TRADING	4215	4215	1
62398	HICKORY JACK	4224	4224	1
62399	OLD BLUE	4225	4225	1
62407	INTERNATIONAL FEEL	4198	4198	1
62408	LENG	4199	4199	1
62409	SUBLIME FREQUENCIES	2590	2590	1
62410	DIGIKILLER	3725	3725	1
62411	DEEPER KNOWLEDGE	4107	4107	1
62412	JAH LIFE	4213	4213	1
62415	ACADEMY	3697	3697	1
62416	TERANGA BEAT	4017	4017	1
62417	SUBLIME FREQUENCIES	2590	2590	1
62418	WOE TO THE SEPTIC HEART!	4210	4210	1
62419	SOFT ABUSE	2506	2506	1
62420	MATADOR	332	332	1
62421	INYRDISK	4124	4124	1
62422	JEFFEREY DRAG	4218	4218	1
62423	POUTRE APPARENTE	4211	4211	1
62424	WHAT'S YOUR RUPTURE? RECORDS	4219	4219	1
62425	YEP ROC	831	831	1
62426	MOM + POP	4176	4176	1
62427	NO QUARTER	2135	2135	1
62428	GRAVITY	1000	1000	1
62429	THRILL JOCKEY	266	266	1
62430	MIE MUSIC	4193	4193	1
62431	THRILL JOCKEY	266	266	1
62432	JACKPOT	4237	4237	1
62434	MONIKER	3770	3770	1
62435	SOPHOMORE LOUNGE	3839	3839	1
62437	12XU	3869	3869	1
62438	RVNG INTL.	3766	3766	1
62441	DRAG CITY/PALACE	4236	4236	1
62442	TELEPHONE EXPLOSION	4221	4221	1
62443	SORRY STATE	3891	3891	1
62444	HOMELESS	4222	4222	1
62445	SORRY STATE	3891	3891	1
62448	ROUNDER	283	283	1
62449	YEP ROC	831	831	1
62450	SLUMBERLAND	248	248	1
62451	RANT	3860	3860	1
62452	RED TOUCAN	2075	2075	1
62453	ALIEN TRANSISTOR	3576	3576	1
62454	PAMPA	4247	4247	1
62455	DEPTH	4223	4223	1
62457	FAKE FOUR	3536	3536	1
62458	POLO GROUNDS	4232	4232	1
62459	BINEMUSIC	4248	4248	1
62460	DECON	3495	3495	1
62461	SELF-RELEASED	4011	4011	1
62462	TIME NO PLACE	4249	4249	1
62464	LIVE AT ROBERT JOHNSON	4250	4250	1
62465	WT RECORDS	4228	4228	3
62468	L.I.E.S.	4030	4030	1
62469	L.I.E.S.	4030	4030	1
62470	LITTLE BIG CHIEF	4233	4233	1
62471	THREE-LOBED	2185	2185	1
62474	HUMAN EAR	4234	4234	1
62475	SIX DEGREES	722	722	1
62476	FELMAY	2117	2117	1
62477	FELMAY	2117	2117	1
62478	MUSIQUES EN BALADE	4246	4246	1
62479	OUTNOW	4229	4229	1
62480	DRIFF	4231	4231	1
62483	THE CORNER	4244	4244	1
62484	ROTATING SOULS RECORDS	4240	4240	1
62485	430 West	4239	4239	1
62486	SORRY STATE	3891	3891	1
62487	SELF-RELEASED	3007	3007	1
62488	PUNK KITTY	4257	4257	1
62492	PRISMA	4227	4227	1
62493	KYE	3842	3842	1
62494	TOMPKINS SQUARE	3040	3040	1
62495	THRILL JOCKEY	266	266	1
62496	SOFTWARE	4238	4238	1
62497	THRILL JOCKEY	266	266	1
62498	SACRED BONES	3736	3736	1
62499	SUB POP	258	258	1
62500	KRANKY	377	377	1
62501	TOMPKINS SQUARE	3040	3040	1
62502	OLD BLUE	4225	4225	1
62504	INCUNABULUM	3317	3317	1
62505	ALTVINYL	4243	4243	1
62506	MIE MUSIC	4193	4193	1
62507	S-S	2224	2224	1
62508	THRILL JOCKEY	266	266	1
62509	HANDS IN THE DARK	4242	4242	1
62510	ROOM40	2672	2672	1
62511	GENOA IMPORTS	4255	4255	1
62513	B-PITCH CONTROL	2956	2956	1
62514	50 WEAPONS	4241	4241	1
62515	SELF-RELEASED	3007	3007	1
62525	AMBIANCES MAGNETIQUES	3174	3174	1
62526	CRUCIAL BLAST	2441	2441	1
62527	ABDUCTION	176	176	1
62528	CRITICAL HEIGHTS	4252	4252	1
62529	PROFOUND LORE	3684	3684	1
62530	PHARAWAY SOUNDS	4161	4161	1
62531	PHARAWAY SOUNDS	4161	4161	1
62532	ABDUCTION	176	176	1
62533	PARADISE OF BACHELORS	3818	3818	1
62534	HAIRY SPIDER LEGS	4181	4181	1
62535	SUBLIMINAL SOUNDS	2585	2585	1
62537	DONKEY DISK	4251	4251	1
62540	THREE-LOBED	2185	2185	1
62541	EASTERN DEVELOPMENTS	2245	2245	1
62543	PHILLY ARCHIVES	1912	1912	1
62544	MAGIC MARKER	1231	1231	1
62549	WAXPLOITATION	1068	1068	1
62550	NORMAL	4263	4263	1
62551	OUTHERE	4264	4264	1
62552	NONESUCH	799	799	1
62553	IN A CIRCLE	4260	4260	1
62554	ERASED TAPES	3459	3459	1
62555	SANGOPLASMO/CRONICA	4261	4261	1
62557	NINJA TUNE	700	700	1
62559	GRIMSEY	750	750	1
62560	RUNE GRAMMOFON	2423	2423	2
62561	S-S	2224	2224	1
62562	PINK FLAG	2286	2286	1
62563	MUTE	348	348	1
62564	MATADOR	332	332	1
62566	BLUE HORIZON	4262	4262	1
62567	DEEPER KNOWLEDGE	4107	4107	1
62568	DEEPER KNOWLEDGE	4107	4107	1
62569	DEEPER KNOWLEDGE	4107	4107	1
62570	DEEPER KNOWLEDGE	4107	4107	1
62571	RANDY RECORDS	4254	4254	1
62572	MERGE	337	337	1
62573	ANYWAYRECORDS	4245	4245	1
62576	WATER WING	4029	4029	1
62577	L.I.E.S.	3898	3898	1
62578	L.I.E.S.	3898	3898	1
62579	L.I.E.S.	3898	3898	1
62586	MUSIC MAKER	2547	2547	1
62587	DIXIEFROG/MUSIC MAKER	4399	4399	1
62589	SUB POP	258	258	1
62590	SUB POP	258	258	1
62592	WARP	733	733	1
62593	NORTHERN-SPY	3845	3845	1
62594	DOMINO	1112	1112	1
62595	THRILL JOCKEY	266	266	1
62596	LINE	4271	4271	1
62597	AAGOO	2383	2383	1
62598	EONE	3832	3832	1
62599	PAN	4042	4042	1
62600	DIGITALIS	2921	2921	1
62601	PI	2357	2357	1
62602	JAZZWERKSTATT	4275	4275	1
62603	CUNEIFORM	437	437	1
62604	WIDE HIVE	2267	2267	1
62605	JAZZMAN	2411	2411	1
62606	PHARAWAY SOUNDS	4161	4161	1
62607	PHARAWAY SOUNDS	4161	4161	1
62608	SUBLIME FREQUENCIES	2590	2590	2
62609	POGUS	305	305	1
62610	CASTLE FACE	3278	3278	1
62611	DEAD OCEANS	3326	3326	1
62612	BA DA BING!	1110	1110	1
62613	FAT POSSUM	3281	3281	1
62614	TAIGA	3471	3471	1
62615	OMNIMOMENTO	4139	4139	1
62616	RUNE GRAMMOFON	2423	2423	1
62617	BLACK TRUFFLE	3639	3639	1
62618	WAX POETICS	4259	4259	1
62619	COOKING VINYL	649	649	1
62620	CALIFORNIA CLAP	4268	4268	1
62621	R.I.P. SOCIETY	4265	4265	1
62622	SELF-RELEASED	3007	3007	1
62627	PSYCH-O-PATH	2784	2784	1
62629	PAN	4042	4042	1
62630	ABDUCTION	176	176	1
62644	BEDROOM COMMUNITY/NEW AMSTERDAM	4279	4279	1
62645	KLANG	4273	4273	1
62646	NORTHERN-SPY	3845	3845	1
62647	CONSTELLATION	1402	1402	1
62648	PAN	4042	4042	1
62649	SUB ROSA	805	805	1
62650	EH?/TRACTATA	4286	4286	1
62651	POST-CONSUMER	4270	4270	1
62652	GIZEH RECORDS	4281	4281	1
62653	MIASMAH	4005	4005	1
62654	SENUFO EDITIONS	4041	4041	1
62655	THRILL JOCKEY	266	266	1
62656	FLAT FIELD	4277	4277	1
62657	THRILL JOCKEY	266	266	1
62658	MATADOR	332	332	1
62659	CONSTELLATION	1402	1402	1
62660	WOMENS WORK	4272	4272	1
62662	CASTLE FACE	3278	3278	1
62664	SECRETLY CANADIAN	670	670	1
62665	(K-RAAA-K)^3	4284	4284	1
62666	MATADOR	332	332	1
62667	ROOM40	2672	2672	1
62668	HOLY SMOKES!	4274	4274	1
62669	FIRE	3593	3593	1
62670	SLOVENLY	2420	2420	1
62671	ROCKET RECORDINGS	4130	4130	1
62672	4AD	3778	3778	1
62673	KRANKY	377	377	1
62674	SOUL TEMPLE	4146	4146	2
62675	SOUL TEMPLE	4146	4146	1
62677	GRANT'S TOMB	3081	3081	1
62680	ED BANGER RECORDS	4266	4266	1
62681	SOCIAL MUSIC	3847	3847	1
62682	PALILALIA	3657	3657	1
62683	WATER WING	4029	4029	1
62685	LIMITED APPEAL	4283	4283	1
62686	HOT RELEASES	3508	3508	1
62687	RISE ABOVE	4276	4276	1
62688	5049	4288	4288	1
62690	MIKROTON	4287	4287	1
62691	UNSOUNDS	2251	2251	1
62692	PERMANENT	1031	1031	1
62695	NO PAIN IN POP	4282	4282	1
62696	THRILL JOCKEY	266	266	1
62697	DE STIJL	3123	3123	1
62698	SELF-RELEASED	4290	4290	1
62700	ED BANGER RECORDS	4266	4266	1
62701	DIGIPOP	4278	4278	1
62702	PAN	4042	4042	1
62703	SELF-RELEASED	4290	4290	1
62704	UTECH	3606	3606	1
62705	RINSE	4100	4100	1
62706	KYE	3842	3842	1
62710	MERGE	337	337	1
62713	BLACKEST EVER BLACK	4291	4291	1
62715	SQE MUSIC	4267	4267	2
62716	NIGHT PEOPLE	3968	3968	2
62717	Rural Isolation Project	4294	4294	1
62718	INIMEG RECORDS	4303	4303	1
62719	Clone Records	4297	4297	1
62721	L.I.E.S.	4030	4030	1
62724	POGUS	305	305	1
62725	SELF-RELEASED	4290	4290	1
62726	ROOM40	2672	2672	1
62728	SELF-RELEASED	4307	4307	1
62729	DUTTY ARTZ	4300	4300	1
62730	DUTTY ARTZ	4300	4300	1
62731	MAIS UM DISCOS	3909	3909	1
62732	PHARAWAY SOUNDS	4161	4161	1
62733	PHARAWAY SOUNDS	4161	4161	1
62734	SECRET COLOURS MUSIC	4309	4309	1
62735	ANALOG AFRICA	3436	3436	1
62736	TERANGA BEAT	4017	4017	1
62737	AWESOME TAPES FROM AFRICA	3998	3998	1
62738	DUTTY ARTZ	4300	4300	1
62739	KNITTING FACTORY	375	375	1
62740	SIX DEGREES	722	722	1
62741	SAHELSOUNDS	3943	3943	1
62742	SUB ROSA	805	805	1
62743	OMNI	3866	3866	1
62744	PROM NIGHT RECORDS	4295	4295	1
62745	UNSOUNDS	2251	2251	1
62746	SONGLINES	137	137	1
62747	AMBIANCES MAGNETIQUES	3174	3174	1
62748	AUM FIDELITY	1046	1046	1
62749	DEN	4306	4306	1
62750	CUNEIFORM	437	437	1
62751	CUNEIFORM	437	437	1
62752	NOT TWO	4305	4305	1
62754	DRAG CITY	441	441	1
62755	DAIS	4103	4103	1
62756	MEXICAN SUMMER	3670	3670	1
62757	4 AD	104	104	1
62758	MEGAFORCE	2319	2319	1
62759	RIBBON	4162	4162	1
62760	UNDERWATER PEOPLES	3956	3956	1
62761	SOUTHPAW	755	755	1
62762	GONER	1323	1323	1
62763	CRAMMED DISCS	3789	3789	1
62764	VL4L/FAT POSSUM	4296	4296	1
62765	GHOST BOX	4036	4036	1
62766	CITY SLANG	3239	3239	1
62767	DAPTONE	2112	2112	1
62768	GIZEH RECORDS	4281	4281	1
62769	CLOCKTOWER RECORDS	4312	4312	1
62770	SUBLIMINAL SOUNDS	2585	2585	1
62771	MEDICAL	3828	3828	1
62772	MEDICAL	3828	3828	1
62773	FACH WORK	4302	4302	1
62774	CHICAGO CLASSIC EDITION	4299	4299	1
62775	HOT SHOT SOUNDS	4310	4310	1
62776	R-ZONE	4301	4301	1
62777	CLONE RECORDS	4298	4298	1
62778	YOUNG CUBS	4304	4304	1
62785	ERASED TAPES	3459	3459	1
62786	12K	4002	4002	1
62787	SONNET SOUND	4322	4322	1
62788	DRAG CITY	441	441	1
62789	KRANKY	377	377	1
62790	ALTER	4315	4315	1
62791	DOMINO	1112	1112	1
62792	MERGE	337	337	1
62793	GUERSSEN	3555	3555	1
62794	TERP	2827	2827	1
62795	EX RECORDS	4314	4314	1
62796	THRILL JOCKEY	266	266	1
62798	4AD	3778	3778	1
62800	NERO'S NEPTUNE	3819	3819	1
62801	TOMPKINS SQUARE	3040	3040	1
62802	IMPORTANT	2457	2457	1
62803	KRANKY	377	377	1
62804	UNMUSIC	4318	4318	1
62805	AUM FIDELITY	1046	1046	1
62806	POGUS	305	305	1
62807	BASIN STREET	2008	2008	1
62808	UNSOUNDS	2251	2251	3
62809	SONGLINES	137	137	1
62810	ROOM40	2672	2672	1
62811	PEOPLE'S POTENTIAL UNLIMITED	3470	3470	1
62813	HIPPOS IN TANKS	3918	3918	1
62814	WARP	733	733	1
62815	BOYSNOIZE RECORDS	4320	4320	1
62816	SELF-RELEASED	4290	4290	1
62817	NEW AMSTERDAM	4313	4313	1
62818	PMR Records	4311	4311	1
62819	BOUNDARY	4316	4316	1
62820	PEOPLE'S POTENTIAL UNLIMITED	3470	3470	1
62821	SUB ROSA	805	805	1
62822	Z	3879	3879	1
62831	LOCUST MUSIC	2199	2199	1
62834	AT A LOSS	4308	4308	1
62836	PARADISE OF BACHELORS	3818	3818	2
62837	PARADISE OF BACHELORS	3818	3818	1
62838	Second Language Music	4325	4325	1
62839	HUMAN EAR	4234	4234	1
62840	MUTE	348	348	1
62841	Cititrax/Minimal Wave	4327	4327	1
62842	SENUFO EDITIONS	4041	4041	1
62843	JAZZMAN	2411	2411	1
62844	HAPNA	2484	2484	1
62845	JAZZMAN	2411	2411	1
62847	RINSE	4100	4100	1
62849	BIG NECK	1649	1649	1
62850	12XU	3869	3869	1
62851	TOTAL PUNK	4105	4105	1
62852	KYE	3842	3842	1
62853	Jeth-Row/Total Punk	4329	4329	1
62854	HUMAN EAR	4234	4234	1
62856	BRAINWASHED	4328	4328	1
62857	HAPNA	2484	2484	1
62861	The Big Oil Recording Company	4326	4326	1
62862	OPTIMO MUSIC	4331	4331	2
62863	KILL SHAMAN	3337	3337	1
62870	DISCREPANT	4339	4339	1
62871	COPY FOR YOUR RECORDS	3899	3899	1
62872	ERSTWHILE	1661	1661	1
62873	FLUID AUDIO	4348	4348,4351	2
62874	SUPERIOR VIADUCT	4099	4099	1
62875	PHARAWAY SOUNDS	4161	4161	1
62876	JSP	2762	2762	1
62877	PERMANENT VACATION	3787	3787	1
62878	LOAD	539	539	1
62879	ERSTWHILE	1661	1661	1
62880	GRUENREKORDER	4338	4338	1
62881	LEO	2215	2215	1
62882	MORE IS MORE	4341	4341	1
62883	NNA	3978	3978	1
62884	NNA	3978	3978	1
62885	RUN FOR COVER	4346	4346	1
62886	DENOVALI	4344	4344	1
62887	DIGITALIS	2921	2921	1
62888	DENOVALI	4344	4344	1
62889	NORTHERN-SPY	3845	3845	1
62890	RELAPSE	710	710	1
62891	FEEDING TUBE	3800	3800	1
62892	SEASON OF MIST	3824	3824	1
62893	DEATHWISH INC	4342	4342	1
62895	SARGENT HOUSE/RODRIQUEZ LOPEZ	4345	4345	1
62896	PROFOUND LORE	3684	3684	1
62897	IDEOLOGIC ORGANS/EDITIONS MEGO	4059	4059	1
62898	MISSISSIPPI	3352	3352	1
62899	ANGRY MOM RECORDS	4340	4340	1
62900	COLUMBUS DISCOUNT	3191	3191	2
62901	FEEDING TUBE	3800	3800	1
62902	HOMELESS	4222	4222	1
62903	The Big Oil Recording Company	4326	4326	1
62905	RVNG INTL.	3766	3766	1
62906	SELF-RELEASED	4337	4337	1
62907	STONE'S THROW	1153	1153	1
62908	PLANET MU	2207	2207	1
62910	DROPPING GEMS	4343	4343	1
62911	HBK GANG	4335	4335	1
62912	PROM NIGHT RECORDS	4295	4295	1
62913	SELF-RELEASED	4336	4336	1
62915	WARP	733	733	1
62916	SONGLINES	137	137	1
62917	KNITTING FACTORY	375	375	1
62918	CLEAN FEED	3374	3374	1
62919	EXTREME	406	406	1
62922	MUSH	2028	2028	1
62926	HYPERDUB	3233	3233	1
62928	IMMUNE	3737	3737	1
62931	GLITTERBEAT	4365	4365	1
62932	Stonetree Records	4366	4366	1
62935	OKKADISK	357	357	1
62936	NEW WORLD	351	351	1
62937	EMPREINTES DIGITALES	1096	1096	1
62938	2062	3690	3690	1
62939	SONIC ACTS/IMPORTANT	4355	4355	1
62940	IMPORTANT	2457	2457	1
62941	EMPREINTES DIGITALES	1096	1096	1
62942	STONE'S THROW	1153	1153	1
62943	TOUCH	929	929	1
62944	GLITTERBEAT	4367	4367	1
62945	SHADOKS MUSIC	2221	2221	1
62946	CHURCHKEY	3410	3410	1
62947	(self-released)	4356	4356	1
62948	THE SPRING PRESS	4353	4353	1
62949	RED SHIELD	4319	4319	1
62950	SUB POP	258	258	1
62951	FONAL	3107	3107	1
62952	INTERCOASTAL ARTISTS	4363	4363	1
62953	PYRAMID SCHEME	4362	4362	1
62954	(self-released)	4368	4368	1
62955	FULL CONTACT	4358	4358	1
62957	DOMINO SOUND/MISSISSIPPI	4361	4361	1
62959	TROST	4364	4364	1
62960	EDITIONS MEGO	3207	3207	1
62961	AUDIOLITH	4349	4349	1
62962	AGUIRRE	3809	3809	1
62963	AARGHT! RECORDS	4360	4360	1
62964	SKROT UP	4352	4352	1
62965	MONOFONUS PRESS	4078	4078	1
62966	NOT NOT FUN	2978	2978	1
62967	UNSEEN WORLDS	3408	3408	1
62968	(self-released)	4354	4354	1
62969	MEDICAL	3828	3828	1
62970	BATHETIC	4052	4052	1
62971	12XU	3869	3869	1
62973	DERANGED	4359	4359	1
62989	EM	3169	3169	1
62992	SINECURE	4370	4370	1
62993	SUB ROSA	805	805	1
62994	COMEME	4123	4123	1
62995	RVNG INTL.	3766	3766	1
62996	CANADA COUNCIL FOR THE ARTS	4381	4381	1
62997	HONEST JON'S	2274	2274	1
62998	FEEDING TUBE	3800	3800	1
62999	FEEDING TUBE	3800	3800	1
63000	EMERALD COCOON	3844	3844	1
63001	FEEDING TUBE	3800	3800	1
63002	STAUBGOLD	2301	2301	1
63003	ITALIANS DO IT BETTER	3817	3817	1
63007	PROFAN	3786	3786	1
63008	MISSISSIPPI	3352	3352	1
63009	FEEDING TUBE	3800	3800	1
63010	ROCKET RECORDINGS	4130	4130	1
63036	ANOTHER TIMBRE	4389	4389	1
63037	FATAKA	4382	4382	1
63038	TROST	4364	4364	1
63039	AYLER	2835	2835	1
63040	VICE	2872	2872	1
63041	COLUMBIA	468	468	1
63043	(self-released)	4375	4375	1
63044	(slef-released)	4374	4374	1
63045	SICSIC	4385	4385	1
63046	SELF-RELEASED	4386	4386	1
63047	THRILL JOCKEY	266	266	1
63048	MERGE	337	337	1
63050	VOTIV	4379	4379	1
63051	SUB POP	258	258	1
63052	NORTHERN-SPY	3845	3845	1
63053	DOMINO	1112	1112	1
63055	VANITY CASE	4384	4384	1
63056	INFINITY CAT	4380	4380	1
63057	DEAD OCEANS	3326	3326	1
63059	STAUBGOLD	2301	2301	1
63060	HOLY OTHER	4376	4376	1
63061	HONEST JON'S	2274	2274	1
63062	POME POME TONES	4387	4387	1
63063	DRAG CITY	441	441	1
63064	SILTBREEZE	298	298	1
63065	TOUCH	929	929	1
63066	SHELTER PRESS	4390	4390	1
63067	FEEDING TUBE	3800	3800	1
63068	YEREVAN TAPES	4388	4388	1
63069	EL PARAISO	4378	4378	1
63070	PEOPLE'S POTENTIAL UNLIMITED	3470	3470	1
63071	ALTERNATIVE TENTACLES	113	113	1
63072	NEW IMAGES	3902	3902	1
63073	MEDICAL	3828	3828	1
63074	AVANT	125	125	1
63075	DISCOMBOBULATE	4383	4383	1
63076	EM	3169	3169	1
63077	BLACKEST EVER BLACK	4350	4350	1
63078	MISANTHROPIC AGENDA	4391	4391	1
63079	AAGOO	2383	2383	1
63080	OURMOUTH	4393	4393	1
63081	L.I.E.S.	4030	4030	1
63082	KOMPAKT	2306	2306	1
63083	SPECTRUM SPOOLS	3931	3931	1
63085	PLANET MU	2207	2207	1
63086	PALETTE	4373	4373	1
63087	AMERICAN	115	115	1
63095	ROGUE ART	3794	3794	1
63096	HYPERDUB	3233	3233	1
63102	TRAUM SCHALLPLATTEN	3934	3934	1
63103	TRAUM	2540	2540	1
63104	MAGAZINE	3814	3814	1
63105	MISSISSIPPI/CHANGE	4371	4371	1
63107	MERGE	337	337	1
63109	NNA	3978	3978	1
63110	PLANET MU	2207	2207	1
63111	NORTHERN-SPY	3845	3845	1
63112	PI	2357	2357	1
63113	THIRSTY EAR	808	808	1
63114	JAZZ VILLAGE	4397	4397	1
63115	THRILL JOCKEY	266	266	1
63116	SAHELSOUNDS	3943	3943	1
63117	BA DA BING!	1110	1110	1
63118	DRAG CITY	441	441	1
63119	ATO	4056	4056	1
63120	RELAPSE	710	710	1
63121	CONCORD	3213	3213	1
63122	BLOODSHOT	571	571	1
63123	BA DA BING!	1110	1110	1
63124	DEAD OCEANS	3326	3326	1
63126	INTAKT	3431	3431	1
63127	CLERMONT MUSIC	4398	4398	1
63128	FEATHERED COYOTE	4395	4395	1
63129	STRUT	1941	1941	1
63130	CREATIVE SOURCES	4093	4093	1
63131	FRAGMENT FACTORY	4289	4289	1
63132	RECITAL	4396	4396	1
63133	RELATIVE PITCH	4060	4060	1
63134	NO BUSINESS	4018	4018	1
63135	RELATIVE PITCH	4060	4060	1
63136	SUB ROSA	805	805	1
63137	ERASE	4394	4394	1
63138	INTANGIBLE CAT	4402	4402	1
63139	SELF-RELEASED	4403	4403	1
63140	12K	4002	4002	1
63141	STONES THROW	3777	3777	1
63142	BEATS IN SPACE RECORDS	4401	4401	1
63143	SUB POP	258	258	1
63144	HARDLY ART	3315	3315	1
63145	20 BUCK SPIN	3651	3651	1
63146	SUPERIOR VIADUCT	4099	4099	1
63147	PARADISE OF BACHELORS	3818	3818	1
63148	NOW AGAIN	3620	3620	1
63149	JAGJAGUWAR	1217	1217	1
63150	RECITAL	4396	4396	1
63161	SELF-RELEASED	4410	4410	1
63162	SELF-RELEASED	4404	4404	1
63163	MERGE	337	337	1
63165	BED OF NAILS	4412	4412	2
63166	INTACTO	4409	4409	1
63167	ARGOT	4411	4411	1
63168	NIGHT SLUGS	3868	3868	1
63169	100% SILK	3833	3833	1
63170	PERMANENT VACATION	3787	3787	1
63171	BOLT	4405	4405	1
63173	MIKROTON	4287	4287	1
63175	MIASMAH	4005	4005	1
63176	ANGUROSAKUSON	4407	4407	1
63177	TOUCH	929	929	1
63181	TEMPORARY RESIDENCE	1570	1570	1
63188	SUB ROSA	805	805	1
63196	STRAWBERRY RAIN	4419	4419	1
63197	CLERMONT MUSIC	4398	4398	1
63198	AWESOME TAPES FROM AFRICA	3998	3998	1
63199	CLERMONT MUSIC	4398	4398	1
63200	NONESUCH	799	799	1
63201	ANALOG AFRICA	3436	3436	1
63202	ROGUE ART	3794	3794	1
63203	180 Proof	4418	4418	1
63204	ZIRYAB RECORDS	4421	4421	1
63205	CONSTELLATION	1402	1402	1
63206	COMMUNICATING VESSELS	4415	4415	1
63208	WONDALAND ARTS SOCIETY/BAD BOY RECORDS	4417	4417	1
63210	FADE TO MIND	4416	4416	1
63211	EDITIONS MEGO	3207	3207	1
63212	FLYING BUDDHA/SONY MUSIC	4427	4427	1
63213	TEXT RECORDS	4426	4426	1
63214	THIRSTY EAR	808	808	1
63215	STONES THROW	3777	3777	1
63216	4th DIMENSION RECORDS	4430	4430	1
63217	SLOVENLY	2420	2420	1
63218	COLD SPRING RECORDS	4414	4414	1
63219	PROFOUND LORE	3684	3684	1
63220	NORMAN RECORDS	4429	4429	1
63221	MATADOR	332	332	1
63222	DRAG CITY	441	441	1
63223	HOT RELEASES	3508	3508	2
63224	PRICE TAPES	4420	4420	1
63225	JOYFUL NOISE RECORDS	4431	4431	1
63226	THRILL JOCKEY	266	266	1
63227	POLYVINYL	1198	1198	1
63228	SONIC PIECES	4025	4025	1
63229	NORMAN RECORDS	4429	4429	1
63230	SELF-RELEASED	4460	4460	1
63231	B-PITCH CONTROL	2956	2956	1
63232	SUB POP	258	258	1
63233	PRESERVATION	3850	3850	1
63234	THRILL JOCKEY	266	266	1
63235	JEWEL CITY	4432	4432	1
63236	MISSISSIPPI	3352	3352	1
63237	DFA	2151	2151	1
63244	DARK ENTRIES	4422	4422	1
63245	EM	3169	3169	1
63246	HANSON	2367	2367	1
63247	SPECTRUM SPOOLS	3931	3931	1
63248	DARK ENTRIES	4422	4422	1
63249	BACKWARDS	4377	4377	2
63253	SUOL	4333	4333	1
63257	MARGE RECORDS	4456	4456	1
63258	SELF-RELEASED	4434	4434	1
63259	FTARRI	4425	4425	1
63260	SELF-RELEASED	4445	4445	1
63261	ENTR'ACTE	4004	4004	1
63262	RUNE GRAMMOFON	2423	2423	1
63264	FISH OF MILK/NORTHERN SPY	4438	4438	1
63265	180 Proof	4418	4418	1
63266	MORE IS MORE	4341	4341	1
63267	PLEASURE OF THE TEXT	4440	4440	1
63268	PRIMARY NUMBERS	4447	4447	1
63269	RUNE GRAMMOFON	2423	2423	1
63270	FOOL'S GOLD	3700	3700	1
63272	SDZ Records	4424	4424	1
63274	HYPERDUB	3233	3233	1
63275	PAN	4042	4042	1
63276	FLYING BUDDHA/SONY MUSIC	4427	4427	1
63277	DECON	4436	4436	1
63278	TOTALLY GROSS NATIONAL PRODUCTS	4435	4435	1
63279	PERCEPTION 2020	4442	4442	1
63280	IMMUNE	3737	3737	1
63281	MASS APPEAL	4713	4713	1
63282	FLEDG'LING	2385	2385	1
63283	MATADOR	332	332	1
63284	FULL TIME HOBBY	4446	4446	1
63285	KILL ROCK STARS	374	374	1
63286	CARE IN THE COMMUNITY	4423	4423	1
63287	NORTHERN-SPY	3845	3845	1
63288	SELF-RELEASED	4433	4433	1
63289	MONIKER	3770	3770	1
63290	TJR	4444	4444	1
63291	GRINGO	4441	4441	1
63292	DUST-TO-DIGITAL	2615	2615	1
63294	KRANKY	377	377	1
63295	HUMAN EAR	4234	4234	1
63296	SACRED BONES	3736	3736	1
63297	CASTLE FACE	3278	3278	1
63298	NORTHERN-SPY	3845	3845	1
63299	NORTHERN-SPY	3845	3845	1
63301	SPECTACULAR COMMODITY	4443	4443	1
63302	OBSOLETE UNITS	3635	3635	1
63303	WARP	733	733	1
63304	A Records	2824	2824	1
63305	HOTSHOT	4449	4449	1
63306	GNOME LIFE	3486	3486	1
63307	POON VILLAGE	718	718	1
63308	GILEAD MEDIA	3527	3527	1
63309	TRENSMAT	4024	4024	1
63310	TOTAL PUNK	4105	4105	1
63311	EM	3169	3169	1
63312	PRISON TATT	4437	4437	1
63313	TREKKY	2635	2635	1
63314	SOLEILMOON	251	251	1
63315	WORD4WORD	2461	2461	1
63317	PRESSURE SOUNDS	2375	2375	1
63320	MISSISSIPPI	3352	3352	1
63321	DUST-TO-DIGITAL	2615	2615	1
63322	MERGE	337	337	1
63329	LUAKA BOP	382	382	1
63330	LIGHT IN THE ATTIC	2738	2738	1
63332	LUCKY DOG	4454	4454	1
63334	BA DA BING!	1110	1110	1
63335	BA DA BING!	1110	1110	1
63336	JAZZMAN	2411	2411	1
63337	TOMPKINS SQUARE	3040	3040	1
63338	(self-released)	2782	2782	1
63340	FIRE	3593	3593	1
63341	TOPIC	1332	1332	1
63348	ROUGH TRADE	282	282	1
63352	FINDERS KEEPERS	2878	2878	1
63353	ROCKET RECORDINGS	4130	4130	1
63354	RESONANT	2507	2507	1
63355	NOBUSINESS	4027	4027	1
63356	RUNE GRAMMOFON	2423	2423	1
63357	TOUCH	929	929	1
63358	INNOVA	153	153	1
63359	DAIS	4103	4103	1
63360	Bedroom Community	3289	3289	1
63361	HOSPITAL	2522	2522	1
63362	SUBTEXT	4464	4464	1
63363	IKUISUUS	3572	3572	1
63364	NEW WORLD	351	351	1
63365	75 ARK	1674	1674	1
63366	GROVL TAPES	4462	4462	1
63367	NOW AGAIN	3620	3620	1
63368	KRANKY	377	377	1
63369	WESTERN VINYL	2140	2140	1
63371	FIRE	3593	3593	1
63372	NOD AND SMILE RECORDS	4467	4467	1
63373	ALMOST READY	3906	3906	1
63374	THRILL JOCKEY	266	266	1
63375	EDITIONS MEGO	3207	3207	1
63377	SUBLIME FREQUENCIES	2590	2590	2
63378	DARK ENTRIES	4422	4422	1
63379	IKUISUUS	3572	3572	1
63380	MEDICAL	3828	3828	1
63381	STATIC SHOCK	4461	4461	1
63382	FEEDING TUBE	3800	3800	1
63383	GLASS, HOUSE	4466	4466	1
63384	MEDICAL	3828	3828	1
63385	SORRY STATE	3891	3891	1
63386	BLACKEST EVER BLACK	4350	4350	1
63387	(self-released)	4459	4459	1
63389	THRILL JOCKEY	266	266	1
63390	Castle Face	3277	3277	1
63391	INNER ISLANDS	4465	4465	1
63392	STRUT	1941	1941	1
63399	DARK ENTRIES	4422	4422	1
63400	PANZERKREUZ	4451	4451	1
63401	FAITICHE	3926	3926	1
63402	OLSEN	4450	4450	1
63404	MONABERRY	4452	4452	1
63411	RVNG INTL.	3766	3766	1
63412	PARADISE OF BACHELORS	3818	3818	1
63413	CLERMONT MUSIC	4398	4398	1
63414	PHARAWAY SOUNDS	4161	4161	1
63415	VAMPISOUL	2892	2892	1
63416	SHADOKS MUSIC	2221	2221	1
63417	ERASED TAPES	3459	3459	1
63418	BLUE TAPES	4485	4485	2
63419	DYIN' GHOST	4473	4473	1
63420	RASTER-NOTON	3837	3837	1
63421	CHOCOLATE MONK	4205	4205	1
63423	BUNKER	1931	1931	1
63424	COLD SPRING RECORDS	4414	4414	1
63425	SUBMIT	4468	4468	1
63426	DESERTED VILLAGE	4486	4486	1
63427	LMGROVLLUM	4209	4209	2
63428	WASP VIDEO ROADHOUSE	4483	4483	2
63429	MONOTYPE	4469	4469	1
63430	CRUCIAL BLAZE/CRUCIAL BLAST	4478	4478	1
63431	HOLY MOUNTAIN	132	132	1
63432	UTECH	3606	3606	1
63433	STONES THROW	3777	3777	1
63434	SHOCK	2241	2241	1
63435	SHADOKS MUSIC	2221	2221	1
63436	L'ESPIRIT DE L'ESCALIER	4470	4470	1
63437	SIGE	4474	4474	1
63438	BLUE NOTE	462	462	1
63439	ALL SAINTS	679	679	1
63440	ALL SAINTS	679	679	1
63441	TAPU RECORDS	4477	4477	1
63442	NARROMINDED	4481	4481	2
63443	REL RECORDS	4471	4471	1
63444	MONOTYPE	4469	4469	1
63446	SUBLIME FREQUENCIES	2590	2590	1
63447	SHAM PALACE	4040	4040	1
63448	IMMUNE	3737	3737	1
63449	REGROOVE	4482	4482	2
63450	OBSOLETE UNITS	3635	3635	1
63451	TRENSMAT	4024	4024	1
63452	DEEP DISTANCE	4479	4479	1
63453	DUST-TO-DIGITAL	2615	2615	1
63454	NO FIDELITY	4475	4475	1
63456	PRISON TATT	4437	4437	1
63457	DELSIN	2780	2780	1
63458	A GIANT FERN	4480	4480	1
63460	EMERALD COCOON	3844	3844	1
63461	SILTBREEZE	298	298	2
63462	12XU	3869	3869	1
63466	MIE MUSIC	4193	4193	1
63467	VICTO	1195	1195	1
63469	DELICIOUS VINYL	3005	3005	1
63470	SELF-RELEASED	4490	4490	1
63471	STONES THROW	3777	3777	1
63472	GLISTENING EXAMPLES	4492	4492	1
63473	NOT NOT FUN	2978	2978	1
63474	DUAL PLANET	4491	4491	1
63475	SORRY STATE	3891	3891	1
63476	SAN HUEVOS RECORDS	4493	4493	1
63477	CAPTURED TRACKS	3648	3648	1
63479	JAZZMAN	2411	2411	1
63480	TOUCH	929	929	2
63482	hatOLOGy	4498	4498	1
63483	EM	3169	3169	1
63484	AAGOO	2383	2383	1
63485	LOMA VISTA RECORDINGS	4457	4457	1
63486	MONOTYPE	4469	4469	1
63487	BED OF NAILS	4412	4412	1
63489	SHADOKS MUSIC	2221	2221	1
63490	A GUIDE TO SAINTS	4496	4496	1
63491	MONOTYPE	4469	4469	1
63493	PHAGE TAPES	4497	4497	1
63494	TESTCARD RECORDINGS	4503	4503	1
63495	IN THE RED	960	960	1
63496	CHIMERA	4502	4502	1
63497	HAIRY SPIDER LEGS	4181	4181	1
63498	HIDDEN SHOAL	4112	4112	1
63499	HOZAC	3995	3995	1
63500	SQUIRREL THING	4500	4500	1
63502	TOTAL TREBLE	4501	4501	1
63504	EM	3169	3169	1
63505	MISSISSIPPI	3352	3352	1
63506	TENZIER	4528	4528	1
63507	FEEDING TUBE	3800	3800	1
63509	HOT RELEASES	3508	3508	1
63510	FEEDING TUBE	3800	3800	1
63511	NNA	3978	3978	1
63512	DARK ENTRIES	4422	4422	1
63513	DARK ENTRIES	4422	4422	1
63514	Rural Isolation Project	4294	4294	1
63515	PRISON TATT	4437	4437	1
63516	PRISON TATT	4437	4437	1
63517	FEEDING TUBE	3800	3800	1
63519	PRISON TATT	4437	4437	1
63522	TONE LOG	4487	4487	1
63523	DIXON AVENUE BASEMENT JAMS	4488	4488	1
63524	L.I.E.S.	4030	4030	1
63527	KYE	3842	3842	1
63528	CGI RECORDS	4484	4484	2
63536	GLITTERBEAT	4365	4365	1
63537	SUBLIME FREQUENCIES	2590	2590	1
63538	SLOOW TAPES	4519	4519	1
63539	TOMPKINS SQUARE	3040	3040	1
63540	ESTUARY, LTD.	4524	4524	1
63541	ReR	4520	4520	1
63542	INI.TUI	4522	4522	1
63543	NEW ATLANTIS	4515	4515	1
63544	PRISON TATT	4437	4437	1
63545	ENGINE	3598	3598	1
63546	SNOW DOG	4514	4514	1
63547	HYPERDUB	3233	3233	1
63548	SLOOW TAPES	4519	4519	1
63549	EM	3169	3169	1
63551	GRAVEFACE	3544	3544	1
63552	POLYVINYL	4509	4509	1
63553	ROUGH TRADE	282	282	1
63554	INAM	3447	3447	1
63555	ROCKET RECORDINGS	4130	4130	1
63556	BA DA BING!	1110	1110	1
63557	MAJMUA MUSIC	4508	4508	1
63558	MEXICAN SUMMER	3670	3670	1
63559	KRANKY	377	377	1
63560	JAGJAGUWAR	1217	1217	1
63561	SACRED BONES	3736	3736	1
63562	MY IDEA OF FUN	4516	4516	1
63563	MATADOR	332	332	1
63564	ALL SAINTS	679	679	1
63565	MYTHICAL CARPET STUDIOS	4525	4525	1
63566	THRILL JOCKEY	266	266	1
63567	THIRD MAN	4518	4518	1
63568	ROCKET GIRL	1679	1679	1
63569	SIMONE	4521	4521	1
63570	SELF-RELEASED	4523	4523	1
63571	BLUE TAPES	4485	4485	1
63572	NORTHERN-SPY	3845	3845	1
63574	SPEAKERTREE	4155	4155	1
63576	RANDY RECORDS	4254	4254	1
63577	JACKSHACK/TELEPHONE EXPLOSION	4530	4530	1
63578	TOTAL PUNK	4105	4105	1
63579	RANDY RECORDS	4254	4254	1
63580	HOSPITAL PRODUCTIONS	4495	4495	1
63581	MODERN LOVE	3838	3838	1
63582	PRISON TATT	4437	4437	1
63583	MODULARFIELD	4506	4506	1
63584	Ostgut Ton	4504	4504	1
63585	IN PARADISUM	4494	4494	1
63586	CROWDSPACER	4505	4505	1
63587	HOT RELEASES	3508	3508	1
63590	VOODOO RHYTHM	1561	1561	1
63591	DEL-FI	201	201	1
63592	HONEST JON'S	2274	2274	1
63593	REKEM	4526	4526	1
63594	THE FLENSER	4534	4534	1
63595	CONSTELLATION	1402	1402	1
63596	ACTUELLECD	4527	4527	1
63597	AMBIANCES MAGNETIQUES	3174	3174	1
63599	STONES THROW	3777	3777	1
63601	BROKKEN	4532	4532	1
63602	SELF-RELEASED	4531	4531	1
63603	ED BANGER RECORDS	4266	4266	1
63604	ISLAND/REPUBLIC	4512	4512	1
63605	KDJ	4510	4510	1
63606	(self-released)	4511	4511	1
63607	KYE	3842	3842	1
63608	HOT RELEASES	3508	3508	1
63609	DAIS	4103	4103	1
63610	COMPANION	3369	3369	1
63619	MERGE	337	337	1
63622	CHOOSE RECORDS	4550	4550	1
63623	(self-released)	4569	4569	1
63624	DIGITALIS	2921	2921	1
63625	SLOOW TAPES	4519	4519	1
63626	NOBUSINESS	4027	4027	1
63627	NORTHERN-SPY	3845	3845	1
63628	TERP	2827	2827	1
63629	TERP	2827	2827	1
63630	NOW-AGAIN	4542	4542	1
63631	12K	4002	4002	1
63633	DENOVALI	4344	4344	1
63634	FOURTH DIMENSION RECORDS	4544	4544	1
63635	SERIES APHONOS	4548	4548	1
63636	MUSICA GENERA	4540	4540	1
63637	ALGA MARGHEN	3537	3537	1
63638	MINORITY RECORDS	4551	4551	1
63639	TWO ACORNS	4543	4543	1
63640	UNSOUNDS	2251	2251	1
63642	PRISON TATT	4437	4437	1
63643	RUNE GRAMMOFON	2423	2423	1
63644	MAYBE MARS	4546	4546	1
63645	SUB POP	258	258	1
63646	ROUGH BEAST	4547	4547	1
63647	SLOVENLY	2420	2420	1
63648	EL PARAISO	4378	4378	1
63649	THRILL JOCKEY	266	266	1
63650	FAT POSSUM	3281	3281	1
63651	LAGARTO MUSIC/AMULET RECORDS	4538	4538	1
63652	LUMBERTON TRADING COMPANY	4545	4545	1
63653	GUERSSEN	3555	3555	1
63654	ONE KIND FAVOR	3974	3974	1
63655	DEAD BEAT	3293	3293	1
63656	HOSPITAL	2522	2522	1
63664	NASHAZPHONE RECORDS	4537	4537	2
63665	NASHAZPHONE RECORDS	4537	4537	1
63666	HOLIDAYS	4539	4539	1
63667	SILTBREEZE	298	298	1
63671	HOLLERTRONIX	2797	2797,2798	2
63672	XL	1833	1833	1
63674	LEO	2215	2215	1
63678	MR BONGO	4554	4554	1
63679	TAPU RECORDS	4477	4477	1
63680	EDITION OMEGA POINT	4088	4088	1
63681	GHOSTLY INTERNATIONAL	2382	2382	1
63682	Outside Recordings	4557	4557	1
63683	HOPSCOTCH	1645	1645	1
63684	PI	2357	2357	1
63686	AEROPHONIC	4558	4558	1
63687	EMPREINTES DIGITALES	1096	1096	1
63688	(self-released)	4552	4552	1
63689	DISQUES BOOM	4529	4529	2
63690	THRILL JOCKEY	266	266	1
63691	FEEDING TUBE	3800	3800	1
63692	SERIES APHONOS	4548	4548	1
63693	INAM	3447	3447	1
63694	ATO	4056	4056	1
63695	SUB POP	258	258	1
63696	DEAD OCEANS	3326	3326	1
63697	SACRED BONES	3736	3736	1
63698	MONIKER	3770	3770	1
63699	CAPTURED TRACKS	3648	3648	1
63700	SERIES APHONOS	4548	4548	1
63701	Loma Vista, Republic Records	4562	4562	1
63703	CASTLE FACE	3278	3278	1
63704	AMISH	500	500	1
63705	DEKORDER	3541	3541	1
63706	JAZZMAN	2411	2411	1
63707	SUBLIME FREQUENCIES	2590	2590	1
63708	SUPERDREAMER RECORDS	4560	4560	1
63709	TRANQUILITY TAPES	4131	4131	1
63710	(self-released)	4561	4561	1
63711	(self-released)	4564	4564	1
63712	SUPERDREAMER RECORDS	4560	4560	1
63713	NASHAZPHONE RECORDS	4537	4537	1
63715	DOMINO	1112	1112	1
63716	WINDIAN	4535	4535	1
63717	TOTAL PUNK	4105	4105	1
63718	ALTER	4315	4315	1
63720	IN THE RED	960	960	1
63721	IN THE RED	960	960	1
63723	ELECTRO HARMONIX	1993	1993	1
63724	SOUL 7/JAZZMAN	4536	4536	1
63725	MEGAPHONE	335	335	1
63726	FEEDING TUBE	3800	3800	1
63727	EM	3169	3169	1
63728	SILTBREEZE	298	298	1
63729	RANDY RECORDS	4254	4254	1
63730	BRIGHT AS NIGHT	4555	4555	1
63732	WHITE MATERIAL	4567	4567	1
63733	PEOPLES POTENTIAL UNLIMITED	4568	4568	1
63734	JEALOUS GOD	4565	4565	1
63739	12XU	4556	4556	1
63743	SUB POP	258	258	1
63744	(self-released)	4571	4571	1
63745	SECRETLY CANADIAN	670	670	1
63746	CONSTELLATION	1402	1402	1
63747	LIGHT IN THE ATTIC	2738	2738	1
63748	DRAGON'S EYE RECORDINGS	3515	3515	1
63749	ROOM40	2672	2672	1
63750	TENCH	3994	3994	1
63751	TRUNK	2686	2686	1
63752	RUNE GRAMMOFON	2423	2423	1
63753	pfMENTUM	1571	1571	1
63754	MEDICAL	3828	3828	1
63755	MILVIA SON	3721	3721	1
63756	GLITTERBEAT	4367	4367	1
63757	DIGATONE/TRASH ROCK ARCHIVES	4572	4572	3
63759	IMPORTANT	2457	2457	1
63760	EM/OMEGA POINT	4580	4580	1
63761	HUBRO	4581	4581	1
63762	HYPERDUB	3233	3233	1
63763	(self-released)	4577	4577	1
63764	THRILL JOCKEY	266	266	1
63765	PARADISE OF BACHELORS	3818	3818	1
63766	AAGOO	2383	2383	1
63767	IMPORTANT	2457	2457	1
63768	IMPORTANT	2457	2457	1
63769	GIZEH RECORDS	4281	4281	1
63770	KYE	3842	3842	1
63772	12K	4002	4002	1
63773	EDITIONS MEGO	3207	3207	1
63775	SAHELSOUNDS	3943	3943	1
63776	OLSEN	4450	4450	1
63777	EKSTER	4579	4579	1
63778	MUST DIE	4602	4602	1
63779	VIN DU SELECT QUALITITE	3656	3656	1
63780	FEEDING TUBE	3800	3800	1
63781	GIZEH RECORDS	4281	4281	1
63782	MISSISSIPPI/CHANGE/EGGY	4578	4578	1
63783	FEEDING TUBE	3800	3800	1
63784	FEEDING TUBE	3800	3800	1
63785	MORR MUSIC	2519	2519	1
63787	PARTE	4570	4570	1
63788	FEEDING TUBE	3800	3800	1
63789	SUBTEXT	4464	4464	1
63802	SECRET STASH	3954	3954	1
63803	Stag-o-lee	4588	4588	1
63804	PEOPLES POTENTIAL UNLIMITED	4568	4568	1
63805	EM	3169	3169	1
63807	DANSE CLUB RECORDS	4600	4600	1
63809	SPACE CASE	4589	4589	1
63810	SILTBREEZE	298	298	1
63811	TOUCH	929	929	1
63816	SUBLIMINAL SOUNDS	2585	2585	1
63817	HORUS	4591	4591	1
63818	GROOVE ATTACK	3960	3960	1
63819	BLACK SWEAT	4585	4585	1
63820	FPE Records	4584	4584	1
63821	NO BUSINESS	4018	4018	1
63822	SOFA	4590	4590	1
63823	NEW ATLANTIS	4515	4515	1
63824	PUBLIC EYESORE	2250	2250	1
63826	TERANGA BEAT	4017	4017	1
63827	#SAVETHEMONEY	4574	4574	1
63828	EDITIONS MEGO	3207	3207	1
63829	(self-released)	4576	4576	1
63830	STONES THROW	3777	3777	1
63831	RAMP	4592	4592	1
63832	TOP DAWG	4575	4575	1
63834	Makkum Records	4582	4582	1
63835	CARPARK	1692	1692	1
63836	THE FLENSER	4534	4534	1
63837	TOMPKINS SQUARE	3040	3040	1
63838	NASHAZPHONE RECORDS	4537	4537	1
63839	THRILL JOCKEY	266	266	1
63840	VICE	2872	2872	1
63841	BROKEN SPINE	4045	4045	1
63842	TRENSMAT	4024	4024	1
63843	PLANET MU	2207	2207	1
63844	(self-released)	4583	4583	1
63845	PRISON TATT	4437	4437	1
63847	SOUND OF COBRA	4586	4586	1
63848	FUTURE CLASSIC	4594	4594	1
63849	HUBRO	4581	4581	1
63852	HOZAC	3995	3995	1
63853	HOZAC	3995	3995	1
63854	ANTI-	3004	3004	1
63855	CLERMONT MUSIC	4398	4398	1
63856	STUDENTS OF DECAY	4137	4137	1
63857	SUPERIOR VIADUCT	4099	4099	1
63860	KONTRANS	2620	2620	1
63861	TUBAPEDE	4595	4595	1
63862	CHOCOLATE MONK	4205	4205	1
63863	5049	4288	4288	1
63865	A Records	2824	2824	1
63868	NONESUCH	799	799	1
63869	NO BUSINESS	4018	4018	1
63870	SUNNYSIDE	2220	2220	1
63871	AEROPHONIC	4558	4558	1
63872	BALANCE POINT ACOUSTICS	3440	3440	1
63873	DEEP DISTANCE	4479	4479	1
63875	YOUNG GOD	1723	1723	1
63876	(self-released)	4593	4593	1
63877	PRESERVATION	3850	3850	1
63878	PI	2357	2357	1
63879	CARE IN THE COMMUNITY	4423	4423	1
63880	HOZAC	3995	3995	1
63881	NORTHERN-SPY	3845	3845	1
63882	FOURTH DIMENSION RECORDS	4544	4544	1
63883	GONER	1323	1323	1
63884	PARADISE OF BACHELORS	3818	3818	1
63885	PARADISE OF BACHELORS	3818	3818	1
63886	DRAGON'S EYE RECORDINGS	3515	3515	1
63887	BA DA BING!	1110	1110	1
63889	HOT RELEASES	3508	3508	1
63890	TSUBA	4596	4596	1
63892	MERGE	337	337	1
63894	MERGE	337	337	1
63895	MERGE	337	337	1
63900	CLERMONT MUSIC	4398	4398	1
63902	SILTBREEZE	298	298	1
63903	EM	3169	3169	1
63904	RUNE GRAMMOFON	2423	2423	1
63905	ROGUE ART	3794	3794	1
63906	RUNE GRAMMOFON	2423	2423	1
63907	ECHOSPACE	3477	3477	1
63908	RASTER-NOTON	3837	3837	1
63909	Music From Memory	4605	4605	1
63911	HOUNDSTOOTH	4610	4610	1
63913	STRUT	1941	1941	1
63914	PERMANENT VACATION	3787	3787	1
63916	PRESERVATION	3850	3850	1
63917	QUESTIONS AND ANSWERS	4612	4612	1
63918	ATLANTIC	123	123	1
63919	NOMA VISTA	4611	4611	1
63920	SONIC MEDITATIONS	3989	3989	1
63921	MIE MUSIC	4193	4193	1
63922	CASTLEFACE	4609	4609	1
63923	SLOVENLY	2420	2420	1
63924	DENOVALI	4344	4344	1
63925	SAHELSOUNDS	3943	3943	1
63926	BLACK TRUFFLE	3639	3639	1
63927	THREE LOBED	4607	4607	1
63928	STRUT	1941	1941	1
63930	HOT RELEASES	3508	3508	1
63931	SOUND OF VAST	4599	4599	1
63932	FUTURE CLASSIC	4594	4594	1
63933	THE BUNKER NEW YORK	4598	4598	1
63935	Kindred Spirits	4608	4608	1
63937	L.I.E.S.	3898	3898	1
63938	ERSTWHILE	1661	1661	1
63939	NO PAIN IN POP	4282	4282	2
63942	MR BONGO	4554	4554	1
63943	PHIXIEOUS ENTERTAINMENT	4625	4625	1
63944	(self-released)	4564	4564,4624	2
63946	KEMAL	4617	4617	1
63947	MAGAZINE	3814	3814	1
63948	MISSISSIPPI/CANARY RECORDS	4616	4616	1
63949	FULL CONTACT	4358	4358	1
63950	KYE	3842	3842	1
63951	CLAN DESTINE	4627	4627	1
63952	ROCKET RECORDINGS	4130	4130	1
63953	TURNED WORD	3886	3886	1
63955	MERGE	337	337	1
63957	MERGE	337	337	1
63960	HOLIDAYS	4539	4539	1
63961	ETHBO	4618	4618	1
63962	POGUS	305	305	1
63963	ESTUARY, LTD.	4524	4524	1
63964	MUTE	348	348	1
63965	ULTRA ECZEMA	3200	3200	1
63967	TOMPKINS SQUARE	3040	3040	1
63968	ESTUARY, LTD.	4524	4524	1
63969	DISCREPANT	4339	4339	1
63970	AURORA	488	488	1
63971	MIE MUSIC	4193	4193	1
63972	WHERE TO NOW	4630	4630	1
63973	BENIFFER EDITIONS	4615	4615	1
63974	MIASMAH	4005	4005	1
63975	GOLDEN LAB	4620	4620	1
63976	MATADOR	332	332	1
63979	SACRED BONES	3736	3736	1
63983	DATA GARDEN	4623	4623	1
63992	RUNE GRAMMOFON	2423	2423	1
63993	ENTR'ACTE	4004	4004	1
63994	RE-RECORDS	4635	4635	1
63995	EDITIONS MEGO	3207	3207	1
63998	NO BUSINESS	4018	4018	1
63999	(self-released)	4647	4647	1
64000	CARPARK	1692	1692	1
64001	LIGHT IN THE ATTIC	2738	2738	2
64002	SAINT CECILIA KNOWS	4637	4637	1
64003	OTHER MINDS	4636	4636	1
64004	(self-released)	4507	4507	1
64005	WHAT'S YOUR RUPTURE/MOM + POP	4626	4626	1
64006	JAGJAGUWAR	1217	1217	1
64008	OMNIMOMENTO	4139	4139	1
64009	SUBROUTINE RECORDS	4638	4638	1
64010	KRANKY	377	377	1
64012	RUSSIAN TORRENT VERSIONS	4629	4629	1
64013	L.A. CLUB RESOURCE	4632	4632	1
64014	MORPHINE	4621	4621	1
64015	L.I.E.S.	3898	3898	1
64016	DESIRE	4118	4118	1
64017	DEAD-CERT/FINDERS KEEPERS	4640	4640	1
64018	NUMERO GROUP	2709	2709	1
64019	SNOT RELEASES	4639	4639	1
64020	IN PARADISUM	4494	4494	1
64021	SPLENDOUR	4641	4641	1
64022	12XU	3869	3869	1
64023	TROST	4364	4364	1
64024	GOLDEN LAB	4620	4620	1
64025	AAGOO/GOODBYE BOOZY RECORDS	4631	4631	1
64026	EDICOES CN	4614	4614	2
64032	THE SOCIAL REGISTRY	2556	2556	1
64033	THE SOCIAL REGISTRY	2556	2556	1
64034	ULTRA ECZEMA	3200	3200	1
64035	DEKORDER	3541	3541	1
64036	TOUCH	929	929	1
64037	Makkum Records	4582	4582	1
64038	MIRABEL	4645	4645	1
64039	HAUSU MOUNTAIN	4643	4643	2
64040	INITIATIVE MUSIK	4619	4619	1
64041	ROCKET GIRL	1679	1679	1
64042	TED RECORDS	4634	4634	1
64043	HOSPITAL PRODUCTIONS	4495	4495	1
64044	COMMUNICATING VESSELS	4415	4415	1
64045	DOMINO	1112	1112	1
64046	WASP VIDEO ROADHOUSE	4483	4483	1
64047	FPE Records	4584	4584	1
64048	EDITIONS MEGO	3207	3207	1
64049	NOISENDO	4650	4650	1
64050	KOMPAKT	2306	2306	1
64051	PRISON TATT	4437	4437	1
64052	HOT RELEASES	3508	3508	1
64053	OTHER PEOPLE	4646	4646	1
64054	12XU	3869	3869	1
64055	DAIS	4103	4103	1
64056	SILTBREEZE	298	298	1
64057	PRISON TATT	4437	4437	1
64058	NNA	3978	3978	1
64059	SOFTWARE	4238	4238	1
64068	DIGITALIS	2921	2921	1
64069	(self-released)	4507	4507	1
64070	CORPOC	4628	4628	1
64071	SECRETLY CANADIAN	670	670	1
64072	TOMPKINS SQUARE	3040	3040	1
64073	(self-released)	4552	4552	1
64074	PHARAWAY SOUNDS	4161	4161	1
64075	MEROK	4651	4651	1
64077	MUTE	348	348	1
64078	FANG BOMB	4649	4649	1
64079	ROOM40	4652	4652	1
64080	PUBLIC EYESORE	2250	2250	1
64081	ERSTWHILE	1661	1661	1
64082	ANOTHER TIMBRE	4389	4389	1
64083	ERSTWHILE	1661	1661	1
64085	DECONSTRUCT MUSIC	4633	4633	1
64086	HOZAC	3995	3995	1
64087	UNROCK	4653	4653	1
64088	OTHER ELECTRICITIES	3298	3298	1
64098	DRAG CITY	441	441	1
64099	ANALOG AFRICA	3436	3436	1
64100	PALENQUE	2450	2450	1
64101	IMPULSIVE HABITAT	4660	4660	1
64102	TOUCH	929	929	1
64103	SUBLIME FREQUENCIES	2590	2590	1
64104	GLITTERBEAT	4365	4365	1
64105	L.A. CLUB RESOURCE	4632	4632	1
64106	SUOL	4333	4333	1
64107	HYPERDUB	3233	3233	1
64108	PLANET MU	2207	2207	1
64109	XL	1833	1833	1
64110	YOUNG TURKS	3642	3642	1
64112	RVNG INTL.	3766	3766	1
64113	CONNAISSEUR RECORDINGS	4642	4642	1
64114	NORTHERN-SPY	3845	3845	1
64115	(self-released)	4564	4564	1
64116	S.I.N.K.	4661	4661	1
64119	030303	4659	4659	1
64120	BATHETIC	4052	4052	1
64121	BATHETIC	4052	4052	1
64122	FEEDING TUBE	3800	3800	1
64123	STARLIGHT FURNITURE CO.	2593	2593	1
64124	P::C::P RECORDS	4658	4658	1
64125	SHELTER PRESS	4390	4390	1
64134	UNSEEN WORLDS	3408	3408	1
64135	STAUBGOLD	2301	2301	1
64138	THE FLENSER	4534	4534	1
64139	DEKORDER	3541	3541	1
64140	THRILL JOCKEY	266	266	1
64142	PROFOUND LORE	3684	3684	1
64143	BINDRUNE	4662	4662	1
64147	SUPERIOR VIADUCT	4099	4099	1
64148	OMNI	3866	3866	1
64149	CREME ORGANIZATION	2454	2454	1
64150	AUS	3762	3762	1
64151	HOT RELEASES	3508	3508	1
64152	CARGO	465	465	1
64153	MORE ABOUT MUSIC	4655	4655	1
64161	PUBLIC EYESORE	2250	2250	1
64162	HOT RELEASES	3508	3508	1
64163	TED RECORDS	4634	4634	1
64164	SOUNDWAY	2355	2355	1
64165	PEAK OIL	4663	4663	1
64166	KARLRECORDS	4664	4664	1
64167	KARLRECORDS	4664	4664	1
64168	KARLRECORDS	4664	4664	1
64171	AUM FIDELITY	1046	1046	1
64172	AUM FIDELITY	1046	1046	1
64174	UNSEEN WORLDS	3408	3408	1
64175	MISSISSIPPI	3352	3352	1
64176	LITTLE AXE	4665	4665	1
64177	50 WEAPONS	4241	4241	1
64178	FREUDE AM TANZEN	4668	4668	1
64179	DOG IN THE NIGHT	4656	4656,4667	2
64180	TOTAL PUNK	4105	4105	1
64181	BUREAU-B	3529	3529	1
64182	BLACK SWEAT	4585	4585	1
64183	SHELTER PRESS	4390	4390	1
64184	SUPERIOR VIADUCT	4099	4099	1
64185	HERMIT HUT	4666	4666	1
64187	NOW-AGAIN	4542	4542	1
64191	(self-released)	4654	4654	1
64197	SUB POP	258	258	1
64198	BA DA BING!	1110	1110	1
64199	SUB POP	258	258	1
64201	SONY	253	253	1
64202	INNOVATIVE LEISURE	4674	4674	1
64203	STONES THROW	3777	3777	1
64204	SHANACHIE	291	291	1
64205	KRANKY	377	377	1
64206	ANTIFROST	4680	4680	1
64207	RECITAL	4396	4396	1
64208	CATALYST	4675	4675	1
64209	CLEAN FEED	3374	3374	1
64213	KRANKY	377	377	1
64214	HOUNDSTOOTH	4610	4610	1
64216	PAN	4042	4042	1
64217	WARNER BROTHERS	223	223	1
64219	MEXICAN SUMMER	3670	3670	1
64220	ONDERSTROOM	4671	4671	1
64221	MEDICAL	3828	3828	1
64222	MEDICAL	3828	3828	1
64223	DESIRE	4118	4118	2
64224	CREME ORGANIZATION	2454	2454	1
64225	RIPATTI	4669	4669	1
64226	PAN	4042	4042	1
64227	BIORHYTHM	4670	4670	1
64228	L.I.E.S.	4030	4030	1
64229	JAGJAGUWAR	1217	1217	1
64230	4 AD	104	104	1
64231	(self-released)	4507	4507	1
64232	PUBLIC EYESORE	2250	2250	1
64234	QUAKEBASKET	2376	2376	1
64235	ROOM40	2672	2672	1
64236	ROOM40	2672	2672	1
64237	ROOTSTRATA	3582	3582	1
64238	PATIENT SOUNDS INTL.	4679	4679	1
64239	MUTE	348	348	1
64240	NUMBERS	3876	3876	1
64241	WARP	733	733	1
64242	YOUNG TURKS	3642	3642	1
64243	DESIRE	4118	4118	1
64248	BALLOON AND NEEDLE	4685	4685	1
64249	MIE MUSIC	4193	4193	1
64250	TOMPKINS SQUARE	3040	3040	1
64251	DUST-TO-DIGITAL	2615	2615	1
64252	WINDS MEASURE	4408	4408	1
64253	SHADOKS MUSIC	2221	2221	1
64254	SOUTHERN LORD	2331	2331	1
64255	SPINEFARM RECORDS	4686	4686	1
64256	PARADISE OF BACHELORS	3818	3818	1
64257	HAPNA	2484	2484	1
64258	PROFOUND LORE	3684	3684	1
64259	GROVL TAPES	4462	4462	1
64260	WORDANDSOUND	4684	4684	1
64261	PLANET MU	2207	2207	1
64262	ACID TEST	4687	4687	1
64263	WHEN IN DOUBT	4681	4681	1
64264	M>O>S	4683	4683	1
64265	GUERSSEN	3555	3555	1
64266	OUTER BATTERY	4021	4021	1
64273	IMPORTANT	2457	2457	1
64276	ELECTRIC COWBELL	3856	3856	1
64288	RASTER-NOTON	3837	3837	1
64290	STRIPPED AND CHEWED	4676	4676	1
64291	HAPNA	2484	2484	1
64296	HOLIDAYS FOR QUINCE/BURLY TIME	3255	3255	1
64297	WINDS MEASURE	4408	4408	1
64299	SACRED REALISM	4689	4689	1
64300	ANALOG AFRICA	3436	3436	1
64301	BORN BAD	4058	4058	1
64302	LUSAFRICA	1974	1974	1
64303	STONE'S THROW	1153	1153	1
64304	SUB POP	258	258	1
64305	STONE'S THROW	1153	1153	1
64306	MUNSTER	2002	2002	1
64307	BECAUSE MUSIC	4463	4463	1
64309	ALARM	4697	4697	1
64310	GONER	1323	1323	1
64311	EPIC	429	429	1
64312	SUSANNASONATA	4691	4691	1
64313	ABDUCTION	176	176	1
64318	VAMPISOUL	2892	2892	1
64319	TOTAL PUNK	4105	4105	1
64320	TOTAL PUNK	4105	4105	1
64321	HOZAC	3995	3995	1
64322	MEDICAL	3828	3828	1
64323	GILGONGO	4696	4696	1
64324	MEDICAL	3828	3828	1
64326	HOZAC	3995	3995	1
64327	HOZAC	3995	3995	1
64328	IRON LUNG	4698	4698	1
64329	SORRY STATE	3891	3891	1
64330	MISSISSIPPI	3352	3352	1
64331	HALATERN, ETC.	4688	4688	1
64332	NNA	3978	3978	1
64333	COBBLESTONE	4693	4693	1
64334	RORATORIO	4695	4695	1
64335	ARE LIGHT EDITIONS	4694	4694	1
64339	NEUROT	2197	2197	1
64340	SOUNDWAY	2355	2355	1
64342	COCOON	3135	3135	1
64343	HAUNTED AIR	4678	4678	1
64344	a.r.t.less	4677	4677	1
64345	BUNKER	1931	1931	1
64352	LIGHT IN THE ATTIC	2738	2738	1
64353	THIRD MAN/REVENANT	4710	4710	1
64354	SAHELSOUNDS	3943	3943	1
64356	DRAGON'S EYE RECORDINGS	3515	3515	1
64358	NOBUSINESS	4027	4027	2
64360	ROUGH TRADE	282	282	2
64361	NORTHERN-SPY	3845	3845	1
64362	BLACKEST EVER BLACK	4350	4350	1
64364	MERLIN'S NOSE	4707	4707	1
64365	MATADOR	332	332	1
64367	EM	3169	3169	1
64368	SUB POP	258	258	1
64369	WARP	733	733	1
64370	HAUSU MOUNTAIN	4643	4643	1
64372	KRANKY	377	377	1
64373	HAUSU MOUNTAIN	4643	4643	1
64374	RUSH HOUR	3863	3863	1
64375	MODERN LOVE	3838	3838	1
64376	MEXICAN SUMMER	3670	3670	1
64377	SKAM	2649	2649	1
64378	RUNE GRAMMOFON	2423	2423	1
64379	DRAGON'S EYE RECORDINGS	3515	3515	1
64380	RUNE GRAMMOFON	2423	2423	1
64381	SACRED BONES	3736	3736	1
64382	RVNG INTL.	3766	3766	1
64383	KYE	3842	3842	1
64384	UNSOUNDS	2251	2251	1
64385	CHONDRITIC SOUND	4706	4706	1
64386	SUPERDREAMER RECORDS	4560	4560	1
64387	MEDICAL	3828	3828	1
64390	SUB ROSA	805	805	1
64391	UNSEEN WORLDS	3408	3408	1
64392	NUMERO GROUP	2709	2709	1
64393	DUPPY GUN	4708	4708	1
64394	ROUGH TRADE	282	282,6115	2
64395	EL PARAISO	4378	4378	1
64396	EL PARAISO	4378	4378	1
64397	GLISTENING EXAMPLES	4492	4492	1
64398	WEIRD WORLD	4711	4711	1
64399	SUPER SECRET RECORDS	4712	4712	1
64400	MUTE	348	348	1
64401	DEF JAM	439	439	1
64402	BROADWALK RECORDS	4705	4705	1
64403	HYPERDUB	3233	3233	1
64404	HOUNDSTOOTH	4610	4610	1
64406	HYPERDUB	3233	3233	1
64407	SUBLIME FREQUENCIES	2590	2590	1
64409	FEEDING TUBE	3800	3800	1
64410	FEEDING TUBE	3800	3800	1
64411	FEEDING TUBE	3800	3800	1
64412	540 RECORDS	3875	3875	1
64413	SALTERN	4709	4709	1
64414	DOPENESS GALORE	4702	4702	1
64415	LUX REC	4703	4703	1
64416	DARK ENTRIES	4422	4422	1
64417	RAAM	4704	4704	1
64419	BLAST FIRST	471	471	1
64420	BATHETIC	4052	4052	1
64421	BATHETIC	4052	4052	1
64429	LIGHT IN THE ATTIC	2738	2738	1
64430	VAMPISOUL	2892	2892	1
64431	SHADOKS MUSIC	4699	4699	1
64432	GONER	1323	1323	1
64433	IN THE RED	960	960	1
64434	Black Gladiator	4001	4001	1
64435	GONER	1323	1323	1
64437	HYPERDUB	3233	3233	1
64438	HYPERDUB	3233	3233	1
64439	HYPERDUB	3233	3233	1
64440	HYPERDUB	3233	3233	1
64441	INNERVISIONS	4701	4701	1
64442	RANDY RECORDS	4254	4254	1
64444	HAND HELD RECORDINGS	4400	4400	1
64445	NUMERO GROUP	2709	2709	2
64446	POGUS	305	305	1
64450	TRUCO ESPARRAGO	4472	4472	1
64452	JAMAICAN RECORDINGS	3288	3288	1
64454	TOUCH	929	929	1
64457	EM	3169	3169	1
64458	VAMPISOUL	2892	2892	1
64459	CACHE	4722	4722	1
64460	PHARAWAY SOUNDS	4161	4161	1
64461	PHARAWAY SOUNDS	4161	4161	1
64462	JAZZ VILLAGE	4397	4397	1
64464	IMPORTANT	2457	2457	1
64465	MIE MUSIC	4193	4193	1
64466	TUM RECORDS	4719	4719	1
64467	CUNEIFORM	437	437	1
64468	AUM FIDELITY	1046	1046	1
64469	BLUE TAPES	4485	4485	1
64470	INTO THE LIGHT	4721	4721	1
64471	STAUBGOLD	2301	2301	1
64472	FEEDING TUBE	3800	3800	1
64473	JAZZMAN	2411	2411	1
64474	FEEDING TUBE	3800	3800	1
64475	DELSIN	2780	2780	1
64476	CREME ORGANIZATION	2454	2454	1
64477	BLACK CATALOGUE	4715	4715	1
64478	CREME ORGANIZATION	2454	2454	1
64479	MEDICAL	3828	3828	1
64480	NUMERO GROUP	2709	2709	1
64481	ROOTSTRATA	3582	3582	1
64482	FEEDING TUBE	3800	3800	1
64483	FEEDING TUBE	3800	3800	1
64484	SORRY STATE	3891	3891	2
64485	SUBTEXT	4464	4464	1
64486	NNA	3978	3978	1
64487	(self-released)	4624	4624	1
64488	FEEDING TUBE	3800	3800	1
64489	VIN DU SELECT QUALITITE	3656	3656	1
64490	SOUFFLE CONTINU	4720	4720	1
64491	FEEDING TUBE	3800	3800	1
64493	INSTRUCTIONAL MEDIA	4723	4723	1
64495	HDM Records	4725	4725	1
64496	MUSIQUES SUISSE	4731	4731	1
64497	HUBRO	4581	4581	1
64499	JAZZMAN	2411	2411	1
64500	12K	4002	4002	1
64501	SOUND SIGNATURE	3962	3962	1
64502	THE BUNKER NEW YORK	4598	4598	1
64503	CREME ORGANIZATION	2454	2454	1
64504	MEXICAN SUMMER	3670	3670	1
64505	MENTAL GROOVE	3944	3944	1
64506	CARBON	1180	1180	1
64507	HUBRO	4581	4581	1
64508	ONDERSTROOM	4671	4671	1
64509	S.I.N.K.	4661	4661	1
64510	THRILL JOCKEY	266	266	1
64511	CARBON	1180	1180	1
64512	SINISTER TOUCH	4730	4730	1
64513	NORTHERN-SPY	3845	3845	1
64515	SAHELSOUNDS	3943	3943	1
64516	AWESOME TAPES FROM AFRICA	3998	3998	1
64517	SORRY STATE	3891	3891	1
64518	FAMILY VINEYARD	1980	1980	1
64519	JAGJAGUWAR	1217	1217	1
64522	SOUL JAZZ	1936	1936	1
64523	AAGOO	2383	2383	1
64526	MERGE	337	337	1
64527	NUMERO GROUP	2709	2709	1
64528	ULTRA ECZEMA	3200	3200	1
64529	(self-released)	4354	4354	1
64530	MUTE	348	348	1
64531	THRILL JOCKEY	266	266	1
64532	LIGHT IN THE ATTIC	2738	2738	1
64533	SOMNOR	4724	4724	1
64534	DOMINO	1112	1112	1
64536	B-PITCH CONTROL	2956	2956	1
64537	PRO-ERA	4732	4732	1
64538	BEATS IN SPACE RECORDS	4401	4401	1
64539	DIAGONAL RECORDINGS	4735	4735	1
64540	PRHYME RECORDS	4733	4733	1
64542	SUB POP	258	258	1
64543	PHUZZ RECORDS	4729	4729	1
64544	no label	2489	2489	1
64545	HIP-O/UNIVERSAL	990	990	1
64551	(self-released)	4356	4356	1
64553	NEUROT	2197	2197	1
64555	DEAD OCEANS	3326	3326	1
64556	JAGJAGUWAR	1217	1217	1
64559	PARADISE OF BACHELORS	3818	3818	1
64560	12XU	3869	3869	1
64561	CHUNKLET INDUSTRIES	4734	4734	1
64562	CHAPTER MUSIC	2877	2877	1
64563	SNOT RELEASES	4639	4639	1
64564	HONEST JON'S	2274	2274	1
64565	SORRY STATE	3891	3891	1
64566	BARBES	3286	3286	1
64574	GLISTENING EXAMPLES	4492	4492	1
64575	DRAMATIC RECORDS	4737	4737	1
64576	ECHO BEACH	2846	2846	1
64577	KINGSTON SOUNDS	4743	4743	1
64578	PAN	4042	4042	1
64580	RUSH HOUR	3863	3863	1
64581	DISKO B	4728	4728	1
64582	CLONE BASEMENT SERIES	3961	3961	1
64583	METROPLEX	4749	4749	1
64584	NOVEL SOUNDS	2644	2644	1
64585	MUNDO	4727	4727	1
64586	FOOM	4738	4738	1
64587	CALIGRI RECORDS	4739	4739	1
64589	(self-released)	4458	4458	1
64590	GLITTERHOUSE	4097	4097	1
64591	SHADOKS MUSIC	2221	2221	1
64592	DRAG CITY	441	441	1
64593	LIGHT IN THE ATTIC	2738	2738	1
64594	DRAG CITY	441	441	1
64595	BORN BAD	4058	4058	1
64596	CREPESCULO NEGRO/IRON BONEHEAD PRODUCTIONS/AJNA OF	4740	4740	1
64597	FALLEN EMPIRE RECORDS	4726	4726	1
64598	WEIRD WORLD	4711	4711	1
64599	FEEDING TUBE	3800	3800	1
64600	FEEDING TUBE	3800	3800	1
64601	SILTBREEZE	298	298	2
64602	SILTBREEZE	298	298	1
64603	DESIRE	4118	4118	1
64604	FEEDING TUBE	3800	3800	1
64605	FEEDING TUBE	3800	3800	1
64606	ROOTSTRATA	3582	3582	1
64607	ROTTED TOOTH	3754	3754	2
64608	BLACKEST EVER BLACK	4350	4350	2
64609	SUBLIME FREQUENCIES	2590	2590	1
64624	TOTAL PUNK	4105	4105	1
64627	CHUNKLET	1030	1030	1
64628	TOTAL PUNK	4105	4105	1
64629	NOBUSINESS	4027	4027	1
64632	RUNE GRAMMOFON	2423	2423	1
64633	SOFRITO SUPER SINGLES	3894	3894	1
64635	PAN	4042	4042	1
64636	A GIANT FERN	4480	4480	1
64638	SAHELSOUNDS	3943	3943	1
64639	AWESOME TAPES FROM AFRICA	3998	3998	1
64641	SUBLIME FREQUENCIES	2590	2590	1
64642	GLITTERBEAT	4367	4367	1
64643	FINDERS KEEPERS	2878	2878	1
64644	(self-released)	4507	4507	1
64645	GROVL TAPES	4462	4462	1
64646	PERMANENT VACATION	3787	3787	1
64647	STONES THROW	3777	3777	1
64648	RUSH HOUR	3863	3863	1
64649	Music From Memory	4605	4605	1
64650	P.W. ELVERUM AND SUN	4113	4113	1
64652	ONE LITTLE INDIAN	3060	3060	1
64653	SUPERIOR VIADUCT	4099	4099	1
64654	MATADOR	332	332	1
64655	YEP ROC	831	831	1
64656	UTECH	3606	3606	1
64657	EM	3169	3169	1
64660	SORRY STATE	3891	3891	1
64661	12XU	4556	4556	1
64663	MEDICAL	3828	3828	1
64664	MEDICAL	3828	3828	1
64665	no label	2489	2489	1
64666	OTO ROKU	4513	4513	1
64670	THRILL JOCKEY	266	266	1
64671	SACRED BONES	3736	3736	1
64672	NOBUSINESS	4027	4027	1
64673	NOBUSINESS	4027	4027	1
64675	NEW WORLD	351	351	1
64676	NOBUSINESS	4027	4027	1
64678	BLACK SWEAT	4585	4585	1
64679	RVNG INTL.	3766	3766	1
64680	POGUS	305	305	1
64681	DUCK N' COVER	4751	4751	1
64682	PAMPA	4247	4247	1
64683	MONKEYTOWN	4049	4049	1
64684	GREYSCALE	4754	4754	1
64686	HC3 MUSIC	4755	4755	1
64687	HC3 MUSIC	4755	4755	1
64689	STAUBGOLD	2301	2301	1
64690	THRILL JOCKEY	266	266	1
64691	SUB POP	258	258	1
64693	GROVL TAPES	4462	4462	1
64694	WHARF CAT	4756	4756	2
64695	(self-released)	4459	4459	1
64696	BORN BAD	4058	4058	1
64697	SUBLIMINAL SOUNDS	2585	2585	3
64698	EREMITE	804	804	1
64699	FEEDING TUBE	3800	3800	1
64700	SNOT RELEASES	4639	4639	1
64701	BATHETIC	4052	4052	1
64702	RURAL ISOLATION PROJECT	4764	4764	1
64703	CLOUDS HILL	4747	4747	1
64704	ENDANGERED SPECIES	4748	4748	1
64707	OTHER MUSIC	4092	4092	1
64708	ALIEN RAIN	4744	4744	1
64709	YGROK	4745	4745	1
64710	NOT NOT FUN	2978	2978	1
64712	RUSSIAN TORRENT VERSIONS	4629	4629	1
64713	Ljudverket	4746	4746	1
64717	CUNEIFORM	437	437	1
64732	CRAMMED DISCS	3789	3789	1
64733	TRUNK	2686	2686	1
64734	CLERMONT MUSIC	4398	4398	1
64735	SUBLIME FREQUENCIES	2590	2590	1
64736	CONSTELLATION	1402	1402	1
64737	INNOVA	153	153	1
64738	OF UNSOUND MIND	4776	4776	1
64740	RASTER-NOTION	4763	4763	1
64741	(self-released)	4624	4624	1
64742	PERMANENT VACATION	3787	3787	1
64743	POTLATCH	3957	3957	1
64744	NURNICHTNUR	4765	4765	1
64745	MANIVETTE RECORDS	4761	4761	1
64746	MAYBE MARS	4546	4546	1
64747	THREE LOBED	4607	4607	1
64748	WHARF CAT	4756	4756	1
64749	THRILL JOCKEY	266	266	1
64750	THRILL JOCKEY	266	266	1
64751	ELECTRIC ASSAULT	4762	4762	1
64752	THRILL JOCKEY	266	266	1
64753	WHARF CAT	4756	4756	1
64754	CUNEIFORM	437	437	2
64755	A YEAR IN THE COUNTRY	4758	4758	1
64756	GOMA GRINGA DISCOS	4760	4760	1
64757	FEEDING TUBE	3800	3800	1
64759	NOT NOT FUN	2978	2978	1
64760	SUPERDREAMER RECORDS	4560	4560	1
64761	FEEDING TUBE	3800	3800	1
64762	FEEDING TUBE	3800	3800	1
64764	NEGATIVE JAZZ	4777	4777	1
64765	FEEDING TUBE	3800	3800	1
64766	SOFT ABUSE	2506	2506	1
64767	EARL ZINGER & DON ROGALL	4767	4767	1
64768	12XU	3869	3869	1
64769	BREAK WORLD RECORDS	4766	4766	1
64773	MISTER SATURDAY NIGHT RECORDS	4759	4759	1
64774	SOUND STREAM	4768	4768	1
64775	L.I.E.S.	4030	4030	1
64791	HOT RELEASES	3508	3508	1
64794	LIGHT IN THE ATTIC	2738	2738	1
64795	KOMPAKT	2306	2306	1
64796	SIX DEGREES	722	722	1
64797	SIX DEGREES	722	722	1
64798	BLACKEST EVER BLACK	4291	4291	1
64799	CUNEIFORM	437	437	1
64800	FIFTH DIMENSION	4774	4774	1
64801	FIFTH DIMENSION	4774	4774	1
64803	WARNER BROTHERS	223	223	1
64804	KRANKY	377	377	1
64805	ROCKET RECORDINGS	4130	4130	1
64806	CONSTELLATION	1402	1402	1
64807	THIS CHARMING MAN	4771	4771	1
64808	4AD	3778	3778	1
64809	RICHIE	4206	4206	1
64811	PARADISE OF BACHELORS	3818	3818	1
64813	SIDEONEDUMMY	2922	2922	1
64814	WITCHITA	4770	4770	1
64815	RELAPSE	710	710	1
64816	YOUNG TURKS	3642	3642	1
64817	M4NM	4773	4773	1
64818	BABYGRANDE	2400	2400	1
64819	ELITE ELEPHANTS	4772	4772	1
64821	TED RECORDS	4634	4634	1
64822	WARP	733	733	1
64823	PLANET MU	2207	2207	1
64824	TRI ANGLE	4786	4786	1
64825	XL	1833	1833	1
64826	NORMAL POSITION	4779	4779	1
64827	BRAINFEEDER	4067	4067	1
64829	VAMPISOUL	2892	2892	1
64830	ECSTATIC	4778	4778	1
64832	HOT RELEASES	3508	3508	1
64840	SUB POP	258	258	1
64843	SAHEL SOUNDS	4785	4785	1
64844	GRANADILLA MUSIC	4780	4780	1
64845	RED HOUSE	541	541	1
64846	PARADISE OF BACHELORS	3818	3818	1
64847	KARLRECORDS	4789	4789	1
64848	SUB ROSA	805	805	1
64849	FIFTH DIMENSION	4774	4774	1
64850	UNSOUNDS	2251	2251	1
64851	STAG-O-LEE	4788	4788	1
64852	A	4080	4080	1
64853	NUMERO GROUP	2709	2709	1
64854	GLITTERBEAT	4365	4365	1
64855	A	4080	4080	1
64856	SWP	4784	4784	1
64857	FEEDING TUBE	3800	3800	1
64858	(self-released)	4561	4561	1
64859	FEEDING TUBE	3800	3800	1
64860	DRAG CITY	441	441	1
64864	SUB POP	258	258	1
64869	MERGE	337	337	1
64871	PARTISAN	3553	3553	1
64877	UNSOUNDS	2251	2251	1
64878	DRONARIVM	4802	4802	1
64879	BLUE NOTE	462	462	1
64880	IMPULSE	775	775	1
64881	EMOTIONAL RESCUE	4795	4795	1
64882	BLUE NOTE	462	462	1
64883	PI	2357	2357	1
64884	AEROPHONIC	4533	4533	1
64885	(self-released)	4552	4552	1
64887	(self-released)	4458	4458	1
64888	(self-released)	4511	4511	1
64890	FLYING BUDDHA/SONY MUSIC	4427	4427	1
64891	PRIMITIVE LANGUAGES	4783	4783	1
64892	VAPOR	713	713	1
64893	DEF JAM	439	439	1
64895	NORMAL	4263	4263	1
64896	STAUBGOLD	2301	2301	1
64897	SPACE LUNG / LAND BREATHING	4810	4810	1
64898	DUB DITCH PICNIC	4782	4782	1
64899	LEAVING	4796	4796	1
64900	INAM	3447	3447	1
64901	CAPTURED TRACKS	3648	3648	1
64902	SMALLTOWN SUPERSOUND	2244	2244	1
64903	AUDIKA	2631	2631	1
64904	12K	4002	4002	1
64905	S-S / ETHEL SCULL	4797	4797	1
64906	WHARF CAT	4756	4756	1
64907	WICKED CITY	4781	4781	1
64908	NNA TAPES	4809	4809	1
64909	ZAPPA RECORDS	4811	4811	1
64910	BLACK TRUFFLE	3639	3639	1
64911	SONIC OYSTER VINYL	4798	4798	1
64912	UPSET THE RHYTHM	3443	3443	1
64913	UMOR REX	4803	4803	1
64914	TOTAL PUNK	4105	4105	1
64916	MORE ABOUT MUSIC	4655	4655	1
64917	MCDE	4790	4790	1
64918	THE BUNKER NEW YORK	4598	4598	1
64919	MACHINING DREAMS	4793	4793	1
64920	TIME TO EXPRESS	4792	4792	1
64921	FLORIDA'S DYING	3928	3928	1
64926	REQUIEM POUR UN TWISTER	4814	4814	1
64927	REQUIEM POUR UN TWISTER	4814	4814	1
64928	ANTIME	4805	4805	1
64930	PLANET MU	2207	2207	1
64931	BOOTLEG TAPES	4804	4804	1
64932	LEAVING	4796	4796	1
64933	HOT CASA	4033	4033	1
64935	MIDWICH	4799	4799	2
64936	IMAGINARY CONFLICT	3088	3088	1
64937	L.I.E.S.	4801	4801	1
64938	RHYTHM NATION	4826	4826	1
64941	BADABING	158	158	1
64942	FIREWORK EDITION	4453	4453	1
64943	DUST-TO-DIGITAL	2615	2615	1
64944	PARALLEL WORLD	1809	1809	1
64945	KHMER ROCKS	2821	2821	1
64946	PI	2357	2357	1
64947	PUBLIC EYESORE	2250	2250	1
64949	EM	3169	3169	1
64950	SEMANTICA	4821	4821	1
64951	AAGOO	2383	2383	1
64952	TOUCH	929	929	1
64953	BUREAU-B	3529	3529	1
64954	PI	2357	2357	1
64955	KATHEXIS	4820	4820	1
64956	ROOM40	4652	4652	1
64957	POGUS	305	305	1
64958	BEYOND BEYOND IS BEYOND	4816	4816	1
64959	CRONICA	4808	4808	1
64960	MUSIC FROM MEMORY	4824	4824	1
64961	ESTUARY, LTD.	4524	4524	1
64962	ROOM40	4817	4817	1
64964	EDITIONS MEGO	3207	3207	1
64965	SOUNDS ETERNAL	4819	4819	1
64966	WHITE REEVES PRODUCTIONS	4813	4813	1
64968	A GUIDE TO SAINTS	4812	4812	1
64969	RUNE GRAMMOFON	2423	2423	1
64970	HOOD FAIRE	4818	4818	1
64971	SACRED BONES	3736	3736	1
64972	TOMPKINS SQUARE	3040	3040	1
64974	GULCHER	2583	2583	1
64976	RADIATION	4825	4825	1
64977	EMERALD COCOON	3844	3844	1
64978	HYPERDUB	3233	3233	1
64979	NDATL MUZIK	4833	4833	1
64980	NO ROOM FOR AIR	4834	4834	1
64981	CHIWAX	4835	4835	1
64985	CUBUS	4831	4831	1
64986	AUM FIDELITY	1046	1046	1
64987	CUNEIFORM	437	437	1
64988	CINEMATIC MUSIC	4862	4862	1
64989	TOP DAWG	4575	4575	1
64990	(self-released)	4511	4511	1
64991	MELLO MUSIC GROUP	4852	4852	1
64993	self-released	853	853	1
64994	(self-released)	4569	4569	1
64995	SUB POP	258	258	1
64996	FPE	4830	4830	1
64998	READY	4829	4829	1
64999	SOUNDS FAMILYRE	3843	3843	1
65000	FEEDING TUBE	3800	3800	1
65001	Nous	4838	4838	1
65002	TOYTONICS	4842	4842	1
65003	THE TRILOGY TAPES	4841	4841	1
65004	GOMMA	2656	2656	1
65005	VLEK	4839	4839	1
65012	PROFOUND LORE	3684	3684	1
65013	CAPTAIN HIGH	4865	4865	1
65014	FONAL	3107	3107	1
65015	HARDLY ART	3315	3315	1
65016	SIX DEGREES RECORDS	4866	4866	1
65017	FEEDING TUBE	3800	3800	1
65018	SOUFFLE CONTINU	4720	4720	1
65019	FEEDING TUBE	3800	3800	1
65020	FEEDING TUBE	3800	3800	1
65021	TOXIC STATE	4864	4864	1
65022	NOUMENAL LOOM	4858	4858	1
65023	FEEDING TUBE	3800	3800	1
65024	AMISH	500	500	1
65025	ECSTATIC	4778	4778	1
65026	12XU	3869	3869	1
65027	UPSET THE RHYTHYM	4849	4849	1
65028	KRANKY	377	377	1
65029	GUILDWATER GROUP	4837	4837	1
65031	SMITHSONIAN FOLKWAYS	250	250	1
65032	SMITHSONIAN FOLKWAYS	250	250	1
65033	BLUEBERRY BUDDHA	3045	3045	1
65034	TOUCH	4822	4822	2
65035	LUMINESCENCE RECORDS	4832	4832	1
65036	DRAGON'S EYE RECORDINGS	3515	3515	1
65037	pfMENTUM	4823	4823	1
65038	DRAGON'S EYE RECORDINGS	3515	3515	1
65039	CUNEIFORM	437	437	1
65040	AUM FIDELITY	1046	1046	1
65041	AEROPHONIC	4533	4533	1
65042	ECM	443	443	1
65043	CLANG	4868	4868	1
65044	OPAL TAPES	4869	4869	1
65045	HUBRO	4581	4581	1
65046	DELSIN	2780	2780	1
65047	DIAL	1814	1814	1
65048	EDITIONS MEGO	3207	3207	1
65049	KUDZU RECORDS	4854	4854	1
65050	COMPANY	4836	4836	1
65051	self-released	4323	4323	1
65052	IMPORTANT	2457	2457	1
65053	Riding Easy Records	4850	4850	1
65054	Autumnsongs	4848	4848	1
65056	BLACKEST EVER BLACK	4350	4350	1
65057	WIENER	4847	4847	1
65058	KUDZU RECORDS	4854	4854	1
65059	PSYCHIC HANDSHAKE	4846	4846	1
65061	TENDERPARK	4843	4843	1
65062	LOGOS/SUB ROSA	4867	4867	1
65063	SNATCH TAPES	4644	4644	1
65065	MISSISSIPPI	3352	3352	1
65066	INDUSTRIAL	4874	4874	1
65067	TOUCH SENSITIVE	4876	4876	1
65068	SACRED BONES	3736	3736	1
65069	DOMINO	1112	1112	1
65070	INAM	3447	3447	1
65071	RELAPSE	710	710	1
65072	BA DA BING!	1110	1110	1
65073	PROFOUND LORE	3684	3684	1
65074	REPTILIAN RECORDS	4872	4872	1
65075	NUMERO GROUP	2709	2709	1
65076	NORTHERN-SPY	3845	3845	1
65077	NORTHERN-SPY	3845	3845	1
65078	ALC RECORDS	4853	4853	1
65079	STUDIO ROCKERS	4873	4873	1
65080	PAPER BAG	2722	2722	1
65081	AUTUMNSONGS	4851	4851	1
65082	DROPPING GEMS	4875	4875	1
65083	DINE ALONE	4855	4855	1
65084	MELLO MUSIC GROUP	4852	4852	1
65086	COSMO RHYTHMATIC	4840	4840	2
65087	TANSTAAFL PLANETS	4880	4880	1
65088	BERCEUSE HEROIQUE	4881	4881	1
65089	S-S	2224	2224	1
65090	TOMPKINS SQUARE	3040	3040	1
65091	NEW GRANADA	4861	4861	1
65092	KRANKY	377	377	1
65093	EXILED/YELLOWELECTRIC	4413	4413	1
65094	SAHEL SOUNDS	4785	4785	1
65095	DEEPER KNOWLEDGE	4107	4107	1
65097	BUH	4890	4890	1
65098	DUST-TO-DIGITAL	2615	2615	1
65099	SMITHSONIAN FOLKWAYS	250	250	1
65100	NAWA	4700	4700	1
65101	ANNIHAYA RECORDS	4878	4878	1
65104	PI	2357	2357	1
65105	PI RECORDINGS	4879	4879	1
65106	WILD FLESH PRODUCTIONS	4860	4860	1
65107	CIRCLE STAR	4885	4885	1
65108	NUMERO GROUP	2709	2709	1
65109	SIMULACRA	4871	4871	1
65110	COLD SPRING	4856	4856	1
65111	1080p	4870	4870	1
65112	FURTHER	4889	4889	1
65113	CHERRY COFFEE/WARP	4883	4883	1
65114	NINJA TUNE	4859	4859	1
65115	AGE 101 MUSIC	4884	4884	1
65116	KI	4857	4857	1
65117	PAPER BAG	2722	2722	1
65119	(self-released)	4576	4576	1
65121	ART YARD	3168	3168	1
65126	TZADIK	139	139	1
65137	CLERMONT MUSIC	4398	4398	1
65138	SAHEL SOUNDS	4785	4785	1
65139	SAHEL SOUNDS	4785	4785	1
65141	(self-released)	4654	4654	1
65142	EDITIONS MEGO	3207	3207	2
65143	THIRSTY EAR	808	808	1
65144	YOUNG TURKS	3642	3642	1
65145	POLE	4897	4897	1
65146	BLACKEST EVER BLACK	4350	4350	1
65147	ASH INTERNATIONAL	3802	3802	1
65148	CLANG	4868	4868	1
65149	SOFTWARE	4238	4238	1
65150	XPYLON	4895	4895	1
65151	THREE LOBED / DIVIDE BY ZERO	4898	4898	1
65152	PROFOUND LORE	3684	3684	1
65153	(self-released)	4356	4356	1
65154	ANTI-	3004	3004	1
65155	SUB POP	258	258	1
65156	DRAG CITY	441	441	1
65157	HAUSU MOUNTAIN	4643	4643	1
65158	SUBTEXT	4464	4464	1
65159	MOM + POP	4176	4176	1
65160	THRILL JOCKEY	266	266	1
65161	ISOUNDERSCORE	4896	4896	1
65162	MATADOR	332	332	1
65164	CASTLE FACE	3278	3278	1
65165	PARADISE OF BACHELORS	3818	3818	1
65166	NO QUARTER	2135	2135	1
65168	LITTLE AXE	4665	4665	1
65169	FEEDING TUBE	3800	3800	1
65171	TOTAL PUNK	4105	4105	1
65172	MIDWICH	4800	4800	1
65173	SORRY STATE	3891	3891	1
65174	ARF! ARF!	514	514	1
65179	COCOON	3135	3135	1
65180	TONE LOG	4487	4487	1
65181	TRESOR	2107	2107	1
65182	TECHNICOLOUR	4887	4887	1
65183	HONEST JON'S	2274	2274	1
65184	RENATE SCHALLPLATTEN	4886	4886	1
65186	TERANGA BEAT	4017	4017	1
65187	CUMBANCHA	3562	3562	1
65188	BASKARU	4901	4901	1
65189	HOLOTYPE EDITIONS	4900	4900	1
65190	ROOM40	4817	4817	1
65191	TOMPKINS SQUARE	3040	3040	1
65192	SONGLINES	137	137	1
65193	ROOM40	4652	4652	1
65195	VOODOO RHYTHM	1561	1561	1
65196	PARADISE OF BACHELORS	3818	3818	1
65197	NIHILIST	4904	4904	1
65198	MODERN OUTSIDER	4476	4476	1
65199	HARDLY ART	3315	3315	1
65200	HUB	2139	2139	1
65201	JUNGLE CRUNK	4906	4906	1
65202	DIVERGENT SERIES	4907	4907	1
65203	SMOG VEIL	2508	2508	1
65206	AAGOO	2383	2383	1
65207	TOTAL PUNK	4105	4105	1
65208	FEEDING TUBE	3800	3800	1
65209	(self-released)	4654	4654	1
65213	SOMETHING ABOUT	4930	4930	1
65215	FXHE	3914	3914	1
65216	TURBO	4913	4913	1
65217	50 WEAPONS	4241	4241	1
65218	KONTRA MUSIK	4892	4892	1
65219	L.I.E.S.	3898	3898	1
65220	HOUNDSTOOTH	4610	4610	1
65221	RVNG INTL.	3766	3766	1
65222	MIDWICH	4800	4800	1
65223	NOIS-O-LUTION	4899	4899	1
65224	PALTO FLATS	4915	4915	2
65226	KRANKY	377	377	1
65227	EMPREINTES DIGITALES	1096	1096	1
65228	NO BUSINESS	4018	4018	1
65229	NO BUSINESS	4018	4018	1
65230	THIRD MAN RECORDS	4914	4914	2
65231	INTERNATIONAL ANTHEM RECORDING COMPANY	4917	4917	2
65232	CONSTELLATION	1402	1402	1
65233	CONJUNTO VACIO	4909	4909	1
65235	MEXICAN SUMMER	3670	3670	1
65236	CITY SLANG / POMPERIPOSSA	4916	4916,4920	2
65237	DOMINO	1112	1112	1
65238	FONAL	3107	3107	2
65240	BRAINFEEDER	4067	4067	2
65241	self-released	853	853	2
65242	RVNG INTL.	3766	3766	1
65243	HYPERDUB	3233	3233	1
65244	XL	1833	1833	2
65245	COYOTE RECORDS	4910	4910	1
65246	BLACKEST EVER BLACK	4291	4291	2
65247	GONZAI	4902	4902	1
65252	ANALOG AFRICA	3436	3436	1
65253	FAVORITE	3546	3546	2
65254	JAMAICAN RECORDINGS	3288	3288	1
65255	CRASH SYMBOLS	4929	4929	1
65256	IDEOLOGIC ORGAN	4903	4903	1
65257	STARKLAND	4931	256,4931	3
65258	INNOVA	153	153	1
65259	HOUNDSTOOTH	4610	4610	2
65260	self-released	853	853	1
65261	TRYTONE	4911	4911	1
65262	EDITIONS MEGO	3207	3207	1
65263	INNOVA	153	153	1
65264	ROOM40	4652	4652	1
65265	NNA TAPES	4809	4809	1
65266	STAG-O-LEE	4788	4788	1
65267	BORN BAD	4058	4058	1
65268	HONEST JON'S	2274	2274	1
65269	JIGSAW	1782	1782	1
65270	12XU	4556	4556	1
65271	HOT RELEASES	3508	3508	1
65272	ALBUM LABEL	4928	4928	1
65273	FEEDING TUBE	3800	3800	1
65275	ROOTSTRATA	3582	3582	1
65290	NONESUCH	799	799	1
65291	CLOCKED OUT PRODUCTIONS	2427	2427	1
65292	ROOM40	2672	2672	1
65293	EILEAN	4925	4925	1
65294	KILL ROCK STARS	374	374	2
65295	THIRD MAN	4518	4518	1
65298	PALILALIA	4918	4918	2
65299	CONSTELLATION	1402	1402	1
65300	NO BUSINESS	4018	4018	2
65302	LIGHT IN THE ATTIC	2738	2738	2
65303	AUM FIDELITY	1046	1046	2
65304	BREAK WORLD RECORDS	4766	4766	1
65305	MUTE	348	348	2
65307	UNKNOWN PRECEPT	4908	4908	1
65308	HOUNDSTOOTH	4610	4610	2
65309	OKTAF	4087	4087	2
65310	RINSE	4100	4100	1
65311	BGSW	4933	4933	1
65312	JANUS BERLIN	4919	4919	2
65314	NNA TAPES	4809	4809	1
65315	FEEDING TUBE	3800	3800	1
65316	FEEDING TUBE	3800	3800	1
65317	12XU	3869	3869	1
65319	VIN DU SELECT QUALITITE / THIN WRIST	4926	4926	1
65320	COMMUNITY LIBRARY	3229	3229	1
65321	ALONA'S DREAM	4922	4922	1
65322	12XU	3869	3869	1
65323	SNOW DOG	4514	4514	1
65325	HEAT RETENTION	3182	3182	1
65326	ASH INTERNATIONAL	3802	3802	1
65327	EM	3169	3169	1
65328	EM	3169	3169	1
65329	EM	3169	3169	1
65330	EM	3169	3169	1
65331	EM	3169	3169	1
65332	EM	3169	3169	1
65333	DUB DITCH PICNIC	4782	4782	1
65334	NUMERO GROUP	2709	2709	1
65335	INTAKE TOWER	4940	4940	1
65336	NUMERO GROUP	2709	2709	1
65337	SOFT ABUSE	2506	2506	1
65338	FELTE	4960	4960	1
65339	ROOM40	2672	2672	1
65340	EM	3169	3169	1
65341	SEREIN	4945	4945	1
65342	SEMANTICA	4821	4821	1
65343	NUMERO GROUP	2709	2709	1
65344	SEMANTICA	4821	4821	1
65345	12K	4002	4002	1
65346	GUSSTAFF	4948	4948	1
65347	ROARATORIO	2946	2946	1
65350	CUNEIFORM	437	437	1
65351	EM	3169	3169	1
65354	EM	3169	3169	1
65355	GAGARIN	1666	1666	1
65356	(self-released)	4459	4459	1
65357	482 MUSIC	1958	1958	1
65358	CLANG	4868	4868	1
65359	1631 RECORDINGS	4938	4938	1
65360	INNOVA	153	153	1
65361	HOLOTYPE EDITIONS	4900	4900	1
65362	EM	3169	3169	1
65363	ROCK IS HELL/UNRECORDS	4944	4944	1
65366	FEEDING TUBE	3800	3800	1
65368	SORRY STATE	3891	3891	3
65369	MUSCLEBOUND RECORDS	4939	4939	1
65370	DERANGED	4941	4941	1
65371	12XU	3869	3869	1
65372	FEEDING TUBE	3800	3800	1
65373	S-S	2224	2224	1
65374	TOTAL PUNK	4105	4105	1
65375	KNIFE TAPES	4937	4937	1
65377	TONK	4943	4943	1
65378	SORRY STATE	3891	3891	1
65380	TURBO	4913	4913	1
65381	FIT	4115	4115	1
65382	HOT RELEASES	3508	3508	1
65383	FXHE	3914	3914	1
65385	MODULARZ	4934	4934	1
65386	DELSIN	2780	2780	1
65388	ERASED TAPES	3459	3459	1
65389	SPECTRUM SPOOLS	3931	3931	1
65390	(self-released)	4576	4576	1
65391	TOUCH	4822	4822	1
65392	THRILL JOCKEY	266	266	1
65393	INNOVA	153	153	1
65394	RIBOSOME	4953	4953	1
65395	CUNEIFORM	437	437	1
65396	CUNEIFORM	437	437	1
65397	EREMITE	804	804	1
65398	TROST	4364	4364	1
65399	HUBRO	4581	4581	1
65400	LITHUANINA MUSIC INFORMATION AND PUBLISHING CENTRE	4950	4950	1
65401	WHARF CAT	4756	4756	1
65402	EH?	4954	4954	1
65403	MATADOR	332	332	1
65404	SOUNDS FAMILYRE	3843	3843	1
65405	SUB POP	258	258	1
65406	PARENTHESES RECORDS	4949	4949	1
65407	SLOOW TAPES	4519	4519	1
65408	ROCKET	4942	4942	1
65409	STEREO FIDELITY	4969	4969	1
65410	HARD WORLD	4974	4974	1
65411	VOHU MANAH	4959	4959	1
65412	JANSEN PLATEPRODUKSJON	4968	4968	1
65413	JOY VOID	4961	4961	1
65414	STONE'S THROW	1153	1153	1
65415	KYE	3842	3842	1
65416	MUSE / SOUL BROTHER	4946	4946	1
65417	GROSSO!	4947	4947	1
65418	RATED X	4957	4957	1
65419	DOXY MUSIC	3768	3768	1
65420	SEMI-AUTOMATIC	4956	4956	1
65421	FEEDING TUBE	3800	3800	1
65422	PARACHUTE	4963	4963	1
65430	EM	3169	3169	1
65431	TRUNK	2686	2686	1
65432	BORN BAD	4058	4058	1
65433	PROBE	4958	4958	1
65434	TOTAL PUNK	4105	4105	1
65435	IRON LUNG	4698	4698	1
65436	JOLLY JAMS	4935	4935	1
65437	FREAKOUT CULT	4952	4952	1
65438	PEOPLE'S POTENTIAL UNLIMITED	3470	3470	1
65439	GREEN	4951	4951	1
65440	ALIEN TRANSISTOR	3576	3576	1
65441	ABSURD	4965	4965	1
65442	SEMANTICA	4821	4821	1
65443	YORE	4955	4955	1
65444	NOISE IN MY HEAD	4964	4964	1
65445	OSTGUT TON	4966	4966	1
65453	5 RUE CHRISTINE	1125	1125	1
65457	RVNG INTL.	3766	3766	1
65458	TED RECORDS	4634	4634	1
65459	INNOVA	153	153	1
65460	SELF-RELEASED	4531	4531	1
65461	(self-released)	4375	4375	1
65462	FAR & HERE	4971	4971	1
65463	NUBLU	4973	4973	1
65464	BLUE NOTE	462	462	1
65465	MACK AVENUE	3093	3093	1
65466	ECM	443	443	1
65467	STAUBGOLD	2301	2301	1
65468	BA DA BING!	1110	1110	2
65469	POP NIHIL	4983	4983	1
65470	MIE MUSIC	4193	4193	1
65471	HARDLY ART	3315	3315	1
65472	DFA	4977	4977	1
65473	RVNG INTL.	3766	3766	1
65474	NORTHERN-SPY	3845	3845	1
65475	ALTIN VILLAGE & MINE RECORDS	4979	4979	1
65477	NOT NOT FUN	2978	2978	1
65479	CACHE CACHE	4985	4985	1
65480	IRON LUNG	4698	4698	1
65482	IRON LUNG	4698	4698	1
65483	LEFT EAR	4997	4997	1
65484	FUTURE DAYS	4962	4962	1
65485	SOUFFLE CONTINU	4720	4720	1
65487	SUBLIME FREQUENCIES	2590	2590	1
65488	SUBLIME FREQUENCIES	2590	2590	1
65492	MERGE	337	337	1
65499	MEDICAL	3828	3828	1
65501	PONDEROSA MUSIC + ART	5006	5006	1
65502	NUMERO GROUP	2709	2709	1
65503	TRAILER-PARK	5016	5016	1
65504	MATSULI	4757	4757	1
65505	BLUE TAPES & X-RAY RECORDS	4982	4982	1
65506	RELAY	5014	5014	1
65507	ERSTWHILE	1661	1661	1
65508	EM	3169	3169	1
65509	OLDE ENGLISH SPELLING BEE	3793	3793	1
65510	SOMMOR	5009	5009	1
65511	BUREAU-B	3529	3529	1
65512	CACHE CACHE	4986	4986	1
65513	MUSHROOM PILLOW	4993	4993	1
65514	CARPARK	1692	1692	1
65515	SVART	4996	4996	1
65516	AAGOO	2383	2383	1
65517	AAGOO	2383	2383	1
65518	WHARF CAT	4756	4756	1
65519	WAVING HANDS	4987	4987	1
65520	self-released	853	853	1
65521	MIE MUSIC	4193	4193	1
65522	ALMOST READY	4994	4994	1
65523	HBM	4991	4991	1
65524	LOLIPOP	4995	4995	1
65525	OLD ROOKIE	4992	4992	1
65526	HYPERDUB	3233	3233	1
65527	OYAE	5007	5007	1
65528	WHERE TO NOW?	5015	5015	1
65529	SHITKATAPULT	5008	5008	1
65532	ROOM40	2672	2672	1
65533	DEKORDER	3541	3541	1
65534	UNTERGANG INSTITUT	4981	4981	1
65535	RASTER-NOTON	3837	3837	1
65536	ENTR'ACTE	4004	4004	1
65537	PLANET MU	2207	2207	1
65538	AWESOME TAPES FROM AFRICA	3998	3998	1
65541	ABDUCTION	176	176	1
65542	PEOPLES POTENTIAL UNLIMITED	4568	4568	1
65543	DFA	2151	2151	1
65544	KARLRECORDS	4664	4664	1
65545	BANK	4980	4980	1
65546	L.I.E.S.	3898	3898	1
65547	ALTER	4315	4315	1
65548	COMET	1943	1943	1
65549	D3 ELEMENTS	4990	4990	1
65550	self-released	853	853	1
65551	CULTURES OF SOUL	3905	3905	1
65552	PARTISAN	3553	3553	1
65553	INNOVA	153	153	1
65554	EDITIONS MEGO	3207	3207	1
65555	NNA TAPES	4809	4809	1
65556	STAUBGOLD	2301	2301	1
65557	SOULAR PRODUCTIONS	5028	5028	1
65558	(self-released)	4561	4561	1
65559	ANNIHAYA RECORDS	4878	4878	1
65560	(self-released)	3853	3853	1
65562	BLUE NOTE	462	462	1
65563	GREG FISHMAN JAZZ STUDIOS	5029	5029	1
65564	TROST	4364	4364	1
65565	HUBRO	4581	4581	1
65566	ROOM40	4817	4817	1
65567	ROOM40	4652	4652	1
65568	(self-released)	4507	4507	1
65569	TROST	4364	4364	1
65570	ERSTE THEKE TONTRAGER	5012	5012	1
65571	RELAPSE	710	710	1
65572	BANKO GOTIT	5000	5000	1
65573	PARADISE OF BACHELORS	3818	3818	1
65574	RELAPSE	710	710	1
65575	MAGNETIC EYE	5011	5011	1
65576	ART AS CATHARSIS	5010	5010	1
65577	RELAPSE	710	710	1
65578	THE REVERBERATION APPRECIATION SOCIETY	5001	5001	1
65579	UMOR REX	4803	4803	1
65580	EL PARAISO	4378	4378	1
65581	THRILL JOCKEY	266	266	2
65583	BLUE NOTE / HONEST JONS	5018	5018	1
65584	OVUM	5019	5019	1
65585	ENTR'ACTE	4004	4004	1
65586	DEKMANTEL	4989	4989	1
65587	NDATL MUZIK	4833	4833	2
65589	R-ZONE	4301	4301	1
65590	DERANGED	4941	4941	1
65591	TOTAL PUNK	4105	4105	1
65593	TIME-LAG	3433	3433	1
65595	PHARAWAY SOUNDS	4161	4161	1
65597	ENTR'ACTE	4004	4004	1
65598	S-S	5026	5026	1
65600	DERANGED	4359	4359	1
65601	DERANGED	4359	4359	1
65602	POTLUCK	4010	4010	1
65603	BACKWARDS	4377	4377	1
65604	ATLAS CHAIR RECORDS	5031	5031	1
65607	NNA TAPES	4809	4809	1
65608	GAFFER	5002	5002	1
65609	ENTR'ACTE	4004	4004	1
65610	NUMERO GROUP	2709	2709	1
65611	VAND'OEUVRE	5003	5003	1
65612	MOVING FURNITURE	5004	5004	1
65614	4AD	3778	3778	1
65615	ENTR'ACTE	4004	4004	1
65616	HUBRO	4581	4581	1
65620	CRAMMED DISCS	3789	3789	1
65621	(self-released)	4576	4576	1
65622	RECORDED FIELDS EDITIONS	5039	5039	1
65623	HOME NORMAL	3691	3691	1
65624	LOVELY MUSIC	381	381	1
65625	UNSOUNDS	2251	2251	1
65626	LEAF	1077	1077	1
65627	MANIFESTO	1746	1746	1
65628	NORTHERN-SPY	3845	3845	1
65629	BA DA BING!	1110	1110	1
65630	BAYONET RECORDS	5040	5040	1
65631	ALIEN TRANSISTOR	3576	3576	1
65632	BRUIT DIRECT DISQUES	5044	5044	1
65633	MOSHI MOSHI RECORDS	5043	5043	1
65634	DEMDIKE STARE	5033	5033	1
65635	MODERN LOVE	3838	3838	1
65637	AUS	3762	3762	1
65638	(self-released)	4507	4507	1
65639	PARANOID LONDON	5042	5042	1
65640	COLD SPRING	4856	4856	1
65641	STONE'S THROW	1153	1153	1
65644	MUSIC MAN	5073	5073	1
65645	POMPERIPOSSA	5041	5041	1
65647	(self-released)	4576	4576	1
65648	FINDERS KEEPERS	2878	2878	1
65650	LUMPY RECORDS	5023	5023	1
65651	CORRESPONDANT / GOMMA	5027	5027	1
65652	BANK	4980	4980	1
65653	TINK!	5021	5021	1
65654	COMEME	4123	4123	1
65655	DOWNWARDS	5024	5024	1
65656	L.I.E.S.	4801	4801	1
65658	SAHEL SOUNDS	4785	4785	1
65659	RUSH HOUR	3863	3863	1
65661	RUNNING BACK	5036	5036	1
65662	INNOVA	153	153	1
65663	INFINE	5047	5047,5048	2
65664	FUTURE DAYS	4962	4962	1
65665	MAIS UM DISCOS	3909	3909	1
65666	ECM	443	443	1
65667	CENTERING	3870	3870	1
65668	ANALOG AFRICA	3436	3436	1
65669	STOLEN RECORDINGS	5045	5045	1
65670	BIG WHITE CLOUD RECORDS	5046	5046	1
65671	BEAT RECORDS	5052	5052	1
65672	ANTI-	3004	3004	1
65673	SOUL JAZZ	1936	1936	1
65674	1080p	4870	4870	1
65675	PNN	5063	5063	1
65676	BLACKEST EVER BLACK	4350	4350	1
65679	BE AS ONE	5056	5056	1
65680	ROUGH TRADE	282	282	1
65682	PARADISE OF BACHELORS	3818	3818	1
65684	AKUPHONE	5049	5049	1
65686	OPTIMO MUSIC	4331	4331	1
65687	SOUND SIGNATURE	3962	3962	1
65688	DRONE UK	5025	5025	1
65689	FINDERS KEEPERS	2878	2878	1
65690	PENULTIMATE PRESS	5051	5051	1
65691	NOW AGAIN	3620	3620	1
65692	GLITTERBEAT	4365	4365	1
65693	SAHEL SOUNDS	4785	4785	1
65695	TROST	4364	4364	1
65696	TOUCH	4822	4822	1
65697	PALTO FLATS	4915	4915	1
65698	LUCKY NUMBER	5037	5037	1
65699	ATO	4056	4056	1
65700	HEAVY PSYCH SOUNDS	5038	5038	1
65701	STAUBGOLD	2301	2301	1
65702	NO QUARTER	2135	2135	1
65703	HEAVY PSYCH SOUNDS	5038	5038	1
65704	MAYBE MARS	4546	4546	1
65705	BUREAU-B	3529	3529	1
65707	UNROCK	4653	4653	1
65709	MERGE	337	337	1
65710	MERGE	337	337	1
65714	MERGE	337	337	1
65715	MERGE	337	337	1
65716	INFREQUENT SEAMS	5072	5072	1
65717	NEW WORLD	351	351	1
65719	WHITE PADDY MOUNTAIN	5071	5071	1
65720	WORTHY	5062	5062	1
65721	RUNE GRAMMOFON	2423	2423	1
65722	HOUSE OF MYTHOLOGY	5076	5076	1
65723	BYG/ACTUEL	3338	3338	1
65724	PI	2357	2357	1
65725	SOUNDSCAPE	2974	2974	1
65726	WHARF CAT	4756	4756	1
65729	STRUT	1941	1941	1
65730	EM	3169	3169	1
65731	AIMREC	5096	5096	1
65732	STONE'S THROW	1153	1153	1
65733	HOUNDSTOOTH	4610	4610	1
65734	SOUL JAZZ	1936	1936	1
65736	NEUROT	2197	2197	1
65737	THRILL JOCKEY	266	266	1
65738	CENTURY MEDIA	1590	1590	1
65739	JAZ RECORDS	5053	5053	1
65740	PROIBITO	4893	4893	1
65741	PLANET MU	2207	2207	1
65742	POSH ISOLATION	5069	5069	1
65743	PHINERY	5070	5070	1
65744	SMALLTOWN SUPERSOUND	2244	2244	1
65745	FINDERS KEEPERS	2878	2878	1
65746	CONTINENTAL	1152	1152	1
65747	17853	5075	5075	1
65748	OTO ROKU	4513	4513	1
65749	HOT CASA	4033	4033	1
65750	STRUT	1941	1941	1
65751	MINIMAL WAVE	3932	3932	1
65752	BETTER DAYS	5078	5078	1
65753	!K7	2857	2857	1
65754	XL	1833	1833	1
65755	DEKMANTEL	4989	4989	1
65756	HARDMOON	5086	5086	1
65757	SORRY STATE	3891	3891	1
65758	CHUNKLET	1030	1030	1
65759	LOFI SUPPLY	5057	5057	1
65760	KAFTEN	5060	5060	1
65761	TONE LOG	4487	4487	1
65762	HARDMOON	5081	5081	1
65763	M.A.D.E.T.O.	5059	5059	1
65764	DARK ENTRIES	4422	4422	1
65766	INNOVATIVE LEISURE	4674	4674	1
65767	(self-released)	4552	4552	1
65768	HOW DO YOU ARE?	5067	5067	1
65769	NUMERO GROUP	2709	2709	1
65770	(self-released)	4552	4552	1
65771	AEROPHONIC	4558	4558	1
65773	VERY SPECIAL	5094	5094	1
65774	HOTFLUSH	3669	3669	1
65775	L.I.E.S.	4030	4030	1
65776	DZ	2850	2850	1
65777	EKSTER	4579	4579	1
65778	BRAINFEEDER	4067	4067	1
65779	HYPERDUB	3233	3233	1
65780	OBE / STEEL WOOL RECORDS	5068	5068	1
65781	DOOMENTIA	5080	5080	1
65782	SARGENT HOUSE	5088	5088	1
65783	LIGHT IN THE ATTIC	2738	2738	1
65784	MATADOR	332	332	1
65785	DEAD OCEANS	3326	3326	2
65786	NUCLEAR BLAST	2144	2144	1
65787	CASTLE FACE	3278	3278	1
65788	COSMIC CHRONIC	5093	5093	1
65789	IRON LUNG	4698	4698	1
65791	ROOM40	4652	4652	1
65792	1080p	4870	4870	1
65794	PAN	4042	4042	1
65796	ROOM40	2672	2672	1
65798	OTO ROKU	4513	4513	1
65799	TAL	5074	5074	1
65800	12XU	4556	4556	1
65802	QUEEN CONSTANCE	5091	5091	1
65803	DISCREPANT	4339	4339	1
65804	TEENAGE MENOPAUSE	5098	5098	1
65805	KATORGA WORKS	4167	4167	1
65806	(self-released)	4583	4583	1
65807	VIRAL AGE	5104	5104	1
65808	SORRY STATE	3891	3891	1
65809	IMPULSE	775	775	1
65810	GREENLEAF	2941	2941	1
65811	INNOVATIVE LEISURE	4674	4674	1
65812	EXOTIC DANCE	5082	5082,5083,5084	3
65813	SOUND SIGNATURE	3962	3962	1
65814	TECHNORAMA	5085	5085	1
65816	LUSTWERK MUSIC	4827	4827	1
65817	L.I.E.S.	4030	4030	1
65819	VERY FRIENDLY	2862	2862	1
65820	NONESUCH	799	799	1
65822	GRAPEFRUIT	5101	5101	1
65823	SUB POP	258	258	1
65824	GRAVEFACE	3544	3544	1
65825	BA DA BING!	1110	1110	1
65826	BREAK WORLD RECORDS	4766	4766	1
65827	ORANGE MILK	5090	5090	1
65828	ENCHUFADA	4032	4032	1
65829	MUSIC FROM MEMORY	4824	4824	1
65832	130701/FAT CAT	2639	2639	1
65833	LEAVING	4796	4796	1
65835	APRON	5102	5102	2
65836	(self-released)	4577	4577	1
65837	FEEDING TUBE	3800	3800	1
65838	FEEDING TUBE	3800	3800	1
65839	SONIC MEDITATIONS	3989	3989	1
65841	CANARY	5099	5099	1
65842	BELLA UNION	3728	3728	1
65843	LIGHT IN THE ATTIC	2738	2738	1
65844	CANARY	5099	5099	1
65845	FINDERS KEEPERS	2878	2878	1
65846	CHAOS KITCHEN MUSIC	5100	5100	1
65848	WARP	733	733	1
65851	B-PITCH CONTROL	2956	2956	1
65852	B-PITCH CONTROL	2956	2956	1
65853	URBNET	3751	3751	1
65854	EASTERN DEVELOPMENTS	2245	2245	1
65855	PLUG RESEARCH	1400	1400	1
65856	PLUG RESEARCH	1400	1400	1
65857	NINJA TUNE	700	700	1
65858	NINJA TUNE	700	700	1
65859	N5MD	2667	2667	1
65860	N5MD	2667	2667	1
65863	ENTR'ACTE	4004	4004	1
65864	KVITNU	4672	4672	1
65866	OM	688	688	1
65867	TRESOR	2107	2107	1
65868	OMEGA SUPREME	4753	4753	1
65878	NOTHING/INTERSCOPE	1032	1032	1
65879	WARP/NOTHING	1387	1387	1
65880	WARP	733	733	1
65881	WARP	733	733	1
65884	WARP	733	733	1
65885	WARP	733	733	1
65886	WARP	733	733	1
65887	MODULAR/LONDON-SIRE	2101	2101	1
65890	MODULAR/ASTRALWERKS	5092	5092	1
65897	ASPHODEL	502	502	1
65898	ASPHODEL	502	502	1
65900	ROIR	281	281	1
65901	ROIR	281	281	1
65904	TOMMY BOY	267	267	1
65906	CREME ORGANIZATION	2454	2454	1
65907	LOAF	3319	3319	1
65908	MINUS	3378	3378	1
65909	MAGAZINE	3814	3814	1
65910	POTLATCH	3957	3957	1
65916	POGUS	305	305	1
65918	NINJA TUNE	700	700	1
65919	NOVAMUTE	1107	1107	1
65920	NOVAMUTE	1107	1107	1
65922	BLACK ACRE	3565	3565	1
65923	DELSIN	2780	2780	1
65925	LIFE AND DEATH	4269	4269	1
65926	MONOTYPE	4469	4469	1
65928	OUTPUT	2665	2665	1
65929	TYPE	3110	3110	2
65930	KOMPAKT	2306	2306	1
65931	KOMPAKT	2306	2306	1
65933	PLANET E	537	537	1
65934	PLANET E	537	537	1
65935	AAGOO	2383	2383	1
65936	PACREC	2660	2660	1
65939	LIBERATION TECHNOLOGIES	4566	4566	1
65943	MATADOR	332	332,5730	2
65947	50 WEAPONS	4241	4241	1
65948	DARK ENTRIES	4422	4422	1
65949	MACRO	3665	3665	1
65952	100% SILK	3833	3833	1
65953	L.I.E.S.	3898	3898	1
65954	KOMPAKT	2306	2306	1
65955	KOMPAKT	2306	2306	1
65956	MAGAZINE	3814	3814	1
65957	HOME NORMAL	3691	3691	1
65958	SOOT/POST-WORLD INDUSTRIES	3504	3504	1
65959	ALLEVIATED	5035	5035	1
65960	DOUBLE SIX	4807	4807	1
65961	CLR	4597	4597	1
65962	CLR	4597	4597	1
65963	AAGOO	2383	2383	1
65964	TOMLAB	2340	2340	1
65965	ISOLATE	3208	3208	1
65966	ECHOCHORD	4186	4186	1
65967	PLUG RESEARCH	1400	1400	1
65968	WARP	733	733	1
65969	WARP	733	733	1
65970	WARP	733	733	1
65971	SELF-RELEASED	4011	4011	1
65972	WARP	733	733	1
65974	NINJA TUNE	700	700	1
65975	NINJA TUNE	700	700	1
65977	NINJA TUNE	700	700	1
65979	DECOHERENCE	4448	4448	1
65980	BATHETIC	4052	4052	1
65981	CAIPIRINHA	1057	1057	1
65982	NONPLACE	2138	2138	1
65984	SKAM	2649	2649	1
65985	PROIBITO	4893	4893	1
65986	FUTURE TIMES	3933	3933	1
65988	LULLABIES FOR INSOMNIACS	5109	5109	1
65989	(self-released)	2782	2782	1
65991	CLONE JACK FOR DAZE	4202	4202	1
65992	L.I.E.S.	4030	4030	1
65993	Créme	4604	4604	1
65995	RIVERETTE	5017	5017	1
65996	REPHLEX	675	675	1
65997	HUUME	2938	2938	1
65998	HUUME	2938	2938	1
65999	GREAT STUFF RECORDINGS	3530	3530	1
66001	HOSPITAL	2522	2522	1
66002	LEAVING	4796	4796	1
66004	HIDDEN SHOAL	4112	4112	1
66005	HIDDEN SHOAL	4112	4112	2
66006	LOAD	539	539	1
66007	COCOON	3135	3135	1
66008	STAUBGOLD	2301	2301	1
66009	MERCK	1824	1824	1
66010	MERCK	1824	1824	1
66011	PLAIN	2034	2034	1
66012	100% SILK	3833	3833	1
66013	100% SILK	3833	3833	1
66014	100% SILK	3833	3833	1
66015	100% SILK	3833	3833	1
66016	100% SILK	3833	3833	1
66017	DEEPBLACK	5065	5065	1
66018	INFLATABL	2677	2677	1
66020	HYPERDUB	3233	3233	1
66022	INAM	3447	3447	1
66024	INAM	3447	3447	2
66025	NO FUN	3218	3218	1
66026	EDITIONS MEGO	3207	3207	2
66028	MEXICAN SUMMER	3670	3670	1
66029	WARP	733	733	1
66030	SPRAWL	1344	1344	1
66031	LEAF	1077	1077	1
66032	DOMINO	1112	1112	1
66033	N5MD	3171	3171	1
66034	1080p	4870	4870	1
66035	RVNG INTL.	3766	3766	1
66036	KITTY-YO/KOLLAPS	1558	1558	1
66037	MILLE PLATEAUX	942	942	1
66038	COMFORT ZONE	4752	4752	1
66039	BASKARU	4901	4901	1
66040	FORCE INC.	1872	1872	1
66041	OFF	2456	2456	1
66043	(self-released)	4647	4647	1
66044	PARALAXE EDITIONS	5123	5123	1
66045	PHILIPS	5120	5120	1
66046	PHILIPS	5120	5120	1
66047	EH?	4954	4954	1
66049	SOUNDWAY	2355	2355	1
66050	BUH	4890	4890	1
66051	NO QUARTER	2135	2135	1
66052	JOY VOID	4961	4961	1
66053	I, VOIDANGER	5113	5113	1
66054	JAGJAGUWAR	1217	1217	1
66055	ANTI-	3004	3004	1
66056	THIN WRIST	2223	2223	1
66057	LEAVING	4796	4796	1
66058	(self-released)	4583	4583	1
66059	TROST	4364	4364	1
66060	pfMENTUM	1571	1571	1
66061	RELAY	5014	5014	1
66062	NORTHERN-SPY	3845	3845	1
66063	EH?	4954	4954	1
66064	ROOM40	4652	4652	1
66065	L.A. CLUB RESOURCE	4632	4632	1
66066	OPAL TAPES	4869	4869	1
66068	NEW BODY TAPES	4882	4882	1
66069	MIND/BETHLEHEM XXX	5121	5121	1
66070	(self-released)	4552	4552	1
66071	DEKMANTEL	4989	4989	1
66072	EM	3169	3169	1
66074	K7	954	954	1
66075	YELLOW PRODUCTIONS	3070	3070	1
66076	ECHOCHORD	4186	4186	1
66077	ANTI-	3004	3004	1
66079	NINJA TUNE	700	700	1
66080	NINJA TUNE	700	700	1
66081	SOUTHSIDE DUB STARS	3660	3660	1
66082	TEMPA	3308	3308	1
66083	CRAMMED DISCS	3789	3789	1
66085	WORDSOUND	666	666	1
66086	AMBUSH	2179	2179	1
66089	CARPARK	1692	1692	1
66093	NOVAMUTE	1107	1107	1
66094	NOVAMUTE	1107	1107	1
66101	FIXTURE RECORDS	5114	5114	1
66102	LEFT HAND PATH	5112	5112	1
66103	THE TRILOGY TAPES	4841	4841	1
66104	GRANIT	5111	5111	1
66105	DUG OUT	3872	3872	1
66106	DEKMANTEL	4989	4989	1
66107	MISTRESS	5116	5116	1
66108	POPNIHIL	5137	5137	1
66110	SKULL DISCO	3285	3285	1
66114	MO WAX	696	696	1
66115	CAIPIRINHA	1057	1057	1
66116	POSITION CHROME	2254	2254	1
66118	MUSIC CARTEL	1429	1429	1
66121	MUTE	348	348	1
66122	MUTE	348	348	1
66123	MUTE	348	348	2
66124	MUTE	348	348	1
66125	TOUCH	929	929	1
66129	EMOTIONAL RESCUE	4795	4795	1
66131	SOUL JAZZ	1936	1936	1
66133	NEGATIVE JAZZ	4777	4777	1
66136	LA VIDA	5105	5105	1
66137	MULTIPLE	5117	5117	1
66138	BANK	4980	4980	1
66139	DETAILS SOUND	5058	5058	2
66140	DIRT CREW	5118	5118	1
66141	SPAZIO DISPONIBILE	5140	5140	1
66142	PARANOID LONDON	5042	5042	1
66143	RUSH HOUR	3863	3863	1
66144	SISTRUM	5119	5119	1
66145	(self-released)	4593	4593	1
66146	SAHEL SOUNDS	4785	4785	1
66147	SUB ROSA	805	805	1
66148	DEAD OCEANS	3326	3326	1
66149	(self-released)	4564	4564	1
66150	SCISSOR TAIL	5131	5131	1
66151	PALATSI	5138	5138,5141	2
66153	TOMPKINS SQUARE	3040	3040	1
66154	NEW AMSTERDAM	4313	4313	1
66155	CINEDELIC	5133	5133	1
66156	FROZEN REEDS	5132	5132,6694	2
66157	GLACIAL MOVEMENTS	5145	5145	1
66158	RUNE GRAMMOFON	2423	2423	1
66159	UMOR REX	4803	4803	1
66160	HYPERDUB	3233	3233	1
66161	BACKWOODZ STUDIOZ	2657	2657	1
66163	MODERN LOVE	3838	3838	1
66164	WESTERN VINYL	2140	2140	1
66165	RVNG INTL.	3766	3766	1
66166	SMALLTOWN SUPERSOUND	2244	2244	1
66168	ROOM40	2672	2672	1
66169	RAVENWOOD	5146	5146	1
66170	HUBRO	4581	4581	1
66171	NAWA	4700	4700	1
66172	SACRED BONES	3736	3736	1
66173	ENTR'ACTE	4004	4004	1
66174	THIRTY TIGERS	5130	5130	1
66175	ART IN RESONANCE	5143	5143	1
66176	PMG	5136	5136	1
66177	PARADISE OF BACHELORS	3818	3818	1
66178	RELAPSE	710	710	1
66179	DEMENT3D	5134	5134	1
66180	INAM	3447	3447	1
66181	INTERCOASTAL ARTISTS	4363	4363	1
66182	SUB POP	258	258	1
66183	MATADOR	332	332	1
66184	(self-released)	4583	4583	1
66185	GNDWIRE/Thirty Tigers	5144	5144	1
66186	EFFICIENT SPACE	5124	5124	1
66187	(self-released)	4569	4569	1
66188	GOLDEN LAB	4620	4620	1
66189	BA DA BING!	1110	1110	1
66190	CHOCOLATE MONK	5122	5122	1
66191	LIGHT IN THE ATTIC	2738	2738	1
66192	WHARF CAT	4756	4756	1
66194	TRI ANGLE	4786	4786	1
66196	KRANKY	377	377	1
66197	FATICHE	5135	5135	1
66198	DEKORDER	3541	3541	1
66199	PURPLE TAPES PEDIGREE	5150	5150	1
66200	DIE SCHACHTEL	3745	3745	2
66201	SAHEL SOUNDS	4785	4785	1
66202	SAHEL SOUNDS	4785	4785	1
66203	SEELAND	290	290	1
66205	AUDIOMER	5125	5125	1
66207	FXHE	3914	3914	1
66208	FXHE	3914	3914	1
66210	FXHE	5064	5064	1
66213	BROKLYN BEATS	2386	2386	1
66214	CONSTELLATION	1402	1402	1
66215	BROKLYN BEATS	2386	2386	1
66216	BROKLYN BEATS	2386	2386	1
66217	BROKLYN BEATS	2386	2386	1
66218	BROKLYN BEATS	2386	2386	1
66219	THE AGRICULTURE	1902	1902	1
66222	PARADISE OF BACHELORS	3818	3818	1
66223	EM	3169	3169	1
66224	INTERNATIONAL FEEL	4198	4198	1
66225	A GUIDE TO SAINTS	4812	4812	1
66228	BAR/NONE	128	128	1
66230	COLUMBIA	468	468	1
66233	AWESOME TAPES FROM AFRICA	3998	3998	1
66234	SONIC PIECES	4025	4025	1
66235	GEOGRAPHIC NORTH	5155	5155	1
66236	SONIC PIECES	4025	4025	1
66237	CUNEIFORM	437	437	1
66239	FAR OUT	5148	5148	1
66240	MAX ERNST	2970	2970	1
66241	EDITIONS MEGO	3207	3207	1
66242	BROKEH VERSIONS	5077	5077	1
66243	DDS	5158	5158	1
66244	CONSTELLATION	1402	1402	1
66245	KRANKY	377	377	1
66246	PARADISE OF BACHELORS	3818	3818	1
66247	MAPLE DEATH	5106	5106	1
66248	CONSTELLATION	1402	1402	1
66249	TOMPKINS SQUARE	3040	3040	1
66250	BELLA UNION	3728	3728	1
66252	DOUMEN	5160	5160	1
66253	CELLULE 75	5159	5159	1
66254	FROZEN LIGHT	5152	5152	1
66255	AWESOME TAPES FROM AFRICA	3998	3998	1
66256	INTERDIMENSIONAL TRANSMISSIONS	1363	1363	1
66257	GOMA GRINGA DISCOS	4760	4760	1
66258	NEW BODY TAPES	4882	4882	1
66259	THRILL JOCKEY	266	266	1
66261	GHETTO HOUSE CLASSICS	4204	4204	1
66262	ON-U SOUND	1687	1687	1
66263	NDAGGA	5169	5169	1
66264	BROWNSWOOD	5157	5157	1
66265	KIT	5151	5151	1
66266	ROPH	5178	5178	1
66267	PLANET MU	2207	2207	1
66268	BREAK WORLD RECORDS	4766	4766	1
66269	AVIAN	5153	5153	1
66270	NOT NOT FUN	2978	2978	1
66271	FIRECRACKER	5181	5181	1
66272	CONSTELLATION	1402	1402	1
66273	100% SILK	3833	3833	1
66274	TOP DAWG	4575	4575	1
66275	STONE'S THROW	1153	1153	1
66276	TOP DAWG	4575	4575	1
66277	STREET CORNER	5149	5149	1
66278	BROKEH VERSIONS	5077	5077	1
66279	DISAPPEARING	5200	5200	1
66280	THRILL JOCKEY	266	266	1
66281	M'LADY'S/UPSET! THE RHYTHM	5179	5179	1
66282	SIRE	782	782	1
66283	(self-released)	4507	4507	1
66285	GILEAD MEDIA	3527	3527	1
66286	THRILL JOCKEY	266	266	1
66287	DEATHWISH INC	4342	4342	1
66288	NEUROT	2197	2197	1
66289	DISQUES POINTUS	5175	5175	1
66290	WARP	733	733	1
66291	LEAVING	4796	4796	1
66292	KRANKY	377	377	1
66293	(self-released)	4564	4564	1
66294	DARK DESCENT	5172	5172	1
66297	BANK	4980	4980	1
66298	DDS	5158	5158	1
66299	NOUS DISQUES	5174	5174	1
66300	DEEP MOVES GERMANY	5129	5129	1
66301	RK	5126	5126	1
66302	GOING HOME	5127	5127	1
66303	L.I.E.S.	3898	3898	1
66305	WORKSHOP	5128	5128	1
66306	UNTERGANG INSTITUT	4981	4981	1
66307	MILLION DOLLAR	5161	5161	1
66308	LUMPY RECORDS	5023	5023	1
66309	SORRY STATE	3891	3891	1
66310	SOL DISCOS	5139	5139	1
66311	WATER WING	4029	4029	1
66312	LUMPY RECORDS	5023	5023	1
66313	DIAL	1814	1814	1
66314	SCAVENGER OF DEATH	5162	5162	1
66315	TOTAL PUNK	4105	4105	1
66316	BEACH IMPEDIMENT	4976	4976	1
66317	NEGATIVE JAZZ	4777	4777	1
66318	KATORGA WORKS	4167	4167	1
66319	TOTAL PUNK	4105	4105	1
66321	XL	1833	1833	1
66322	BROWNSWOOD	5157	5157	1
66323	HONEST JON'S	2274	2274	1
66324	DEEPBLACK	5065	5065	1
66325	VIN DU SELECT QUALITITE	3656	3656	1
66326	BLACKEST EVER BLACK	4291	4291	1
66327	VIN DU SELECT QUALITITE	3656	3656	1
66328	HANDS IN THE DARK	5173	5173	1
66330	THREE LOBED	4607	4607	1
66331	DISCREPANT	4339	4339	1
66332	WOODIST	5177	5177	1
66334	THRILL JOCKEY	266	266	1
66336	NORTHERN-SPY	3845	3845	1
66337	ECM	443	443	1
66338	DKA	5180	5180	1
66340	KYE	3842	3842	1
66341	HABIBI FUNK	5184	5184	1
66342	FAMILY VINEYARD	1980	1980	1
66343	BATHETIC	4052	4052	1
66345	TOXIC STATE	4864	4864	1
66347	UNROCK	4653	4653	1
66348	DIGITAL REGRESS	5182	5182	1
66349	DARK ENTRIES	4422	4422	1
66350	(self-released)	4507	4507	1
66351	(312)	5164	5164	1
66352	RHYTHM SECTION	5168	5168	1
66353	ACIDO RECORDS	5166	5166	1
66354	NORTHERN ELECTRONICS	5167	5167	1
66355	SUED	5188	5188	1
66356	PAN	4042	4042	1
66359	BORING MACHINES	4047	4047	1
66360	HOUSE OF MYTHOLOGY	5076	5076	1
66361	ERRATUM	5171	5171	1
66362	INNOVA	153	153	1
66363	DISCREPANT	4339	4339	1
66364	POGUS	305	305	1
66365	PARALAXE EDITIONS	5123	5123	1
66366	CONSTELLATION TATSU	5154	5154	1
66367	CUNEIFORM	437	437	1
66368	EH?	4954	4954	1
66369	NORTHERN-SPY	3845	3845	1
66370	FROZEN REEDS	5132	5132	1
66371	MELLO MUSIC GROUP	4852	4852	1
66372	GLISTENING EXAMPLES	4492	4492	1
66374	WARP	733	733	1
66375	ISLAND OF THE GODS	5170	5170	1
66376	(self-released)	4564	4564	1
66377	MERGE	337	337	1
66379	MERGE	337	337	1
66386	NUMERO GROUP	2709	2709	1
66387	DEATH IS NOT THE END	5197	5197	1
66388	(self-released)	4375	4375	1
66389	DOMINO	1112	1112	1
66390	GLITTERBEAT	4367	4367	1
66391	NUMERO GROUP	2709	2709	1
66392	UOVOOO	5176	5176	1
66393	TRI ANGLE	4786	4786	1
66394	GLISTENING EXAMPLES	4492	4492	1
66395	NEW WORLD	351	351	1
66396	UMOR REX	4803	4803	1
66397	THRILL JOCKEY	266	266	1
66398	SUB ROSA	805	805	1
66399	EMOTIONAL RESCUE	4795	4795	1
66401	SUB ROSA	805	805	1
66402	ROOM40	4652	4652	1
66403	LEX	2213	2213	1
66404	EM	3169	3169	1
66405	EM	3169	3169	1
66406	EM	3169	3169	1
66407	EM	3169	3169	1
66408	WORLD ARBITER	4877	4877	1
66409	EDITIONS MEGO	3207	3207	1
66410	LEAVING	4796	4796	1
66411	COLD SPRING	4856	4856	1
66412	TOMPKINS SQUARE	3040	3040	1
66413	EMPTY EDITIONS	5187	5187	1
66414	INSTANT CLASSIC	5185	5185	1
66415	CATEGORY OF MANIFESTATION	5201	5201	1
66417	MERGE	337	337	1
66419	SUB ROSA	805	805	1
66420	(self-released)	4507	4507	1
66422	SUB ROSA	805	805	1
66423	CLERMONT MUSIC	4398	4398	1
66424	JAZZMAN	2411	2411	1
66425	OFFICE	5189	5189	1
66426	CULTURES OF SOUL	3905	3905	1
66427	BEDOUIN	5156	5156	1
66428	SISTRUM	5119	5119	1
66429	SPAZIO DISPONIBILE	5140	5140	1
66430	TEXAS RECORDING UNDERGROUND	5191	5191	1
66431	TARTELET	5194	5194	1
66432	KATORGA WORKS	4167	4167	1
66433	FEEL IT	5193	5193	1
66434	HI-FI YEAH!	5190	5190	1
66435	HYPERDUB	3233	3233	1
66437	IRON LUNG	4698	4698	1
66438	VINYL CONFLICT	5192	5192	1
66439	FASHIONABLE IDIOTS	3874	3874	1
66441	BEACH IMPEDIMENT	4976	4976	1
66442	GRAVE MISTAKE	3873	3873	1
66443	IRON LUNG	4698	4698	1
66444	FASHIONABLE IDIOTS	3874	3874	1
66445	LUMPY RECORDS	5023	5023	1
66446	LUMPY RECORDS	5023	5023	1
66447	ERMITE	5198	5198	1
66448	STATIC SHOCK	4461	4461	1
66449	AKUPHONE	5049	5049	1
66451	FRIENDS RECORDS	3917	3917	1
66452	NORTHERN-SPY	3845	3845	1
66453	TOMPKINS SQUARE	3040	3040	1
66454	OTHER MINDS	4636	4636	1
66455	OFFEN	5213	5213	1
66456	(self-released)	4569	4569	1
66457	GLISTENING EXAMPLES	4492	4492	1
66458	PENULTIMATE PRESS	5051	5051	1
66459	ERGODOS	5218	5218	1
66460	AUFNAHME/WIEDERGABE	5202	5202	1
66461	HALOCLINE TRANCE	5212	5212	1
66462	SIX DEGREES	722	722	1
66463	TEKLIFE	5204	5204	1
66464	MANNEQUIN	5205	5205	1
66465	HOUSE OF MYTHOLOGY	5076	5076	1
66466	MATADOR	332	332	1
66467	SARGENT HOUSE	5088	5088	1
66468	JAGJAGUWAR	1217	1217	1
66469	EDITIONS MEGO	3207	3207	1
66470	WING SING	5196	5196	1
66471	KYE	3842	3842	1
66472	PRESERVATION	3850	3850	1
66473	COLD SPRING	4856	4856	1
66474	PARADISE OF BACHELORS	3818	3818	1
66475	FAT POSSUM	3281	3281	1
66476	HMV RECORD SHOP	5210	5210	1
66477	STONE'S THROW	1153	1153	1
66478	(self-released)	4564	4564	1
66479	MY BAGS	5217	5217	1
66480	(self-released)	4569	4569	1
66481	STONE'S THROW	1153	1153	1
66482	3024	5199	5199	1
66483	LEAVING	4796	4796	1
66484	NON	5215	5215	1
66485	WESTERN VINYL	2140	2140	1
66486	WESTERN VINYL	2140	2140	1
66487	(self-released)	4564	4564	1
66488	RADICALIZED	5214	5214	1
66489	EPIC	429	429	1
66496	DARLA	138	138	1
66497	DARLA	138	138	1
66499	K-RAA-K	3846	3846	1
66500	SUBLIME FREQUENCIES	2590	2590	1
66501	SUBLIME FREQUENCIES	2590	2590	1
66502	SUBLIME FREQUENCIES	2590	2590	1
66503	BLACK TRUFFLE	3639	3639	1
66505	RUSH HOUR	3863	3863	1
66506	NORTHERN ELECTRONICS	5167	5167	1
66509	RECORDING	5206	5206	1
66510	IMPORTANT	2457	2457	1
66511	INVISIBLE CITY EDITIONS	5209	5209	2
66512	ALOE MUSIC	5211	5211	1
66513	MANNEQUIN	5205	5205	1
66514	PALTO FLATS	4915	4915	1
66515	CREATOR DIY	5208	5208	1
66516	TOTAL PUNK	4105	4105	1
66518	TOTAL PUNK	4105	4105	1
66519	BIG CROWN	5020	5020	1
66520	SAINT RECORDS/COLUMBIA	5207	5207	1
66521	SLEEPING GIANT GLOSSOLALIA	5216	5216	1
66522	BAGGAGE CLAIM	5219	5219	1
66523	DIGITAL REGRESS	5182	5182	1
66529	DISCREPANT	4339	4339	1
66530	PAN	4042	4042	2
66531	LULLABIES FOR INSOMNIACS	5109	5109	1
66532	AKUPHONE	5049	5049	1
66533	SAHEL SOUNDS	4785	4785	1
66534	AWESOME TAPES FROM AFRICA	3998	3998	1
66535	ANTI-	3004	3004	1
66536	TEMPORARY RESIDENCE	1570	1570	1
66537	KRANKY	377	377	1
66538	ROOM40	4652	4652	1
66539	CRONICA	4808	4808	1
66540	FIREHOUSE 12	3566	3566	1
66542	SOAVE	5236	5236	1
66544	SEAGREEN	5226	5226	1
66545	WHARF CAT	4756	4756	1
66546	COLD SPRING	4856	4856	1
66547	THE QUIETUS PHONOGRAPHIC CORPORATION	5237	5237	1
66549	NORTHERN-SPY	3845	3845	1
66550	GRAPEFRUIT	5101	5101	1
66551	SUB POP	258	258	1
66552	ROCKET/MIE	5238	5238	1
66553	SUB POP	258	258	1
66554	RUN FOR COVER	4346	4346	1
66555	ROOM40	4652	4652	1
66556	EDITIONS MEGO	3207	3207	1
66557	NOW AGAIN	3620	3620	1
66558	pfMENTUM	1571	1571	1
66559	NO INDEX	5186	5186	1
66560	IDEOLOGIC ORGAN	4903	4903	1
66561	HUBRO	4581	4581	1
66562	HOLIDAYS	4539	4539	1
66563	CLEAN FEED	3374	3374	1
66564	OMLOTT	5221	5221	1
66566	ENTR'ACTE	4004	4004	1
66567	POSH ISOLATION	5069	5069	1
66568	SACRED BONES	3736	3736	1
66569	DUPLI-CATION	5055	5055	1
66570	ALIEN JAMS	5227	5227	1
66571	AUDIOBULB RECORDS	5050	5050	1
66572	APOTHECARY SOUNDS	5061	5061	1
66573	TECHNICOLOUR	4887	4887	1
66574	BORN BAD	4058	4058	1
66575	THE TRILOGY TAPES	4841	4841	1
66576	NNA	3978	3978	1
66577	PSYCH ARMY	5013	5013	1
66578	12K	4002	4002	1
66579	ARTS & CRAFTS	2750	2750	1
66581	CONCRETE TAPES	5234	5234	1
66582	MEAKUSMA	5223	5223	1
66583	ANA OTT	5233	5233	1
66584	100% SILK	3833	3833	1
66587	ASHERS	5232	5232	1
66588	ENTR'ACTE	4004	4004	1
66590	DRAWING ROOM	1616	1616	1
66591	TRUNK	2686	2686	1
66592	PROMPT CRITIC	5240	5240	1
66593	HISTORY ALWAYS FAVORS THE WINNERS	3674	3674	2
66594	DIG!	5222	5222	1
66595	FEEDING TUBE	3800	3800	1
66596	FEEDING TUBE	3800	3800	1
66598	TOTAL PUNK	4105	4105	1
66600	FEEDING TUBE	3800	3800	1
66601	BRAIN SOLVENT PROPAGANDA	5228	5228	1
66604	LUMPY RECORDS	5023	5023	1
66608	LA VIDA ES UN MUS	3937	3937	1
66609	WEIRD EAR	4828	4828	1
66610	NASHAZPHONE RECORDS	4537	4537	1
66612	TOTAL PUNK	4105	4105	1
66613	LUMPY RECORDS	5023	5023	1
66614	DERANGED	4941	4941	1
66615	WHARF CAT	4756	4756	4
66617	17853	5075	5075	1
66618	ENTR'ACTE	4004	4004	1
66619	SOUND SIGNATURE	3962	3962	1
66620	SOUND SIGNATURE	3962	3962	1
66622	WAH WAH WINO	5224	5224	1
66623	BECAUSE HEROIQUE	5220	5220	1
66629	PHINERY	5070	5070	1
66630	THRILL JOCKEY	266	266	1
66631	THRILL JOCKEY	266	266	1
66632	SUB POP	258	258	1
66633	SACRED BONES	3736	3736	1
66634	DOMINO	1112	1112	1
66635	FAT POSSUM	3281	3281	1
66636	PHINERY	5070	5070	1
66637	(self-released)	4564	4564	1
66638	CUNEIFORM	437	437	1
66639	EMOTIONAL RESCUE	4795	4795	1
66640	HABIBI FUNK	5184	5184	1
66641	THRILL JOCKEY	266	266	1
66642	BROWNSWOOD	5157	5157	1
66643	NO INDEX	5186	5186	1
66644	BRAINFEEDER	4067	4067	1
66645	WHARF CAT	4756	4756	1
66646	FADE TO MIND	4416	4416	1
66647	SAHEL SOUNDS	4785	4785	1
66648	GHOSTLY INTERNATIONAL	2382	2382	1
66649	STONES THROW	3777	3777	1
66651	(self-released)	4507	4507	1
66652	NEW BODY TAPES	4882	4882	1
66653	RVNG INTL.	3766	3766	1
66654	NNA	3978	3978	1
66655	ALIEN TRANSISTOR	3576	3576	1
66656	WARP	733	733	1
66657	BARBY BARC	5243	5243	1
66658	MIE MUSIC	4193	4193	1
66659	JESIMOTH	5239	5239	1
66660	BLUE TAPES & X-RAY RECORDS	4982	4982	1
66661	LZY_SLN	5260	5260	1
66662	PARADISE OF BACHELORS	3818	3818	1
66663	WHARF CAT	4756	4756	1
66664	RVNG INTL.	3766	3766	1
66665	YELLOW K	5259	5259	1
66666	DESIRE PATH	4317	4317	1
66668	HOLIDAYS	4539	4539	1
66669	JAZZMAN	2411	2411	1
66670	FEEDING TUBE	3800	3800	1
66671	HIP KIDS	5241	5241	2
66672	TOTAL PUNK	4105	4105	1
66673	ALTVINYL	4243	4243	1
66674	ALTVINYL	4243	4243	1
66675	FEEDING TUBE	3800	3800	1
66677	ALTER	4315	4315	1
66684	CUNEIFORM	437	437	1
66690	ENTR'ACTE	4004	4004	1
66691	LOCUST MUSIC	2199	2199	1
66697	MERGE	337	337	1
66700	EDITION OMEGA POINT	4088	4088	1
66701	PARADISE OF BACHELORS	3818	3818	1
66702	OFFEN	5213	5213	1
66703	MIE MUSIC	4193	4193	1
66704	DINZU ARTEFACTS	5258	5258	1
66705	TZADIK	139	139	1
66706	BLACK TRUFFLE	3639	3639	1
66708	TELEGRAPHIC HEART	5251	5251	1
66709	NOW AGAIN	3620	3620	1
66710	SOUNDWAY	2355	2355	1
66711	MUSIC FROM MEMORY	4824	4824	1
66712	LOVELY MUSIC	381	381	1
66713	BLACK SWEAT	4585	4585	1
66714	BOCIAN	5245	5245	2
66715	LUAKA BOP	382	382	1
66716	CRAMMED DISCS	3789	3789	1
66717	GLITTERBEAT	4367	4367	1
66719	SOUL JAZZ	1936	1936	1
66720	SAHEL SOUNDS	4785	4785	1
66721	WARP	733	733	1
66725	FORUM	5250	5250	1
66726	COCK ROCK DISCO	2909	2909	1
66727	KUDATA	5262	5262	1
66728	SACRED BONES	3736	3736	1
66730	BOKEH VERSIONS	5257	5257	1
66731	NEW WEST	1945	1945	1
66732	ATO	4056	4056	1
66733	IDEAL	683	683	1
66734	NORTHERN-SPY	3845	3845	1
66735	PROFOUND LORE	3684	3684	1
66736	ROCK ACTION	5247	5247	1
66738	WHERE TO NOW	4630	4630	1
66739	HOWLING OWL	5248	5248	1
66740	PI RECORDINGS	4879	4879	1
66741	JAHTARI	5255	5255	2
66742	GQOM OH!	5261	5261	1
66744	LOCAL ACTION	5249	5249	1
66745	MISSISSIPPI	3352	3352	1
66746	RADIO MARTIKO	5252	5252	1
66747	RADIO MARTIKO	5252	5252	1
66748	RADIO MARTIKO	5252	5252	1
66749	AKUPHONE	5049	5049	1
66750	AKUPHONE	5049	5049	1
66751	LITTLE AXE	4665	4665	1
66752	HONEST JON'S	2274	2274	1
66753	(self-released)	4375	4375	1
66754	ENTR'ACTE	4004	4004	1
66755	EQUILIBRIO	5256	5256	1
66756	PORTALS EDITIONS/HOWLING OWL	5242	5242	1
66757	L.I.E.S.	3898	3898	1
66758	BANK	4980	4980	1
66759	PALACE OF LIGHTS	5254	5254	1
66760	FEEDING TUBE	3800	3800	1
66761	PALTO FLATS/WE RELEASE WHATEVER THE FUCK WE WANT	5246	5246	1
66762	CATCH WAVE LTD./ERGOT	5253	5253	1
66763	CHAINED LIBRARY	5244	5244	1
66764	BIG CROWN	5020	5020	1
66766	BEACH IMPEDIMENT	4976	4976	1
66767	LA VIDA ES UN MUS	3937	3937	1
66769	DISCREPANT	4339	4339	1
66771	UNROCK	4653	4653	1
66772	TOTAL PUNK	4105	4105	1
66773	IDEA	5263	5263	1
66774	MONOFONUS PRESS	4078	4078	1
66775	STARLIGHT FURNITURE CO.	2593	2593	1
66776	TOTAL PUNK	4105	4105	1
66778	WHITE MATERIAL	4567	4567	1
66862	UBIQUITY	706	706	1
66863	UBIQUITY	706	706	1
66888	MAD DECENT	3206	3206	1
66889	BROWNSWOOD	5157	5157	1
66890	KRANKY	377	377	1
66891	CLEAN FEED	3374	3374	1
66893	FPE	4830	4830	1
66894	52Hz	5268	5268	1
66895	FREE DIRT	5269	5269	1
66896	DAPTONE	2112	2112	1
66897	THRILL JOCKEY	266	266	1
66898	LEAVING	4796	4796	1
66899	ALIEN TRANSISTOR	3576	3576	1
66900	SUB POP	258	258	1
66902	NEVER NORMAL	5273	5273	1
66903	Wasabi Tapes	5274	5274	1
66904	SOUNDWAY	2355	2355	1
66905	PLANET MU	2207	2207	1
66906	HOUSE OF MYTHOLOGY	5076	5076	1
66907	DEAD OCEANS	3326	3326	2
66908	TWISTED ELEGANCE	5270	5270	1
66910	SEASON OF MIST	3824	3824	1
66911	PROFOUND LORE	3684	3684	1
66912	LUOVA	5271	5271	1
66913	SADDLE CREEK	1654	1654	1
66914	NUCLEAR BLAST	2144	2144	1
66915	ATO	4056	4056	1
66916	NORTHERN-SPY	3845	3845	1
66917	ROCKET	4942	4942	1
66918	ANTI-	3004	3004	1
66919	DOMINO	1112	1112	1
66920	PROFOUND LORE	3684	3684	1
66921	NINJA TUNE	700	700	1
66922	HYDRA HEAD	2157	2157	1
66923	CONSTELLATION	1402	1402	1
66924	KRANKY	377	377	1
66926	DUB DITCH PICNIC	4782	4782	1
66927	FEEDING TUBE	3800	3800	1
66928	YEP ROC	831	831	1
66929	FEEDING TUBE	3800	3800	1
66930	LION PRODUCTIONS	4014	4014	1
66932	FEEDING TUBE	3800	3800	1
66933	12XU	3869	3869	1
66934	SHE ROCKS!	5272	5272	1
66935	KARAT	5265	5265	1
66936	FTD	5266	5266	1
66937	INTERNATIONAL ANTHEM RECORDING COMPANY	4917	4917	1
66938	MERGE	337	337	1
66939	PHILOPHON	5264	5264	1
66940	EM	3169	3169	1
66942	MISTRESS	5116	5116	1
66943	PROIBITO	4893	4893	1
66944	BEDOUIN	5156	5156	1
66954	Conquering Lion Records	5281	5281	1
66955	WEIRD WORLD/DOMINO	5279	5279	1
66956	SMITHSONIAN FOLKWAYS	250	250	1
66957	BOOMARM NATION	5277	5277	1
66958	NEW AMSTERDAM	4313	4313	1
66959	NO FORMAT!	5267	5267	1
66960	STRUT	1941	1941	1
66962	NON	5215	5215	1
66963	SUBTEXT	4464	4464	1
66964	SHELTER PRESS	4390	4390	1
66965	RUNE GRAMMOFON	2423	2423	1
66966	FINDERS KEEPERS	2878	2878	1
66967	INSTANT CLASSIC	5185	5185	1
66968	CONSTELLATION	1402	1402	1
66969	LOWER FLOOR MUSIC	5288	5288	1
66970	Inside Records	5283	5283	1
66971	CITY SLANG	3239	3239	1
66972	INAM	3447	3447	1
66973	Northern Transmissions	5292	5292	1
66974	THRILL JOCKEY	266	266	1
66975	SUB POP	258	258	1
66976	DFA	2151	2151	1
66977	THRILL JOCKEY	266	266	1
66978	KAME'A	5290	5290	1
66980	Nonesuch	5284	5284	1
66981	DIAS	5287	5287	1
66982	MEXICAN SUMMER	3670	3670	1
66983	NONESUCH	799	799	1
66984	Dekmantel	5282	5282	1
66985	SUB POP	258	258	1
66986	FHUO	5291	5291	1
66987	(self-released)	4561	4561	1
66988	AGE 101 MUSIC	4884	4884	1
66989	REDEFINITION	5278	5278	1
66990	LEX	2213	2213	1
66991	(self-released)	4561	4561	1
66992	NEW BODY TAPES	4882	4882	1
66993	TECHNICOLOUR	4887	4887	1
66995	SUBLIME FREQUENCIES	2590	2590	1
66996	DOMINO SOUND	3628	3628	1
66997	ALIEN TRANSISTOR	3576	3576	1
66998	ALIEN TRANSISTOR	3576	3576	1
66999	BREAK WORLD RECORDS	4766	4766	1
67000	ISLE OF JURA	5275	5275	1
67001	EM	3169	3169	2
67002	BEST WORKS	5295	5295	1
67003	KLAKSON	5296	5296	1
67004	HOT RELEASES	3508	3508	1
67005	La Vide Es Un Mus	5286	5286	1
67007	EM	3169	3169	1
67009	FEAST OF HATE AND FEAR	5289	5289	1
67010	FEEDING TUBE	3800	3800	1
67011	12XU	3869	3869	1
67012	NECKCHOP	5235	5235	1
67013	NECKCHOP	5235	5235	1
67014	LUMPY RECORDS	5023	5023	1
67015	LUMPY RECORDS	5023	5023	1
67019	KRANKY	377	377	1
67020	SUB POP	258	258	1
67021	SUB POP	258	258	1
67026	INFRACOM	1444	1444	1
67027	HONEST JON'S	2274	2274	1
67028	The Vinyl Factory	5303	5303	1
67029	(self-released)	4559	4559	1
67030	CXSHXNLY	5306	5306	1
67031	FAT POSSUM	3281	3281	1
67032	SAHEL SOUNDS	4785	4785	1
67034	TOMPKINS SQUARE	3040	3040	1
67035	TOMPKINS SQUARE	3040	3040	1
67036	PARADISE OF BACHELORS	3818	3818	1
67037	(self-released)	4624	4624	1
67038	Freedom to Spend	5302	5302	1
67039	(self-released)	4354	4354	1
67040	EM	3169	3169	1
67041	GHOSTLY INTERNATIONAL	2382	2382	1
67042	XL	1833	1833	1
67043	TOP DAWG	4575	4575	1
67044	INTONE	5299	5299	2
67045	BLUE TAPES	4485	4485	1
67046	Auasca	5312	5312	1
67047	BLUE NOTE	462	462	1
67048	RUNE GRAMMOFON	2423	2423	1
67049	AUM FIDELITY	1046	1046	1
67050	INTERNATIONAL ANTHEM RECORDING COMPANY	4917	4917	1
67051	Stretch	5300	5300	1
67052	Stretch	5300	5300	1
67053	AUM FIDELITY	1046	1046	1
67055	STONE'S THROW	1153	1153	1
67056	Drop Medium	5301	5301	1
67058	NORTHERN-SPY	3845	3845	1
67060	Sounds of the Dawn	5311	5311	1
67061	BA DA BING!	1110	1110	1
67062	RADICAL TURF	5307	5307	1
67063	RELAPSE	710	710	1
67064	RELAPSE	710	710	1
67065	SUB POP	258	258	1
67066	BEYOND BEYOND IS BEYOND	4816	4816	1
67067	MEDICAL	3828	3828	1
67068	HARDLY ART	3315	3315	1
67069	INTERNATIONAL ANTHEM RECORDING COMPANY	4917	4917	1
67070	SADDLE CREEK	1654	1654	1
67071	DOMINO	1112	1112	1
67072	MATADOR	332	332	1
67075	COLUMBIA	468	468	1
67076	Chulo	5309	5309	1
67077	AUS	3762	3762	1
67078	M-Plant	5316	5316	1
67079	FAR OUT	5148	5148	1
67080	FEEDING TUBE	3800	3800	1
67082	UPSET THE RHYTHM	3443	3443	1
67085	Glue	5310	5310	1
67086	PILATUS	5304	5304	1
67087	IRON LUNG	4698	4698	1
67088	12XU	3869	3869	1
67089	NEGATIVE JAZZ	4777	4777	1
67090	Wilsuns	5298	5298	1
67091	SORRY STATE	3891	3891	1
67092	Cascade	5308	5308	1
67093	RUNE GRAMMOFON	2423	2423	1
67098	GLITTERBEAT	4367	4367	1
67099	CLERMONT MUSIC	4398	4398	1
67100	W.E.R.F.	5305	5305	1
67101	Crown Ruler	5315	5315	1
67103	Lobster Theremin	5314	5314	1
67104	DELSIN	2780	2780	1
67105	BEACH IMPEDIMENT	4976	4976	1
67106	TOTAL PUNK	4105	4105	1
67107	LUMPY RECORDS	5023	5023	1
67108	EM	3169	3169	1
67109	LUMPY RECORDS	5023	5023	1
67110	AWESOME TAPES FROM AFRICA	3998	3998	1
67111	GLOBAL HYBRID	5293	5293	1
67112	CARPARK	1692	1692	1
67114	12K	4002	4002	1
67115	NORTHERN-SPY	3845	3845	1
67117	NORTHERN-SPY	3845	3845	1
67119	ROOM40	2672	2672	1
67120	RED HOUSE	541	541	1
67121	R36	5324	5324	1
67122	SUB POP	258	258	1
67123	IPECAC	1529	1529	1
67124	(self-released)	4561	4561,4564	2
67125	BLUE NOTE	462	462	1
67126	SAHEL SOUNDS	4785	4785	1
67127	POLYVINYL	1198	1198	1
67128	4AD	3778	3778	1
67129	Castle Face	3277	3277,3278	2
67130	VIN DU SELECT QUALITITE	3656	3656	1
67131	ATLANTIC	123	123	1
67132	SACRED BONES	3736	3736	1
67133	SMELRADINA RIMA	3959	3959	1
67134	NO RENT	5329	5329	1
67135	(self-released)	4561	4561	1
67136	LA VIDA ES UN MUS	3937	3937	2
67137	RELAPSE	710	710	2
67138	SUB POP	258	258	1
67139	THRILL JOCKEY	266	266	1
67140	Arteimisia	5323	5323	1
67141	INNOVA	153	153	1
67143	SOUL CHANTS	5327	5327	1
67144	WAXPLOITATION	1068	1068	1
67145	FYFYA AWOT	5322	5322	1
67146	DAPTONE	2112	2112	2
67147	TYPE	3110	3110	1
67148	MELLO MUSIC GROUP	4852	4852	1
67149	WAH WAH WINO	5224	5224	1
67150	PAMPA	4247	4247	1
67151	MACK AVENUE	3093	3093	1
67152	ROOM40	4652	2672,4652	3
67153	THE FLENSER	4534	4534	1
67154	DOUBLE DOUBLE WHAMMY	5328	5328	1
67155	SEASON OF MIST	3824	3824	1
67156	ASTHMATIC KITTY	2166	2166	1
67157	Daymare	5326	5326	1
67158	UPSET THE RHYTHM	3443	3443	2
67159	RCA	328	328	1
67160	HOT RELEASES	3508	3508	2
67161	FASHIONABLE IDIOTS	3874	3874	1
67162	Nordvis/Bindrune	5320	5320	2
67163	540 RECORDS	3875	3875	1
67164	Soft Estate	5317	5317	1
67165	POSH ISOLATION	5069	5069	2
67166	Repeditor	5321	5321	2
67167	PAN	4042	4042	1
67168	BLACKEST EVER BLACK	4291	4291	2
67169	Raster	5319	5319	1
67170	GEOGRAPHIC NORTH	5155	5155	2
67174	AWESOME TAPES FROM AFRICA	3998	3998	1
67175	ANALOG AFRICA	3436	3436	1
67176	(self-released)	4569	4569	1
67180	PRIMITIVE LANGUAGES	4783	4783	1
67181	Hypercolour	5313	5313	1
67182	Vibraphone	5318	5318	1
67184	BEACH IMPEDIMENT	4976	4976	1
67186	NECKCHOP	5235	5235	1
67187	TOTAL PUNK	4105	4105	1
67189	NECKCHOP	5235	5235	1
67193	ANALOG AFRICA	3436	3436	1
67194	SUBATOMIC SOUND	5339	5339	1
67195	WARP	733	733	1
67196	MUTE	348	348	1
67197	WESTERN VINYL	2140	2140	1
67198	Balulalo/Because	5334	5334	1
67199	TROUBLE IN MIND	4104	4104	2
67200	CONSTELLATION	1402	1402	1
67201	OMNIVORE	5337	5337	1
67203	ECM	443	443	2
67204	WIDE HIVE	2267	2267	1
67205	AEROPHONIC	4558	4558	1
67206	FORTUNE	2616	2616	2
67207	BRAINFEEDER	4067	4067	2
67208	FAMILY VINEYARD	1980	1980	1
67209	GIZEH RECORDS	4281	4281	1
67210	CLERMONT MUSIC	4398	4398	2
67211	HYPERDUB	3233	3233	2
67212	GLITTERBEAT	4365	4365	2
67213	XL	1833	1833	1
67214	INTERNATIONAL ANTHEM RECORDING COMPANY	4917	4917	1
67215	RVNG INTL.	3766	3766	2
67217	LUSTWERK MUSIC	4827	4827	1
67218	(self-released)	4561	4561	1
67221	Barclay/Virgin	5332	5332	2
67222	ARTS & CRAFTS	2750	2750	1
67223	ORANGE MILK	5090	5090	2
67224	WHARF CAT	4756	4756	1
67225	SUB POP	258	258	1
67226	RELAPSE	710	710	1
67227	MODERN SKY UK	5335	5335	1
67228	THRILL JOCKEY	266	266	2
67230	DRAWING ROOM	1616	1616	1
67231	MUSHROOM HALF HOUR	5333	5333	2
67232	BOOMKAT EDITIONS	5338	5338	1
67233	MIE MUSIC	4193	4193	1
67236	BLACKEST EVER BLACK	4350	4350	2
67237	BEDOUIN	5156	5156	1
67238	NECKCHOP	5235	5235	1
67239	HOT RELEASES	3508	3508	1
67241	LUMPY RECORDS	5023	5023	1
67242	ERSTE THEKE TONTRAEGER	4769	4769	1
67243	La Vide Es Un Mus	5286	5286	1
67244	HOT RELEASES	3508	3508	1
67245	BEACH IMPEDIMENT	4976	4976	1
67246	SORRY STATE	3891	3891	1
67247	DIGITAL REGRESS	5182	5182	1
67248	PROFOUND LORE	3684	3684	1
67251	HIVE MIND	5344	5344	1
67252	SAHEL SOUNDS	4785	4785	2
67253	Last Roundup	5349	5349	1
67254	NEW WORLD	351	351	1
67255	(self-released)	4559	4559	1
67256	PHINERY	5070	5070	1
67257	Devine	5351	5351	1
67259	(self-released)	4375	4375	1
67260	BACKWOODZ STUDIOZ	2657	2657	1
67261	KOMPAKT	2306	2306	1
67262	Mule Musiq	5343	5343	1
67263	(self-released)	4459	4459	1
67264	Mule Musiq	5343	5343	1
67265	DFA	2151	2151	1
67266	PHINERY	5070	5070	1
67267	GHOSTLY INTERNATIONAL	2382	2382	1
67268	RVNG INTL.	3766	3766	1
67269	THREE-LOBED	2185	2185	1
67270	SUB POP	258	258	1
67271	CHONDRITIC SOUND	4706	4706	1
67273	LOMA VISTA RECORDINGS	4457	4457	1
67274	WHARF CAT	4756	4756	1
67275	GILEAD MEDIA	3527	3527	1
67276	MATADOR	332	332	1
67277	DAPTONE	2112	2112	1
67278	PARADISE OF BACHELORS	3818	3818	1
67279	BREAK WORLD RECORDS	4766	4766	1
67280	Hand Drawn Dracula	5348	5348	1
67281	ASCETIC HOUSE	5364	5364	1
67282	ONE LITTLE INDIAN	3060	3060	1
67283	FLOAT	5341	5341	1
67284	MATADOR	332	332	1
67285	BA DA BING!	1110	1110	1
67286	(self-released)	4354	4354	1
67287	HOT RELEASES	3508	3508	1
67288	JAGJAGUWAR	1217	1217	1
67289	SKELETAL LIGHTNING	5352	5352	1
67290	WESTERN VINYL	2140	2140	1
67291	FELTE	4960	4960	1
67292	Tunnel Secret	5350	5350	1
67293	TRUE PANTHER	3279	3279	1
67294	(self-released)	4561	4561	1
67295	BORDER COMMUNITY	5362	5362	2
67296	2MR	5347	5347	1
67297	DOUBLE DOUBLE WHAMMY	5328	5328	1
67298	MUTE	348	348	1
67301	UNROCK	4653	4653	1
67303	BECAUSE MUSIC	4463	4463	1
67304	W.25th	5346	5346	1
67305	IRON LUNG	4698	4698	1
67306	TECHNICOLOUR	4887	4887	1
67307	FEEL IT	5193	5193	1
67308	LA VIDA ES UN MUS	3937	3937	1
67309	L.I.E.S.	3898	3898	1
67310	BANK	4980	4980	1
67311	L.I.E.S.	3898	3898	1
67314	WARP	733	733	1
67318	NEW WORLD	351	351	1
67319	RVNG INTL.	3766	3766	1
67320	NORTHERN-SPY	3845	3845	1
67321	(self-released)	4375	4375	1
67323	JAGJAGUWAR	1217	1217	1
67324	NNA	3978	3978	1
67325	MERGE	337	337	1
67326	DICE	5376	5376	1
67327	EL PARAISO	4378	4378	1
67328	DRAG CITY	441	441	1
67329	STRUT	1941	1941	2
67330	Plaza Zachodnia	5355	5355	1
67332	(self-released)	4354	4354	1
67333	SKIN TRADE	5361	5361	1
67334	NAWA	4700	4700	1
67336	ROOM40	4652	4652	1
67337	MAHOGANI MUSIC	4050	4050	1
67338	GLITTERBEAT	4367	4367	1
67339	INTERNATIONAL ANTHEM RECORDING COMPANY	4917	4917	1
67340	Whirlwind Recordings	5354	5354	1
67341	UNSEEN WORLDS	3408	3408	1
67342	L.I.E.S.	3898	3898	2
67343	NINJA TUNE	4859	4859	1
67344	More	5357	5357	1
67345	More	5357	5357	1
67346	HOT RELEASES	3508	3508	1
67347	ROOM40	2672	2672	1
67348	RUN FOR COVER	4346	4346	1
67349	RELAPSE	710	710	2
67350	CAPTURED TRACKS	3648	3648	1
67351	SLOVENLY	2420	2420	1
67352	PUNK SLIME	5380	5380	1
67353	GLITTERBEAT	4367	4367	1
67354	NINJA TUNE	700	700	1
67355	HONEST JON'S	2274	2274	1
67357	EM	3169	3169	1
67358	EM	3169	3169	1
67359	JIAOLONG	5365	5365	1
67360	L.I.E.S.	3898	3898	1
67361	MARIONETTE	5360	5360	1
67363	LA VIDA ES UN MUS	3937	3937	1
67364	DRAG CITY	441	441	1
67365	12XU	3869	3869	1
67366	ABDUCTION	176	176	1
67367	DERANGED	4941	4941	1
67368	DULL TOOLS	5363	5363	1
67369	(self-released)	4559	4559	1
67370	BEDOUIN	5156	5156	1
67371	DERANGED	4941	4941	1
67372	LUMPY RECORDS	5023	5023	1
67373	FEEDING TUBE	3800	3800	1
67374	SASSAFRASS	5359	5359	1
67375	LA VIDA ES UN MUS	3937	3937	1
67377	LUMPY RECORDS	5023	5023	1
67378	KYE	3842	3842	1
67379	LA VIDA ES UN MUS	3937	3937	1
67380	SCAVENGER OF DEATH	5162	5162	1
67381	DERANGED	4941	4941	1
67382	LUMPY RECORDS	5023	5023	1
67386	IRON LUNG	4698	4698	1
67387	DIGITAL REGRESS	5182	5182	1
67388	DIGITAL REGRESS	5182	5182	1
67390	LA VIDA ES UN MUS	3937	3937	1
67397	RUSH HOUR	3863	3863	1
67399	EM	3169	3169	1
67400	NYEGE NYEGE TAPES	5383	5383	1
67402	WRWTFWW	5373	5373	1
67403	ORANGE MILK	5090	5090	1
67404	INAM	3447	3447	1
67405	RVNG INTL.	3766	3766	1
67406	BLUE NOTE	462	462	1
67407	UNSEEN WORLDS	3408	3408	1
67408	CONSTELLATION	1402	1402	1
67409	Avalanche	5368	5368	1
67410	ROOM40	4652	4652	1
67411	4AD	3778	3778	1
67412	FEEDING TUBE	3800	3800	1
67413	TROUBLE IN MIND	4104	4104	1
67414	(self-released)	4561	4561,4624	2
67415	SEASON OF MIST	3824	3824	1
67416	SEND HELP	2760	2760	1
67418	BMI	5377	5377	1
67419	WHARF CAT	4756	4756	1
67420	DISKATOPIA	1482	1482	1
67421	PAN	4042	4042	1
67422	(self-released)	4354	4354	1
67423	(self-released)	4559	4559	1
67424	PAN	4042	4042	1
67425	SELF-SABOTAGE	5378	5378	1
67426	FATHER/DAUGHTER	3827	3827	1
67427	THEM THERE	5385	5385	1
67428	BIG DADA	3269	3269	2
67429	(self-released)	4354	4354	1
67430	SRI MOONSHINE	5374	5374	1
67431	FISH	5381	5381	1
67432	GLITTERBEAT	4367	4367	1
67433	FEEDING TUBE	3800	3800	1
67434	ever/never	5375	5375	1
67435	IN THE RED	960	960	1
67436	State Laughter	5384	5384	1
67437	FEEDING TUBE	3800	3800	1
67438	DBE SOUND	5379	5379	1
67439	KHEMIA	5382	5382	1
67441	QUINTESSENTIALS	5369	5369	1
67442	HALCYON VEIL	5370	5370	1
67444	L.I.E.S.	3898	3898	1
67449	DEAD OCEANS	3326	3326	1
67450	ALTER	4315	4315	1
67451	TOUCH SENSITIVE	4876	4876	1
67453	HABIBI FUNK	5184	5184	1
67454	LIGHT IN THE ATTIC	2738	2738	1
67455	VOSSTOK	5371	5371	1
67458	SONIG	1785	1785	1
67459	ENTENPFUHL	2911	2911	1
67468	CLERMONT MUSIC	4398	4398	1
67469	SECOND EDITION	5395	5395	1
67470	PI	2357	2357	1
67472	NIGHT SCHOOL	5391	5391	1
67473	GREEN HOUSE	5396	5396	1
67474	INAM	3447	3447	1
67475	MESH KEY	2805	2805	1
67476	SOUND AMERICAN	5387	5387	1
67478	THRILL JOCKEY	266	266	1
67479	DECIBEL MUSIC	5386	5386	1
67480	890 WEST MUSIC, INC	5392	5392	1
67481	CLEAN FEED	3374	3374	1
67482	Mule Musiq	5343	5343	1
67483	GHOSTLY INTERNATIONAL	2382	2382	1
67485	RHYMESAYERS	2102	2102	1
67486	(self-released)	2782	2782	1
67487	(self-released)	4559	4559	1
67488	ATLANTIC / THREETWENTYTHREE	5389	5389	1
67489	WARP	733	733	1
67490	OBSOLETE	5372	5372	1
67491	RUNE GRAMMOFON	2423	2423	1
67492	4AD	3778	3778	1
67493	THRILL JOCKEY	266	266	1
67494	DOMINO	1112	1112	1
67495	CARPARK	1692	1692	1
67496	BIG NECK	1649	1649	1
67498	DUNE ALTAR	5399	5399	1
67499	PNKSLM	5398	5398	1
67500	DEAD OCEANS	3326	3326	1
67501	DIRT CULTURE	5393	5393,5394	2
67502	EL PARAISO	4378	4378	1
67503	DOMINO	1112	1112	1
67504	PARADISE OF BACHELORS	3818	3818	1
67505	LONO	4039	4039	1
67506	SELF-SABOTAGE	5378	5378	1
67510	TOMPKINS SQUARE	3040	3040	1
67511	ENCHUFADA	4032	4032	1
67512	NEW BODY TAPES	4882	4882	1
67513	CASA DEL INDIO / PEACE & RHYTHM	5390	5390	1
67521	MERGE	337	337	1
67522	EM	3169	3169	1
67523	HARDLY ART	3315	3315	1
67526	MIGRATION MEDIA	4158	4158	1
67534	BANK	4980	4980	1
67535	PARTISAN	3553	3553	1
67536	100% SILK	3833	3833	1
67537	SELF-RELEASED	4337	4337	1
67538	TAK:TIL	5407	5407	1
67540	PRINCIPE	5403	5403	1
67541	NEW AMSTERDAM	4313	4313	1
67542	INTERNATIONAL ANTHEM RECORDING COMPANY	4917	4917	1
67543	RVNG INTL.	3766	3766	1
67544	CITY SLANG	3239	3239	1
67545	DRAG CITY	441	441	1
67546	NEW WEST	1945	1945	1
67547	SUB POP	258	258	1
67548	DOMINO	1112	1112	1
67549	MATADOR	332	332	1
67551	NONESUCH	799	799	1
67552	MIE MUSIC	4193	4193	1
67556	STUDENTS OF DECAY	4137	4137	1
67557	BEDOUIN	5156	5156	1
67559	CRAMMED DISCS	3789	3789	1
67560	MASS APPEAL	4713	4713	1
67561	TOTAL WORKS	5406	5406	1
67562	(self-released)	4375	4375	1
67563	INNER OCEAN	5411	5411	1
67564	ACTIV-ANALOG	2566	2566	1
67565	EM	3169	3169	1
67566	ACTIV-ANALOG	2566	2566	1
67567	(self-released)	4375	4375	1
67568	ESP	2899	2899	1
67571	SUB POP	258	258	1
67572	CARPARK	1692	1692	1
67573	BLOODSHOT	571	571	1
67574	(self-released)	4459	4459,4624	2
67575	MACK AVENUE	3093	3093	1
67576	BLUE NOTE	462	462	1
67577	GHOSTLY INTERNATIONAL	2382	2382	1
67578	HALCYON VEIL	5370	5370	1
67580	INNOVATIVE LEISURE	4674	4674	1
67582	SUB POP	258	258	1
67583	MELLO MUSIC GROUP	4852	4852	2
67584	KRANKY	377	377	1
67585	INNOVA	153	153	1
67586	FIREHOUSE 12	3566	3566	1
67587	PERMANENT VACATION	3787	3787	2
67588	SLOVENLY	2420	2420	1
67589	(self-released)	4561	4561	1
67590	RELAPSE	710	710	1
67591	P.W. ELVERUM AND SUN	4113	4113	1
67592	AKUPHONE	5049	5049	1
67593	SPACE CASE	4589	4589	1
67594	RADICAL DOCUMENTS	5409	5409	1
67595	EARS&EYES	5034	5034	1
67596	MUSIC FROM MEMORY	4824	4824	1
67603	KRANKY	377	377	1
67604	CRAMMED DISCS	3789	3789	1
67605	RUNE GRAMMOFON	2423	2423	1
67607	BOPTART/ACTION DRIVER	2472	2472	1
67609	JAGJAGUWAR	1217	1217	1
67612	GHOSTLY INTERNATIONAL	2382	2382	1
67613	WESTERN VINYL	2140	2140	1
67614	SACRED BONES	3736	3736	1
67615	KNITTING FACTORY	375	375	1
67616	CITY SLANG	3239	3239	1
67617	(self-released)	4624	4624	1
67618	BLUE NOTE	462	462	1
67619	STRUT	1941	1941	1
67620	ARJUNA	5400	5400	1
67621	WESTERN VINYL	2140	2140	1
67622	pfMENTUM	1571	1571	1
67623	GBV INC.	5416	5416	1
67625	ETERNAL RESEARCH	5397	5397	1
67629	AWESOME TAPES FROM AFRICA	3998	3998	1
67630	THRILL JOCKEY	266	266	1
67633	CUNEIFORM	437	437	1
67637	FEEDING TUBE	3800	3800	1
67639	MEMPHIS INDUSTRIES	2482	2482	1
67640	THRILL JOCKEY	266	266	1
67641	SMITHSONIAN FOLKWAYS	250	250	1
67642	THRILL JOCKEY	266	266	1
67643	CUNEIFORM	437	437	1
67644	SELF-SABOTAGE	5378	5378	1
67645	MATADOR	332	332	1
67646	KRANKY	377	377	1
67648	(self-released)	4354	4354	1
67649	BECAUSE MUSIC	4463	4463	1
67650	(self-released)	4354	4354	1
67651	4 AD	104	104	1
67652	FAMILY VINEYARD	1980	1980	1
67653	KARLRECORDS	4789	4789	1
67654	MATADOR	332	332	1
67655	FAT BEATS	3025	3025	1
67658	CARPET GROUP RECORDINGS	5412	5412	1
67662	HOT RELEASES	3508	3508	1
67663	RADICAL DOCUMENTS	5409	5409	1
67664	FINE CONCEPTS	5415	5415	1
67665	Drunken Sailor	5418	5418	1
67666	HEN HOUSE	5404	5404	1
67667	WATER WING	4029	4029	1
67668	NINJA TUNE	700	700	1
67669	THRILL JOCKEY	266	266	1
67671	DOMINO	1112	1112	1
67672	MONORAIL TRESPASSING	5413	5413	1
67673	TRI ANGLE	4786	4786	1
67674	ROUGH TRADE	282	282	1
67675	ROCKET	4942	4942	1
67676	SUB POP	258	258	1
67678	JOYFUL NOISE RECORDS	4431	4431	1
67679	MATADOR	332	332	1
67680	SACRED BONES	3736	3736	1
67681	MAMA BIRD RECORDING CO.	5405	5405	1
67682	Skinny Fish Music	5419	5419	1
67683	SUB POP	258	258	1
67684	RVNG INTL.	3766	3766	1
67685	SPRAWL	1344	1344	1
67686	HARDLY ART	3315	3315	1
67687	SECRETLY CANADIAN	670	670	1
67690	RECITAL	4396	4396	1
67692	HOT RELEASES	3508	3508	1
67693	RVNG INTL.	3766	3766	1
67694	EM	3169	3169	1
67695	MATADOR	332	332	1
67696	DUPLI-CATION	5055	5055	1
67697	PARADISE OF BACHELORS	3818	3818	1
67700	DOMINO	1112	1112	1
67704	RVNG INTL.	3766	3766	1
67705	(self-released)	4459	4459	1
67706	NORTHERN-SPY	3845	3845	1
67707	JOYFUL NOISE RECORDS	4431	4431	1
67708	ASPHODEL	502	502	1
67709	HOT RELEASES	3508	3508	1
67710	Melodies Souterraines	5294	5294	1
67722	STRUT	1941	1941	1
67723	MOM + POP/MARATHON/MILK!	5414	5414	1
67724	SUB POP	258	258	1
67725	WARP	733	733	1
67726	KILL ROCK STARS	374	374	1
67732	Danger Collective Records	5417	5417	2
67733	COMPANY	4836	4836	2
67734	ORANGE MILK	5090	5090	1
67737	RCA	328	328	1
67738	LUMPY RECORDS	5023	5023	1
67739	EM	3169	3169	1
67740	LATENCY	5426	5426	1
67741	LUMPY RECORDS	5023	5023	1
67742	SUPERIOR VIADUCT	4099	4099	1
67749	Invada Records	5420	5420	1
67751	SUB POP	258	258	1
67752	SUICIDE SQUEEZE	1461	1461	1
67755	JAGJAGUWAR	1217	1217	1
67757	GLITTERBEAT	4367	4367	1
67758	ALBUM LABEL	4928	4928	1
67759	EM	3169	3169	1
67760	SONORIS	4119	4119	1
67762	CLAAP	4648	4648	1
67768	UNSEEN WORLDS	3408	3408	1
67769	MUSIC FROM MEMORY	4824	4824	1
67771	THRILL JOCKEY	266	266	1
67772	WESTERN VINYL	2140	2140	1
67773	POLYVINYL	1198	1198	1
67774	INTERNATIONAL ANTHEM RECORDING COMPANY	4917	4917	1
67775	TOMPKINS SQUARE	3040	3040	1
67777	TEMPORARY RESIDENCE	1570	1570	1
67780	LUMINELLE	5438	5438	1
67781	SLUMBERLAND	248	248	1
67782	WHARF CAT	4756	4756	1
67783	ARBUTUS	5444	5444	1
67784	DOUBLE DOUBLE WHAMMY	5328	5328	1
67786	Bam Balam	5402	5402	1
67790	SUB POP	258	258	1
67792	PALATSI	5138	5138	1
67793	DFA	2151	2151	1
67794	CAPTURED TRACKS	3648	3648	1
67795	SUB POP	258	258	1
67796	FAT POSSUM	3281	3281	1
67797	ARLO & BETTY	5445	5445	1
67799	Difficult Interactions	5429	5429	1
67804	DARK ENTRIES	4422	4422	1
67805	RVNG INTL.	3766	3766	1
67808	CONSTELLATION	1402	1402	1
67809	HARDLY ART	3315	3315	1
67810	Black Bough	5422	5422	1
67812	FELTE	4960	4960	1
67813	GONER	1323	1323	1
67814	TEMPORARY RESIDENCE	1570	1570	1
67815	RADICAL DOCUMENTS	5409	5409	1
67816	STROOM	5448	5448	1
67817	RADICAL DOCUMENTS	5409	5409	1
67818	DARK ENTRIES	4422	4422	1
67819	DARK ENTRIES	4422	4422	1
67821	AMBIANCES MAGNETIQUES	3174	3174	1
67822	EMPEROR JONES	600	600	1
67823	SOUNDWAY	2355	2355	1
67824	WARP	733	733	1
67825	Hybride Sentimento	5433	5433	1
67826	BA DA BING!	1110	1110	1
67827	ROOM40	4652	4652	1
67828	NORTHERN-SPY	3845	3845	1
67829	Anhedonia	5431	5431	1
67830	KARLRECORDS	4789	4789	1
67831	Knekelhuis	5423	5423	1
67832	Korea Undok Group	5424	5424	1
67833	GEOGRAPHIC NORTH	5155	5155	1
67834	CAPTURED TRACKS	3648	3648	1
67835	PIONEER WORKS	5447	5447	1
67836	WESTERN VINYL	2140	2140	1
67837	DOUBLE DOUBLE WHAMMY	5328	5328	1
67838	ROOM40	4652	4652	1
67839	WICHITA	3297	3297	1
67840	CARPARK	1692	1692	1
67841	Absolute Magnitude	5439	5439	1
67842	FATHER/DAUGHTER	3827	3827	1
67843	SUB ROSA	805	805	1
67844	Blank Forms/Empty Editions	5432	5432	1
67845	EM	3169	3169	1
67846	TONE LOG	4487	4487	1
67847	KARLRECORDS	4789	4789	1
67848	12XU	3869	3869	1
67849	LUMPY RECORDS	5023	5023	1
67850	TEMPORARY RESIDENCE	1570	1570	1
67851	Dead Gods	5437	5437	1
67852	MERGE	337	337	1
67854	LUMINELLE	5438	5438	1
67855	MATADOR	332	332	1
67856	Phantay Sound	5436	5436	1
67858	FEEDING TUBE	3800	3800	1
67859	INNOVA	153	153	1
67860	EM	3169	3169	1
67861	CONSTELLATION	1402	1402	1
67862	EDITIONS MEGO	3207	3207	1
67864	ROOM40	4652	4652	1
67865	Mondoj	5434	5434	1
67866	CARRIER	3679	3679	1
67874	PARADISE OF BACHELORS	3818	3818	1
67879	(self-released)	4459	4459	1
67880	SOUND SIGNATURE	3962	3962	1
67881	self-released	5456	5456	1
67882	CARRIER	3679	3679	1
67883	ROOM40	4652	4652	1
67884	EDITION RZ	5472	5472	1
67885	Koka Records	5421	5421	1
67887	LIGHT IN THE ATTIC	2738	2738	1
67888	(self-released)	4459	4459	1
67889	(self-released)	4459	4459	1
67890	MERGE	337	337	1
67891	(self-released)	4459	4459	1
67893	ROOM40	4652	4652	1
67894	(self-released)	4459	4459	1
67895	TRAPDOOR TAPES	5427	5427	1
67896	NEW WEST	1945	1945	1
67897	FEEDING TUBE	3800	3800	1
67899	HEC Tapes	5446	5446	1
67900	INTERNATIONAL ANTHEM RECORDING COMPANY	4917	4917	1
67901	OLINDO	5470	5470	1
67903	Astral Spirits	5457	5457	1
67904	SHELTER PRESS	5468	5468	1
67905	(self-released)	4459	4459	1
67906	CASCINE	5459	5459	1
67907	ALAZ HOME RECORDS	5462	5462	1
67908	(self-released)	4459	4459	1
67910	Del-Uk	5477	5477	1
67911	(self-released)	4569	4569	1
67912	PAN	4042	4042	1
67913	EM	3169	3169	1
67914	(self-released)	4459	4459	1
67915	Emotional Skyscapes	5478	5478	1
67916	MUSIC FROM MEMORY	4824	4824	1
67917	(self-released)	4459	4459	1
67918	Hotel Motel Records	5479	5479	1
67919	TROPI RECORDS	5464	5464	1
67920	Z TAPES	5467	5467	1
67921	CITRUS CITY RECORDS	5463	5463	1
67922	(self-released)	4459	4459	1
67923	CAPTURED TRACKS	3648	3648	1
67924	CASCINE	5459	5459,5465	2
67926	12XU	3869	3869	1
67927	THROAT CULTURE	5469	5469	1
67929	LES DISQUES DE LA BRETAGNE	5440	5440	1
67930	SUBLIME FREQUENCIES	2590	2590	1
67931	COMMUNION	478	478	1
67932	(self-released)	4459	4459	1
67934	ROOM40	4652	4652	1
67935	GRAPEFRUIT	5101	5101	1
67936	JAGJAGUWAR	1217	1217	1
67937	RAMP LOCAL	5471	5471	1
67938	(self-released)	4459	4459	1
67941	Past Now Tomorrow	5480	5480	1
67942	DEAD OCEANS	3326	3326	1
67943	(self-released)	4559	4559	1
67945	Nude Club	5481	5481	1
67946	FEEDING TUBE	3800	3800	1
67947	KANINE RECORDS	5476	5476	1
67948	CELEBRATION RECORDS	5486	5486	1
67949	TEST PATTERN RECORDS	5484	5484	2
67950	FINDERS KEEPERS	2878	2878	1
67951	Humanhood Recordings	5482	5482	1
67953	(self-released)	4375	4375	1
67955	(self-released)	4564	4564	1
67956	Devine	5351	5351	1
67958	(self-released)	4459	4459	1
67959	Boogie Angst	5453	5453	1
67960	AWESOME TAPES FROM AFRICA	3998	3998	1
67961	ANALOG AFRICA	3436	3436	1
67962	HIVE MIND	5344	5344	1
67964	(self-released)	4564	4564	1
67965	130701	5452	5452	1
67966	Senko Issha	5483	5483	1
67967	Valley of Search	5454	5454	1
67968	(self-released)	4507	4507	1
67969	Cree Records	5455	5455	1
67970	Young Tide Records	5451	5451	1
67971	(self-released)	4459	4459	1
67973	FLINGCO SOUND SYSTEM	3744	3744	1
67978	GLITTERBEAT	4367	4367	1
67979	RELATIVE PITCH	4060	4060	1
67980	1703 SKIVBOLAGET/IDEELL EDITION	5490	5490	1
67982	FEEDING TUBE	3800	3800	1
67983	FOOM	4738	4738	1
67984	LITTLE AXE	4665	4665	1
67985	HYPERDUB	3233	3233	2
67986	KVITNU	4672	4672	1
67988	EMOTIONAL RESCUE	4795	4795	1
67989	ANTI-	3004	3004	1
67990	NORTHERN-SPY	3845	3845	1
67991	DAUW	5488	5488	1
67992	MERGE	337	337	1
67993	Astral Spirits	5457	5457	1
67994	ZZK RECORDS	5498	5498	1
67995	AYUI/TACUABE	5461	5461	1
67996	(self-released)	4459	4459	1
67997	TRANSGRESSIVE RECORDS	5466	5466	1
67998	(self-released)	4459	4459	1
67999	Astral Spirits	5457	5457	1
68000	MUNSTER	2002	2002	1
68001	ROOM40	4652	4652	1
68002	(self-released)	4459	4459	1
68003	HALCYON VEIL	5370	5370	1
68005	SILKEN TOFU	5491	5491	1
68007	Nevado	5487	5487	1
68008	(self-released)	4564	4564	1
68009	North Knox Records	5442	5442	1
68010	LOVELY MUSIC	381	381	1
68012	EDITIONS MEGO	3207	3207	1
68013	LOWER FLOOR MUSIC	5288	5288	1
68014	ROOM40	4652	4652	1
68015	NEW WORLD	351	351	1
68016	JAGJAGUWAR	1217	1217	1
68017	UNROCK	4653	4653	1
68019	BEACON SOUND	5495	5495	1
68020	SOUND MIRACLE	5493	5493	1
68021	BA DA BING!	1110	1110	1
68022	WALLFLOWER RECORDS	5475	5475	1
68023	MANA	5492	5492	1
68024	ZUCKERMAN MUSEUM OF ART	5494	5494	1
68025	Sinderlyn	5443	5443	1
68026	THRILL JOCKEY	266	266	1
68027	WARP	733	733	1
68028	MEXICAN SUMMER	3670	3670	1
68029	OTHER/OTHER	5497	5497	1
68031	LISBON LUX	5485	5485	1
68032	SMALLTOWN SUPERSOUND	2244	2244	1
68035	STROOM	5448	5448	1
68036	KOMPAKT	2306	2306	1
68037	STROOM	5448	5448	1
68038	TOUCHING BASS	5523	5523	1
68039	NINJA TUNE	700	700	1
68040	CONSPIRACY INTERNATIONAL	4736	4736	1
68041	ROOM40	4652	4652	1
68042	STORUNG	5501	5501	1
68043	BRASSLAND	2557	2557	1
68045	(self-released)	4559	4559	1
68046	PAN	4042	4042	1
68047	AGAINST FASCISM TRAX	5499	5499	1
68048	METROPLEX	4749	4749	1
68049	DOWNWARDS	5024	5024	1
68050	BEDOUIN	5156	5156	1
68052	PADRE HIMALAYA	5503	5503	1
68053	DIFFERENT TRACK RECORDINGS	5500	5500	1
68054	PALILALIA	3657	3657	1
68055	POLYDOR	1284	1284	1
68057	TENDER LOVING EMPIRE	3450	3450	2
68058	TENDER LOVING EMPIRE	3450	3450	1
68059	AWESOME TAPES FROM AFRICA	3998	3998	1
68060	MORNING TRIP	5504	5504	1
68061	LATENCY	5426	5426	1
68062	SPLEENCOFFIN	3453	3453	1
68068	ROOM40	2672	2672	1
68069	(self-released)	4507	4356,4507	3
68070	LIGHT IN THE ATTIC	2738	2738	1
68071	ROOM40	2672	2672	1
68072	HASANA EDITIONS	5505	5505	2
68073	RVNG INTL.	3766	3766	1
68074	Dero Arcade	5506	5506	1
68075	L.I.E.S.	3898	3898	1
68076	RANCH JAMS	5511	5511	1
68078	AAISTA	5502	5502	1
68079	COMPOST	1345	1345	1
68080	SACRED BONES	3736	3736	1
68085	TECHNICOLOUR	4887	4887	1
68086	PNKSLM	5398	5398	1
68087	AMERICAN LAUNDROMAT	5508	5508	1
68088	MATADOR	332	332	1
68089	4AD	3778	3778	1
68091	PARADISE OF BACHELORS	3818	3818	1
68092	DOMINO	1112	1112	1
68093	Freedom to Spend	5302	5302	1
68094	GLITTERBEAT	4367	4367	1
68096	POLYVINYL	1198	1198	1
68098	Bonsound	5541	5541	1
68099	Sinderlyn	5443	5443	1
68100	HUSH HUSH	5518	5518	1
68101	HARDLY ART	3315	3315	1
68102	GEOMETRIK	5522	5522	1
68103	HYPERDUB	3233	3233	1
68104	TRESOR	2107	2107	1
68105	NEW YORK TRAX	5519	5519	1
68108	NYEGE NYEGE TAPES	5383	5383	1
68109	SAHEL SOUNDS	4785	4785	2
68110	NYEGE NYEGE TAPES	5383	5383	1
68111	EDITIONS MEGO	3207	3207	1
68112	(self-released)	4569	4569	1
68114	BUREAU-B	3529	3529	1
68115	CARPET GROUP RECORDINGS	5412	5412	1
68116	ORB TAPES	5525	5525	1
68117	UNSEEN WORLDS	3408	3408	1
68118	TERENOR	5547	5547	1
68119	3 BEADS OF SWEAT	2356	2356	1
68122	CARPARK	1692	1692	1
68123	DOMINO	1112	1112	1
68124	KRAFTJERKZ	5521	5521	1
68126	DIE ORAKEL	5509	5509	1
68127	PLANET MU	2207	2207	1
68128	OPAL TAPES	4869	4869	1
68129	WRWTFWW	5373	5373	1
68130	BLACK TRUFFLE	3639	3639	1
68131	BUH	4890	4890	1
68132	ASCETIC HOUSE	5364	5364	1
68133	100% SILK	3833	3833	1
68134	DOWN LOW	1874	1874	1
68135	SISTRUM	5119	5119	1
68137	CEPHIA'S TREAT	3341	3341	1
68138	BUREAU-B	3529	3529	1
68150	FAITICHE	3926	3926	1
68151	THREE LOBED	4607	4607	1
68152	WESTERN VINYL	2140	2140	1
68154	DIAGONAL RECORDINGS	4735	4735	1
68155	WARP	733	733	1
68159	RVNG INTL.	3766	3766	1
68160	TEMPORARY RESIDENCE	1570	1570	1
68161	ORMOLYCKA	5533	5533	1
68162	BFE	5534	5534	1
68163	ALTER	4315	4315	1
68164	BFE	5534	5534	1
68165	BLUEBERRY RECORDS	5520	5520	1
68166	Carrying Colour	5530	5530	1
68167	ECSTATIC	4778	4778	1
68168	ABSTRACT ARCHITECTURE	4815	4815	1
68169	RVNG INTL.	3766	3766	1
68170	RVNG INTL.	3766	3766	1
68171	BLUE NOTE	462	462	1
68172	SONIC PIECES	4025	4025	1
68173	RAINY DAYS	5538	5538	1
68174	CLEAN FEED	3374	3374	1
68175	TIP TOP	5537	5537	1
68176	DAMNABLY	5536	5536	1
68178	KINGSTON SOUNDS	4743	4743	1
68182	MONKEYTOWN	4049	4049	1
68183	NORTHERN-SPY	3845	3845	1
68184	DFA	2151	2151	2
68185	4AD	3778	3778	2
68186	4AD	3778	3778	1
68188	DIAGONAL RECORDINGS	4735	4735	1
68189	BEATS IN SPACE RECORDS	4401	4401	1
68190	C MINUS	5527	5527	1
68191	NIGHT SCHOOL	5391	5391	1
68192	NYEGE NYEGE TAPES	5383	5383	1
68193	SOPHOMORE LOUNGE	3839	3839	1
68194	WEWANTSOUNDS	5529	5529	1
68195	RUSH HOUR	3863	3863	1
68198	(self-released)	4459	4459	1
68199	ORANGE MILK	5090	5090	1
68201	QUIET TIME	5526	5526	1
68202	DEAD OCEANS	3326	3326	1
68203	4 AD	104	104	1
68204	IZNIZ RECORDINGS	5473	5473	1
68205	FINDERS KEEPERS	2878	2878	1
68207	WINSPEAR	5546	5546	1
68208	NIGHT SCHOOL	5391	5391	2
68209	LA VIDA ES UN MUS	3937	3937	2
68210	(self-released)	4459	4459	1
68212	MEDICAL	3828	3828	1
68213	MEDICAL	3828	3828	1
68214	BLACK SWEAT	4585	4585	1
68215	BFE	5534	5534	1
68216	EFFICIENT SPACE	5124	5124	1
68217	100% SILK	3833	3833	1
68218	WRWTFWW	5373	5373	1
68219	HALLOW GROUND	5554	5554	1
68221	SUPERIOR VIADUCT	4099	4099	1
68224	WATER WING	4029	4029	1
68237	TROUBLE IN MIND	4104	4104	2
68238	STONE'S THROW	1153	1153	1
68239	Aumega Project	5549	5549	1
68240	Abyss	5548	5548	1
68241	self-released	853	853	1
68242	NINJA TUNE	700	700	1
68243	HONEST JON'S	2274	2274	1
68244	KIT	5151	5151	1
68245	NYEGE NYEGE TAPES	5383	5383	1
68247	(self-released)	4356	4356	1
68249	BPITCH CONTROL	5577	5577	1
68250	INNOVA	153	153	1
68251	577 Records	5568	5568	1
68252	FANTOME PHONOGRAPHIQUE	5535	5535	1
68253	DIAGONAL RECORDINGS	4735	4735	1
68254	WHITIES	5531	5531	1
68255	Dome	5564	5564	1
68256	STONE'S THROW	1153	1153	1
68257	CRAMMED DISCS	3789	3789	1
68258	NOISE MANIFESTO	5578	5578	1
68259	PRINCIPE	5403	5403	1
68261	CRAMMED DISCS	3789	3789	1
68262	KARLRECORDS	4789	4789	1
68263	KARLRECORDS	4789	4789	1
68266	MEXICAN SUMMER	3670	3670	1
68267	CORPUS	5557	5557	1
68268	PARTISAN	3553	3553	1
68269	WHITIES	5531	5531	1
68270	ENMOSSED	5579	5579	1
68272	4AD	3778	3778	1
68273	DEAD OCEANS	3326	3326	1
68274	BIG CROWN	5020	5020	1
68275	DESKPOP	5561	5561	1
68276	LEAVING	4796	4796	1
68277	INNOVA	153	153	1
68278	INNOVA	153	153	1
68279	INNOVA	153	153	1
68281	JAGJAGUWAR	1217	1217	2
68282	Jagjaguwar	5571	5571	1
68283	Dog Show Records	5555	5555	1
68284	Sweat Equity	5556	5556	1
68289	BLACK TRUFFLE	3639	3639	1
68290	UTOPIA	5558	5558	1
68292	FEEDING TUBE	3800	3800	1
68293	CORTIZONA	5560	5560	1
68294	DISCREPANT	4339	4339	2
68295	ARC LIGHT EDITIONS	5559	5559	1
68296	Feeltrip Records	5563	5563	1
68297	HIVE MIND	5344	5344	1
68298	Dirty Hit	5562	5562	1
68306	GLITTERBEAT	4367	4367	1
68315	L.A. CLUB RESOURCE	4632	4632	1
68316	SECOND EDITIONS	5551	5551	1
68317	IMPORTANT	2457	2457	1
68318	TOUCH	4822	4822	1
68321	L.I.E.S.	3898	3898	1
68322	Chaos Music	5625	5625	1
68323	TONE GLOW	5552	5552	1
68324	DEAD OCEANS	3326	3326	1
68325	ROUGH TRADE	282	282	1
68326	WESTERN VINYL	2140	2140	1
68327	NIGHT SCHOOL	5391	5391	1
68328	WOODSIST/MARE	5616	5616	1
68329	Tochnit Aleph	5570	5570	1
68333	S/R	5569	5569	1
68334	AKUPHONE	5049	5049	1
68335	SAHEL SOUNDS	4785	4785	1
68336	CAPTURED TRACKS	3648	3648	1
68337	PS FAIRY/VOICEKWON MUSIC	5544	5544	1
68338	(self-released)	4507	4507	1
68339	ACCIDENTAL POPSTAR	5567	5567	1
68340	CAPTURED TRACKS	3648	3648	1
68341	BA DA BING!	1110	1110	1
68342	SCHEMATIC/ASPHODEL	1731	1731	1
68343	GHETTO HOUSE BANGAZ INC.	5593	5593	1
68344	Kemet Records	5592	5592	1
68345	West End	5573	5573	1
68346	Loma Vista Recordings	5574	5574	1
68347	Backwoodz Studio	5572	5572	1
68348	BLANK FORMS EDITIONS	5550	5550	1
68349	ART YARD	3168	3168	1
68350	Black Truffle	5582	5582	1
68351	UKNOWY	5581	5581	1
68352	2MR	5347	5347	1
68354	Self-released	5594	5594	1
68355	POKER FLAT RECORDINGS	5532	5532	1
68356	Bruit Direct Disques	5595	5595	1
68357	Black Flags Over Brooklyn	5647	5647	1
68359	MODULAR/LONDON-SIRE	2101	2101	1
68389	Seance Centre	5583	5583	1
68390	Ideal Recordings	5584	5584	1
68391	XPQ?	5575	5575	1
68392	Sweat Records	5588	5588	1
68393	FANTOME PHONOGRAPHIQUE	5535	5535	1
68394	Wewantsounds	5586	5586	1
68395	Karlrecords	5605	5605	1
68396	Smalltown Supersound	5585	5585	1
68397	atavisme	5602	5602	1
68398	PARALAXE EDITIONS	5123	5123	1
68399	The Bunker New York	5604	5604	1
68400	Disk	5587	5587	1
68401	Live From Earth Klub	5603	5603	1
68402	CLIVAGE	5553	5553	1
68403	Axis Records	5566	5566	1
68404	AGAINST FASCISM TRAX	5499	5499	1
68405	One Little Indian	5648	5648	1
68406	NORTHERN-SPY	3845	3845	1
68407	Hospital Productions	5652	5652	1
68408	CAPTURED TRACKS	3648	3648	1
68409	Secretly Canadian	5650	5650	1
68410	Sic Records	5611	5611	1
68411	Self-released	5609	5609	1
68412	Beggars Banquet	5662	5662	1
68430	LOGIC	595	595	1
68431	EM	3169	3169	1
68432	self-released	853	853	1
68433	(self-released)	4459	4459	1
68454	UNITED DIRTIER	5054	5054	1
68456	MERGE	337	337	1
68464	Wilsun's Recording Studio	5617	5617	1
68465	NNA Tapes	5618	5618	1
68466	Castle-Face Records	5619	5619	1
68467	Wichita Recordings	5643	5643	1
68468	BACKWARDS	4377	4377	1
68469	Sara Laughs Records	5641	5641	1
68470	Trouble In Mind	5642	5642	1
68471	self-released	5649	5649	1
68472	TZADIK	139	139	1
68473	Thrill Jockey	5599	5599,5601	2
68474	SAHEL SOUNDS / BOOMARM NATION	4936	4936	1
68475	SAHEL SOUNDS	4785	4785,5598	3
68476	Thin Wrist Recordings	5597	5597	1
68477	Aukphone	5630	5630	1
68479	SUPERIOR VIADUCT	4099	4099	1
68480	STRUT	1941	1941	1
68483	NNA TAPES	4809	4809	1
68484	Tropical Fuck Storm Records	5675	5675	1
68485	Left Ear Records	5628	5628	1
68486	Light in the Attic	5626	5626	1
68487	WRWTFWW	5600	5600	1
68488	Wewantsounds	5627	5627	1
68489	The Trilogy Tapes	5685	5685	1
68490	RECITAL	4396	4396	1
68491	KARLRECORDS	4789	4789	1
68492	Apocalipsis	5631	5631	1
68493	BLUEBERRY RECORDS	5520	5520	1
68528	V/Vm Test Records	5514	5514	1
68529	SAHEL SOUNDS	4785	4785	1
68530	SUBTEXT	4464	4464	1
68535	Constellation Records	5663	5663	1
68540	MEIKAL	5539	5539	1
68541	TONE LOG	4487	4487	1
68543	SOUMA	5576	5576	1
68551	raster	5638	5638	1
68552	RUNNING BACK	5036	5036	1
68553	Profound Lore	5725	5725	1
68554	Sorry State Records	5714	5714	1
68556	Requiem Pour Un Twister	5760	5760	1
68558	tak:til	5606	5606	1
68559	Unblinking Ear Records	5644	5644	1
68560	Geometrik Records	5608	5608	1
68561	AllChival	5607	5607	1
68562	Northern Spy	5645	5645	1
68564	Get Better Records	5636	5636	1
68565	Bella Union	5637	5637	1
68566	Young Turks	5777	5777	1
68569	CONSTELLATION	1402	1402	1
68571	DOMINO	1112	1112	1
68572	Concord Jazz	5646	5646	1
68573	FXHE	5064	5064	2
68576	NO QUARTER	2135	2135	1
68578	Musique Pour La Danse	5634	5634	1
68579	Dark Entries	5688	5688	1
68580	Static Shock	5677	5677	1
68581	Efficient Space	5691	5691	1
68582	Flexout Audio	5632	5632	1
68583	Pacific Rhythm	5692	5692	1
68584	Ljudverket	5678	5678	1
68587	The Bunker New York	5633	5633	1
68588	Tender Loving Music	5621	5621	1
68589	Taklife	5613	5613	1
68590	Polyvinyl	5624	5624	1
68591	Fader Label	5623	5623	1
68592	Suicide Squeeze	5635	5635	1
68593	Acid Waxa	5615	5615	1
68594	Iwafune Records	5612	5612	1
68595	Self-released	5614	5614	1
68605	Matador	5670	5670	1
68606	Polyvinyl + Double Double Whammy	5660	5660	1
68607	Danse Noire	5719	5719	1
68608	The Death of Rave	5667	5667	1
68609	Studio Barnhus	5676	5676	1
68610	NASHAZPHONE	5723	5723	1
68611	Fit Sound	5690	5690	1
68612	KARAOKE KALK	2734	2734	1
68615	Shelter Press	5665	5665	1
68616	Constellation Records	5620	5620	1
68617	XL	1833	1833	1
68618	Joyful Noise Recordings	5669	5669	1
68619	Western Vinyl	5590	5590	1
68620	Whatever's Clever	5671	5671	1
68621	4AD	5668	5668	1
68630	On-U Sound	5681	5681	1
68631	Alternative Fox	5732	5732	1
68632	L.I.E.S.	5680	5680	1
68633	Dark Entries	5679	5679	1
68634	12XU	5700	5700	1
68635	MUSIQUE PLASTIQUE	5741	5741	1
68636	12XU	5699	5699	1
68637	Self Released	5622	5622	1
68638	PLZ Make It Ruins	5729	5729	1
68639	Planet Mu	5666	5666	1
68641	Self-released	5701	5701	1
68642	Matador	5655	5655	1
68643	Dangerbird	5653	5653	1
68644	Trouble In Mind	5654	5654	1
68647	Hardly Art	5659	5659	1
68648	Danger Collective	5658	5658	1
68649	Double Double Whammy	5656	5656	1
68650	Park The Van	5657	5657	1
68651	Kallista Records	5696	5696	1
68652	Not Another World	5698	5698	1
68653	Polyvinyl	5702	5702	1
68654	Dead Oceans	5591	5591	1
68655	Luminelle Recordings	5704	5704	1
68656	Saddle Creek	5589	5589	1
68657	New West	5705	5705	1
68658	Rough Trade	5703	5703	1
68660	Haista	5728	5728	1
68661	L.I.E.S.	5711	5711,5726	2
68662	Warp	5709	5709,5727	2
68665	Cascine	5674	5674	1
68666	AWAL Recordings	5673	5673	1
68667	Numero Group	5736	5736	1
68668	The Numero Company	5710	5710	1
68669	Habibi Funk	5683	5683	1
68670	Wackie's	5731	5731	1
68671	Roots Vibration	5707	5707	1
68672	Transmat	5689	5689	1
68678	Mexican Summer	5694	5694	1
68679	Guruguru Brain	5693	5693	1
68680	Light in the Attic	5682	5682	1
68691	GRAND JURY	4970	4970	1
68697	Neotantra	5754	5754	1
68698	dBpm	5740	5740	1
68699	Modular Recordings/Island Records Australia	5778	5778	1
68700	Loma Vista Recordings	5813	5813	1
68701	TENDER LOVING EMPIRE	3450	3450	1
68702	12th Isle	5756	5756	1
68703	Audika	5774	5774	1
68704	Bayonet Records	5802	5802	1
68705	Strut	5767	5767	1
68709	Dekmantel	5769	5769	1
68710	Paradise Of Bachelors	5761	5761	1
68711	4AD	3778	3778	1
68712	Static Shock	5763	5763	1
68713	Mutually Detrimental	5801	5801	1
68714	International Anthem	5781	5781	1
68716	Dead Oceans	5785	5785	1
68717	Luaka Bop	5768	5768	1
68718	4AD	5798	5798	1
68719	Domino	5799	5799	1
68720	Sacred Bones Records	5748	5748	1
68721	Houndstooth	5775	5775	1
68722	100% Silk	5791	5791	1
68724	Night School	5809	5809	1
68725	XL	1833	1833	1
68726	Blue Note	5815	5815	1
68727	4AD	3778	3778	1
68728	Pacific Rhythm	5776	5776	1
68729	Instruments of Discipline	5790	5790	1
68730	Soothsayer	5749	5749	1
68731	self-released	5772	5772	1
68732	Interdimensional Transmissions	5794	5794	1
68733	LoftSong Records	5812	5812	1
68734	TRIP	5755	5755	1
68735	Orange Milk Records	5764	5764	1
68736	Planet Mu	5820	5820	1
68737	PAN	5771	5771	1
68738	Feeding Tube Records	5759	5759	1
68739	BMG	5803	5803	1
68741	Les Disques Bongo Joe	5821	5821	1
68742	Nyege Nyege Tapes	5792	5792	1
68743	Cosmic Compositions	5787	5787	1
68744	Northern Spy	5758	5758	1
68745	Carpark Records	5795	5795	1
68746	Loma Vista Recordings	5800	5800	1
68747	Myor	5817	5817	1
68748	AJJ Unlimited LTD	5779	5779	1
68749	Honeymoon	5716	5716,5737	2
68751	Dark Entries	5818	5818	1
68752	Dark Entries	5773	5773	1
68753	Morr Music	5743	5743	1
68754	Bureau B	5744	5744	1
68755	Music From Memory	5713	5713	1
68756	Numero Group	5684	5684	1
68757	Lovely Music	5745	5745	1
68758	Atomnation	5742	5742	1
68760	Spazio Disponibile	5708	5708	1
68761	The Bunker New York	5766	5766	1
68762	Stones Throw	5762	5762	1
68763	Birdwatcher Records	5797	5797	1
68764	Barsuk Records	5750	5750	1
68765	Solitaire	5784	5784	1
68766	Damnably	5805	5805	1
68767	Moon Glyph	5757	5757	1
68768	Flying Nun	5814	5814	1
68769	Detriti Records	5770	5770	1
68770	Jagjaguwar	5783	5783	1
68771	Perpetual Novice	5715	5715	1
68772	Adult Fantasy	5804	5804	1
68773	Dais	5811	5811	1
68774	Geographic	5807	5807	1
68775	Polyvinyl	5782	5782	1
68776	Merge	5796	5796	1
68777	Captured Tracks	5739	5739	1
68778	Nonesuch	5786	5786	1
68779	MAD ABOUT RECORDS	5823	5823	1
68780	Piano Piano	5780	5780	1
68781	Music From Memory	5721	5721	1
68783	Dark Entries	5816	5816	1
68784	RVNG Intl.	5819	5819	1
68785	Whities	5752	5752	1
68786	Awesome Tapes From Africa	5747	5747	1
68787	International Anthem	5751	5751	1
68788	Far Out Recordings	5720	5720	1
68789	Discotexas	5734	5734	1
68790	FPE Records	5733	5733	1
68791	Ruptured/Beacon Sound	5810	5810	1
68792	Sorry State	5746	5746	1
68793	Numero Group	5789	5789	1
68794	Tough Love	5765	5765	1
68799	POLYVINYL	1198	1198	1
68801	Domino	5806	5806	1
68802	Bark	5859	5859	1
68803	Les Disques Bongo Joe	5829	5829	1
68804	Music in Exile	5831	5831	1
68805	Sneaker Social Club	5830	5830	1
68806	La Vida En Un Mus	5828	5828	1
68807	Self-released	5832	5832	1
68808	S/R	5826	5826	1
68809	Biological	5825	5825	1
68810	Static Shock	5849	5849	1
68811	Big Doings / The Bunker New York	5836	5836	1
68812	Artoffact Records	5835	5835	1
68813	lovemonk	5844	5844	1
68814	Riding Easy Records	5847	5847	1
68815	Sonic Cathedral	5842	5842	1
68816	Dig This Way	5890	5890	1
68817	S/R	5846	5846	1
68818	Efficient Space	5839	5839	1
68820	The Reverberation Appreciation Society	5865	5865	1
68821	Puking Asian Records	5866	5866	1
68822	Critical Music	5833	5833	1
68823	S/R	5834	5834	1
68824	WRWTFWW	5837	5837	1
68825	Feeding Tube Records	5840	5840	1
68826	Artoffact	5827	5827	1
68827	DARK DESCENT	5172	5172	1
68828	L.I.E.S.	5883	5883	1
68829	Running Back	5881	5881	1
68830	Planet Mu	5868	5868	1
68831	Local Action	5880	5880	1
68832	Iron Lung	5882	5882	1
68833	Kompakt	5867	5867	1
68834	Special Forces	5850	5850	1
68835	Sophomore Lounge	5841	5841	1
68836	12XU	5845	5845	1
68838	SomeOthaShipConnect	5886	5886	1
68839	Tompkins Square	5884	5884	1
68840	Incidental Music	5862	5862	1
68841	Grande Rousse Disques	5863	5863	1
68842	Self-released	5885	5885	1
68843	Domino	5864	5864	1
68844	Self-released	5887	5887	1
68845	Musique Impossible	5888	5888	1
68846	Cabniet of Curiosities	5889	5889	1
68850	Loma Vista Recordings	5959	5959	1
68851	Lex Records	5878	5878	1
68852	Ernest Jenning record Co.	5879	5879	1
68853	U-Udios	5895	5895	1
68854	Maple Death	5910	5910	1
68855	Fire Talk	5854	5854	1
68856	kranky	5892	5892	1
68857	PTP	5911	5911	1
68858	Black Pearl	5909	5909	1
68859	Rett / Fletta	5896	5896	1
68860	Not Not Fun	5893	5893	1
68861	AD 93	5894	5894	1
68862	Dark Entries	5897	5897	1
68863	Self-released	5906	5906	1
68864	You've Changed Records	5898	5898	1
68865	Detroit Underground	5914	5914	1
68866	Principe	5915	5915	1
68868	Rat Life	5907	5907	1
68869	Anti-	5899	5899	1
68870	Self-released	5919	5919	1
68874	Matador	5848	5848	1
68875	Transgressive	5900	5900	1
68876	Jazz Is Dead	5901	5901	1
68877	Iron Lung	5924	5924	1
68878	Sferic	5918	5918	1
68879	Tompkins Square	5916	5916	1
68880	Synth-Pop	5891	5891	1
68881	Static Shock	5925	5925	1
68882	Anti-	5917	5917	1
68883	TINY ENGINES	5449	5449	1
68884	Late Music	5936	5936	1
68885	Ghostly International	5935	5935	1
68886	PAN	5931	5931	1
68887	Awesome Tapes From Africa	5940	5940	1
68888	Stones Throw	5941	5941	1
68889	Feel It Records	5934	5934	1
68890	KETHCUP AND MUSTARD INUSTRIES	5933	5933	1
68891	Altered Taped States	5939	5939	1
68892	Mule Musiq	5932	5932	1
68893	Malka Tuti	5937	5937	1
68894	Carpark Records	5869	5869,6002	2
68895	Warp Records	5853	5853	1
68896	Thriftstore Records	5945	5945	1
68897	Blue Note	5948	5948	1
68898	Clear	5913	5913	1
68899	Neon Taste	5946	5946	1
68901	Danger Collective	5851	5851	1
68903	Ranch Jams	5944	5944	1
68904	Anti	5852	5852	1
68905	Third Man	5947	5947	1
68906	American Dreams	5938	5938	1
68907	L.I.E.S.	5912	5912	1
68908	Born Bad Records	5942	5942	1
68909	Analog Africa	5943	5943	1
68910	Sophomore Lounge	5858	5858	1
68911	Forward	5860	5860	1
68912	Nyege Nyege Tapes	5954	5954	1
68913	Now-Again	5949	5949	1
68914	Acid Waxa	5952	5952	1
68915	Pacific Rhythm	5953	5953	1
68916	Pacific City Sounds	5950	5950	1
68917	naafi	5951	5951	1
68918	Self-released	5961	5961	1
68919	jagjaguwar	5875	5875	1
68921	Numero Group	5963	5963	1
68922	Dead Oceans	5876	5876	1
68923	Guerson	5965	5965	1
68924	Holy Mountain	5960	5960	1
68926	Self-released	5962	5962	1
68927	Audika	5970	5970	1
68928	Domino	5877	5877	1
68929	Telephone Explosion	5975	5975	1
68930	Nothin Personal	5974	5974	1
68931	Finders Keepers	5971	5971	1
68932	Excavations	5964	5964	1
68933	Mushroom Hour Half Hour	5972	5972	1
68934	Wichita Recordings	5870	5870	1
68935	Youngbloods	5871	5871	1
68938	Self-released	5966	5966	1
68941	SOS Music	5968	5968	1
68943	Scissor And Thread	5967	5967	1
68948	THANKS FOR ENLIGHTENING ME	5979	5979	1
68949	Dream Catalogue	5978	5978	1
68950	L.I.E.S.	5977	5977	1
68951	L.I.E.S.	5976	5976	1
68952	4AD	5873	5873	1
68953	Darker Than Wax	5955	5955	1
68954	Daily Session	5927	5927	1
68956	Self-released	5982	5982	1
68957	Sahel Sounds	5983	5983	1
68958	Secretly Canadian	5874	5874	1
68959	bie Records	5981	5981	1
68961	Double Double Whammy	5872	5872	1
68962	Northern Spy	5903	5903	1
68963	Escho	5999	5999	1
68964	Ninja Tune	6025	6025	1
68965	Geographic North	5995	5995	1
68966	Bobo Integral	5902	5902	1
68967	Ordinal	5996	5996	1
68968	Pacific Rhythm	6011	6011	1
68969	Otoruku	6000	6000	1
68970	Paradise Of Bachelors	5904	5904	1
68971	Soft Profile	5997	5997	1
68972	Discostan	5990	5990	1
68973	Alona's Dream	5998	5998	1
68974	El Palmas Music	5989	5989	1
68975	Cultures Of Soul	5988	5988	1
68978	SOLEILMOON	251	251	1
68979	Drag City	5923	5923	1
68980	Yep Roc	5920	5920,5921	2
68981	Rhythm Section	6060	6060,6061	2
68982	Joyful Noise Recordings	5922	5922	1
68987	Syndeelin	5928	5928	1
68988	Anti-Records	5929	5929	1
68989	Born Bad Records	6012	6012	1
68990	Mother Tongue	5980	5980	1
68991	Self-released	5930	5930	1
68992	kranky	6013	6013	1
68993	Happy People	5991	5991	1
68994	Dark Entries	6014	6014	1
68995	Still Music	6009	6009	1
68996	Klasse Wrecks	6010	6010	1
68997	Dark Entries	6015	6015	1
68998	The Trilogy Tapes	5993	5993	1
68999	Feel It Records	6008	6008	1
69000	ANTI FADE	6007	6007	1
69001	Spinster	5994	5994	1
69003	Castleface Records	6052	6052	1
69005	L.I.E.S.	6023	6023	1
69006	Morning Trip	6018	6018	1
69007	Love What You Feel	6019	6019	1
69008	Tompkins Square	6020	6020	1
69009	U-Udios	6022	6022	1
69010	Moon Glyph	6021	6021	1
69011	Astral Black	6024	6024	1
69015	Baroque Sunburst	6056	6056	1
69016	T4T LUV NRG	6057	6057	1
69017	ETC Records	6034	6034	1
69018	Compost Disco	6077	6077	1
69019	Tresor	6032	6032	1
69020	Axis Records	6036	6036	1
69021	In The Machine Age	6037	6037	1
69022	Fixed Grin Records	6033	6033	1
69023	FRIED Records	6035	6035	1
69030	RVNG Intl.	6028	6028	1
69032	4AD	5956	5956	1
69033	Night Bloom	5987	5987	1
69034	Teklife	6031	6031	1
69036	Abstrakce Records	6030	6030	1
69037	Moon Glyph	5986	5986	1
69038	Dead Oceans	5957	5957	1
69039	Self-released	5985	5985	1
69040	Jagjaguwar	5958	5958	1
69043	RHYMESAYERS	2102	2102	1
69064	OUTHOUSE	2361	2361	1
69065	OLD HAT	1367	1367	1
69076	Self-released	6116	6116,6117	2
69077	12XU	6003	6003	1
69078	Paradise Of Bachelors	6004	6004	1
69079	Natural	6006	6006	1
69080	Self-released	6047	6047	1
69081	Self-released	6005	6005	1
69082	Tompkins Square	6045	6045	1
69083	Sweet Wreath	6046	6046	1
69084	Doom Trip Records	6073	6073	1
69085	Superconscious Records	6075	6075	1
69089	Self-released	6016	6016	1
69090	Doghouse and Bone	6078	6078	1
69091	VHF Records	6076	6076	1
69093	Sahel Sounds	6055	6055	1
69094	Feeding Tube Records	6054	6054	1
69097	Hyperdub	6106	6106	1
69098	warp	6049	6049	1
69099	Maison Fauna	6048	6048	1
69100	Self-released	6067	6067	1
69101	Toytonics	6051	6051	1
69102	Defrostatica Records	6108	6108	1
69103	Self-released	6050	6050	1
69104	Self-released	6107	6107	1
69105	Dark Entries	6096	6096	1
69106	Efficient Space	6065	6065	1
69107	Nyege Nyege Tapes	6097	6097	1
69108	Lysergic Sound Distributions	6071	6071	1
69109	Terrestrial Funk	6064	6064	1
69111	Jazz Is Dead	6042	6042	1
69112	Transgressive	6044	6044	1
69113	Born Yesterday	6041	6041	1
69114	Dark Entries	6062	6062	1
69115	Quality Control	6072	6072	1
69116	Stroom.tv	6053	6053	1
69117	Self-released	6043	6043	1
69119	Acid Waxa	6059	6059	1
69120	SPIRIT OF ORR	520	520	1
69121	FEEDING TUBE	3800	3800	1
69122	Three Lobed	6063	6063	1
69126	Matsuli Music	6066	6066	1
69130	Running Back	6087	6087	1
69131	A Scat Records	6040	6040	1
69132	NNA Tapes	6074	6074	1
69133	Captured Tracks	6070	6070	1
69134	Saddle Creek	6111	6111	1
69135	Kompakt	6092	6092	1
69136	709 Recording Co.	6038	6038	1
69137	Darker Than Wax	6086	6086	1
69138	Empty Cellar	6058	6058	1
69139	Holiday Maker	6118	6118	1
69140	Born Bad Records	6094	6094	1
69141	Midnight Special	6039	6039	1
69142	La Loi	6112	6112	1
69143	Feeding Tube Records	6088	6088	1
69144	self-released	6137	6137,6138	2
69145	Kill Rock Stars	6069	6069	1
69146	Light In The Attic	6089	6089	1
69147	Numero Group	6090	6090	1
69148	Cultures Of Soul	6095	6095	1
69149	Les Disques Bongo Joe	6093	6093	1
69156	Self-released	6114	6114	1
69157	New Amsterdam Records	6113	6113	1
69158	4AD	6109	6109	1
69160	section1	6110	6110	1
69163	Orange Milk Records	6105	6105	1
69164	Awesome Tapes From Africa	6101	6101	1
69165	Shining Skull	6099	6099	1
69166	Discrepant	6103	6103	1
69167	Leaving Records	6100	6100	1
69168	Ilian Tapes	6104	6104	1
69169	Wackie's	6141	6141	1
69170	PPU	6139	6139,6140	2
69171	Psychic Liberation	6102	6102	1
69173	IMPORTANT	2457	2457	1
69174	IMPORTANT	2457	2457	1
69175	TIGERBEAT6	2288	2288	1
69176	Phoenix	5838	5838	1
69180	2MR	6150	6150	1
69182	Transgressive	6128	6128	1
69183	Polyvinyl	6083	6083	1
69184	4AD	6079	6079	1
69185	Dialect Recordings	6148	6148	1
69186	Running Back	6170	6170	1
69187	Young Art records	6085	6085	1
69188	Dead Oceans	6130	6130	1
69189	Born Yesterday	6081	6081	1
69190	Doghouse and Bone	6084	6084	1
69194	VHF	6209	6209	1
69195	Three Lobed Recordings	6119	6119	1
69196	Matador	6152	6152	1
69197	Sahel Sounds	6151	6151	1
69198	INNOVA	153	153	1
69199	Born Bad Records	6129	6129	1
69200	Polyvinyl	6127	6127	1
69201	Mississippi Records	6120	6120	1
69202	NNA Tapes	6122	6122	1
69203	Distant Bloom	6121	6121	1
69204	DEEP LISTENING	732	732	1
69205	PRAEMEDIA	2748	2748	1
69206	D.S. al Coda	4022	4022	1
69207	TOMLAB	2340	2340	1
69209	Fiction Records	6125	6125	1
69210	Ba Da Bing	6124	6124	1
69211	Now-Again	6126	6126	1
69212	Self-released	6123	6123	1
69217	MUSH	2028	2028	1
69218	KPM	6159	6159	1
69219	Forager Records	6158	6158	1
69221	Saddle Creek	6181	6181	1
69224	BIRDMAN	945	945	1
69228	Tresor	6167	6167	1
69229	Planet Mu	6195	6195	1
69230	Atomnation	6133	6133	1
69232	do you have peace?	6161	6161	1
69233	Anti-	6160	6160	1
69234	Nyege Nyege Tapes	6194	6194	1
69235	Love International x Test Pressing	6169	6169	1
69236	Butter Sessions	6131	6131	1
69237	Running Back	6165	6165	1
69238	Acid Test	6134	6134,6135,6136	3
69239	Step Ball Chain	6166	6166	1
69240	Ed Banger Records	6168	6168	1
69246	Soul Brother Records	6149	6149	1
69247	Analog Africa	6146	6146	1
69248	Habibi Funk	6147	6147,6153	2
69249	Naya Beat	6145	6145	1
69263	Secretly Canadian	6156	6156	1
69264	Hospital Productions	6179	6179	1
69265	Marionette	6177	6177	1
69266	2MR	6224	6224	1
69267	Dark Entries	6155	6155	1
69268	Thrill Jockey	6173	6173	1
69269	Room40	6178	6178	1
69270	Sweet Wreath	6172	6172	1
69271	RVNG Intl.	6196	6196	1
69272	Self-released	6223	6223	1
69273	Planet Mu	6164	6164	1
69274	Planet Mu	6162	6162	1
69275	Dark Entries	6163	6163	1
69276	EM Records	6180	6180	1
69277	Nation	6222	6222	1
69278	Picadilly	6157	6157	1
69279	Third Man	6143	6143	1
69280	Tompkins Square	6171	6171	1
69281	The Flenser	6197	6197	1
69282	Public Possession	6199	6199	1
69283	100% Silk	6198	6198	1
69284	Rough Trade	6154	6154	1
69287	Bokeh Visions	6212	6212	1
69288	Chrome	6213	6213	1
69291	Self-released	6225	6225	1
69292	Domino	6226	6226	1
69293	Solitaire Recordings	6175	6175	1
69295	Velvet Blue Music	6144	6144	1
69296	Late Music	6206	6206	1
69297	Feeding Tube Records	6207	6207	1
69298	jazz re:freshed	6205	6205	1
69299	Metron Records	6204	6204	1
69303	Sorry State	6242	6242	1
69304	Trouble In Mind Records	6243	6243	1
69306	Innovative Leisure	6253	6253	1
69307	Piano Piano	6254	6254	1
69308	Kalita Records	6200	6200	1
69309	Matsuli Music	6201	6201	1
69310	Numero Group	6203	6203	1
69311	Vampisoul	6202	6202	1
69312	Brainfeeder	6183	6183	1
69313	Age 101	6182	6182	1
69314	Pepite	6261	6261	1
69315	Scuffed Recordings	6221	6221	1
69316	GASH COLLECTIVE	6216	6216	1
69321	Aguirre Records	6217	6217	1
69322	OUTLIER	6184	6184	1
69323	Soul Jazz	6191	6191	1
69324	Backwards	6219	6219	1
69325	LAST VISIBLE DOG	2808	2808	1
69326	Tone Log	5861	5861	1
69327	Stroom.tv	6220	6220	1
69328	Matador	6185	6185	1
69329	Partisan Records	6192	6192	1
69330	Fire Records	6189	6189	1
69331	Park The Van	6188	6188	1
69332	Return To Analog	6190	6190	1
69336	Polar	6228	6228	1
69337	XL Recordings	6230	6230	1
69338	Les Disques Bongo Joe	6229	6229	1
69339	Trouble In Mind Records	6227	6227	1
69340	Bureau B	6346	6346,6347,6348	3
69343	Tresor	6215	6215	1
69344	Now-Again	6240	6240	1
69345	Boomerang Records	6241	6241	1
69346	Blue Note	6260	6260	1
69347	No Quarter	6257	6257	1
69348	Dead Oceans	6284	6284	1
69349	Awesome Tapes From Africa	6255	6255	1
69350	Glitterbeat Records	6256	6256	1
69351	EAT DIS	6262	6262	1
69352	Firehouse	6239	6239	1
69353	Jazzman Records	6283	6283	1
69355	Sacred Bones Records	6238	6238	1
69356	T4T LUV NRG	6263	6263	1
69357	Greco-Roman	6264	6264	1
69359	Matador	6236	6236	1
69360	Morning Trip/Yoga Records	6247	6247	1
69361	Principe	6266	6266	1
69362	Ninja Tune	6234	6234	1
69363	Bureau B	6244	6244	1
69364	RVNG Intl.	6245	6245	1
69365	Captured Tracks	6232	6232	1
69366	Dynastic Yellow Star Label	6237	6237	1
69367	Numero Group	6231	6231	1
69368	Incienso	6265	6265	1
69369	Self-released	6233	6233	1
69374	Q DIVISION	2191	2191	1
69376	Dark Entries	6270	6270	1
69377	Death and Leisure	6269	6269	1
69378	Metron Records	6268	6268	1
69379	Slow Editions	6267	6267	1
69380	Thrill Jockey	6288	6288	1
69381	Three Lobed Recordings	6287	6287	1
69382	International Anthem	6291	6291	1
69383	Running Back	6289	6289,6290	2
69388	Constellation Records	6285	6285	1
69389	Morph Tracks	6294	6294	1
69392	Poison Moon	6296	6296	1
69393	Phosphonic	6286	6286	1
69395	Hardly Art Records	6251	6251	1
69396	Slumberland	6249	6249	1
69397	sing a song fighter	6250	6250	1
69398	Mexican Summer	6248	6248	1
69403	Analog Africa	6272	6272	1
69405	Boxout.fm	6274	6274	1
69406	Psychic Liberation	6271	6271	1
69415	DOMINO	1112	1112	1
69416	Lobster Theremin	6292	6292	1
69417	Lobster Theremin	6293	6293	1
69418	RVNG Intl.	6281	6281	1
69419	Night School	6279	6279	1
69420	Kalahari Oyster Cult	6280	6280	1
69421	Stroom.tv	6282	6282	1
69424	Rush Hour Music	6277	6277	1
69425	L.A. Club Resource	6275	6275	1
69426	Telephone Explosion	6276	6276	1
69427	L.I.E.S.	6278	6278	1
69436	Numero Group	6297	6297	1
69437	RidingEasy Records	6298	6298	1
69438	Domino	6300	6300	1
69439	You've Changed Records	6302	6302	1
69440	Shovel and A Spade Records	6301	6301	1
69441	Dais Records	6303	6303	1
69442	Mapache Records	6304	6304	1
69443	Run For Cover Records	6299	6299	1
69451	Roachleg records/D4MT Labs INC	6309	6309	1
69452	Toxic State	6310	6310	1
69453	Dark Entries	6214	6214	1
69454	Don Giovanni	6316	6316	1
69455	Permanent Vacation	6360	6360	1
69456	Kompakt	6361	6361	1
69459	Hot Releases	6312	6312	1
69461	Hot Releases	6311	6311	1
69464	Hot Releases	6314	6314	1
69465	Hot Releases	6313	6313	1
69466	Self-released	6362	6362	1
69467	Transgressive	6308	6308	1
69468	Egghunt Records	6305	6305	1
69469	Slumberland	6307	6307	1
69470	Birs Recordings	6306	6306	1
69477	La Bonne Musique	6358	6358	1
69478	Planet Mu	6359	6359	1
69480	La Vida Es Un Mus	6317	6317	1
69481	Static Shock	6318	6318	1
69489	No Quarter	6349	6349	1
69490	Mental Groove Records / Musique Pour La Danse	6330	6330	1
69491	RVNG Intl.	6366	6366	1
69492	International Feel	6334	6334	1
69493	Strangelove	6319	6319	1
69494	Numero Group	6350	6350	1
69495	Castle Face Records	6320	6320	1
69496	Numero Group	6332	6332	1
69504	CAPITOL	494	494	1
69509	Sub Pop	6324	6324	1
69510	4AD	6340	6340	1
69511	Mexican Summer	6326	6326	1
69512	Fat Possum	6342	6342,6343	2
69513	Self-released	6328	6328	1
69514	Paradise Of Bachelors	6325	6325	1
69515	Because Music Ltd.	6323	6323	1
69516	Glitterbeat Records	6336	6336	1
69518	Slumberland	6338	6338	1
69519	Sahel Sounds	6339	6339	1
69520	PRAH Recordings	6337	6337	1
69521	Standard Deviation	6335	6335	1
69522	Slumberland	6329	6329	1
69523	hfn music	6341	6341	1
69524	Freedom To Spend	6333	6333	1
69525	Sony	6331	6331	1
69531	4AD	3778	3778	1
69532	Studio Barnhus	6363	6363	1
69535	Matador	6327	6327	1
69536	The Trilogy Tapes	6365	6365	1
69537	Karaoke Kalk	6364	6364	1
69538	CUNEIFORM	437	437	1
69556	Nude Club	6321	6321	1
69557	Newhere Music	6322	6322	1
69562	Sound Signature	6344	6344	1
69563	Tresor	6167	6167	1
69564	L.I.E.S.	3898	3898	1
69567	Merge Records	6373	6373	1
69568	Light In The Attic	6345	6345	1
69569	Promised Land	6374	6374	1
69570	Tresor	6167	6167	1
69571	La Parca	6385	6385	1
69572	This is Meru	6372	6372	1
69573	ATO Records	6371	6371	1
69579	UMOR REX	4803	4803	1
69580	The North Quarter	6354	6354	1
69581	Black Pearl	5909	5909	1
69582	Running Back	6170	6170	1
69587	Awesome Tapes From Africa	6355	6355	1
69592	Ninja Tune	6376	6376	1
69593	Run For Cover Records	6378	6378	1
69594	RVNG Intl.	6377	6377	1
69599	Morning Trip	6368	6368	1
69600	Vampisoul	6370	6370	1
69601	Analog Africa	6369	6369	1
69602	Bayonet Records	6375	6375	1
69603	Morning Trip	6367	6367	1
69612	Lightship Records	6389	6389	1
69613	WEWANTSOUNDS	6351	6351	1
69615	Speedy Wunderground	6388	6388	1
69616	RUN FOR COVER	4346	4346	1
69622	Unseen Worlds	6381	6381	1
69623	Boomkat Editions	6382	6382	1
69624	Discret	6380	6380	1
69625	Self-released	6379	6379	1
69626	IOT Records	6395	6395	1
69630	Daughters of Cain	6393	6393	1
69631	Jagjaguwar	5783	5783	1
69632	SECRETLY CANADIAN	670	670	1
69636	4 AD	104	104	1
69637	NO QUARTER	2135	2135	1
69638	SOPHOMORE LOUNGE	3839	3839	1
69645	Hyperdub	6352	6352	1
69646	Incienso	6353	6353	1
69647	METAL BLADE	2253	2253	1
69648	Silverdoor	6384	6384	1
69650	Subliminal Sounds	6390	6390	1
69651	NOW AGAIN	3620	3620	1
69659	Jagjaguwar	6402	6402	1
69660	Sub Pop	6324	6324	1
69661	Double Double Whammy	6401	6401	1
69662	True Panther Sounds	6403	6403	1
69664	AD 93	6400	6400	1
69680	Polyvinyl	6425	6425	1
69681	XL Recordings	6424	6424	1
69682	Fat Possum	6426	6426	1
69683	Domino	6423	6423	1
69684	Partisan	6422	6422	1
69685	Secretly Canadian	5874	5874	1
69686	Numero Group	6297	6297	1
69687	SAHEL SOUNDS	4785	4785	1
69688	STONE'S THROW	1153	1153	1
69689	Triple B Records	6391	6391	1
69690	Matador	6236	6236	1
69691	Les Disques Bongo Joe	5829	5829	1
69692	Awesome Tapes From Africa	5747	5747	1
69704	Sony Music México	6525	6525	1
69711	Matador	6428	6428	1
69712	Self-released	6429	6429	1
69713	Orange Milk Records	6427	6427	1
69714	Xquisite Releases	6430	6430	1
69718	Through The Soil	6397	6397	1
69719	Anthology Recordings	6396	6396	1
69720	Spiritual Helpline/Warhen	6398	6398	1
69721	Forager Records	6399	6399	1
69722	Kranky	6409	6409	1
69723	American Dreams	6410	6410	1
69724	7K!	6411	6411	1
69725	International Anthem	6408	6408	1
69726	Devour	6383	6383	1
69727	Damnably	5805	5805	1
69728	UPSET THE RHYTHM	3443	3443	1
69744	XL Recordings	5808	5808	1
69751	XL Recordings	6404	6404	1
69752	WOLF Music	6405	6405	1
69753	Self-released	6406	6406	1
69754	Maison Fauna	6444	6444	1
69770	Rough Trade	6433	6433	1
69771	The Flenser	6432	6432	1
69773	Hot Releases	6387	6387	1
69774	New Body	6386	6386	1
69775	Numero Group	6431	6431	1
69777	Club Paradiso	6416	6416	1
69778	Spirit Level	6417	6417	1
69779	The Flenser	6434	6434	1
69782	Merge Records	6421	6421	1
69783	Light In The Attic	6418	6418	1
69784	WEWANTSOUNDS	6419	6419	1
69786	Rhythm Section International	6442	6442	1
69787	Partisan Records	6468	6468	1
69788	Born Yesterday Records	6441	6441	1
69789	Joyface	6466	6466	1
69790	Mainframe Audio	6443	6443	1
69792	Butter Sessions	6131	6131	1
69793	Mr. Bongo	6420	6420	1
69794	Double Double Whammy	6445	6445	1
69795	Atlantic	6446	6446	1
69796	Drag City	6447	6447	1
69807	12XU	5697	5697	1
69811	Nonesuch	5284	5284	1
69817	HUSH	1842	1842	1
69818	Thrill Jockey	6412	6412	1
69819	Three Lobed Recordings	6413	6413	1
69820	10K Projects/Capitol Records	6549	6549	1
69821	Orange Milk Records	6450	6450	1
69822	Self-released	6452	6452	1
69823	Angel Matrix	6449	6449	1
69824	Rhythm Section International	6455	6455	1
69833	Hot Releases	6453	6453	1
69834	Freedom To Spend	6435	6435	1
69835	ATO Records	6436	6436	1
69836	Blue Note	6437	6437	1
69837	Cuneiform Records	6438	6438	1
69838	Dismiss Yourself	6451	6451	1
69839	Run For Cover Records	6459	6459	1
69840	Loma Vista Recordings	6461	6461	1
69841	Sub Pop	6458	6458	1
69842	Mom+Pop	6460	6460	1
69849	LEX	2213	2213	1
69854	AWAL Recordings	6471	6471	1
69855	Polyvinyl	6473	6473	1
69856	Sub Pop	6472	6472	1
69858	Speakeasy Studios SF	6474	6474	1
69859	Nimusic	6479	6479	1
69863	Presidente	6394	6394	1
69864	Sophomore Lounge	5841	5841	1
69865	FXHE	6456	6456	1
69866	Kompakt	6483	6483	1
69867	Captured Tracks	6457	6457	1
69868	Warp Records/Duophonic Super 45s	6481	6481	1
69878	Analog Africa	6463	6463	1
69879	Dais Records	6484	6484	1
69880	Self-released	6439	6439	1
69881	Sounds and Colors	6476	6476	1
69883	Hamseen Sounds	6478	6478	1
69884	Rough Trade	6482	6482	1
69885	Buh Records	6477	6477	1
69886	Discrepant	6475	6475	1
69887	We Jazz Records	6462	6462	1
69888	Third Man Records	6464	6464	1
69889	International Anthem	6465	6465	1
69894	Bureau B	6469	6469	1
69896	Mike Langlie	6494	6494	1
69897	Explicit Furs	6550	6550	1
69898	Stroom.tv	6470	6470	1
69899	Papaya Records Detroit	6503	6503	1
69904	Worried Songs	6491	6491	1
69905	Basin Rock	6490	6490	1
69906	Scissor Tail Records	6492	6492,6493	2
69907	Jalopy Records	6489	6489	1
69908	CONCORD	3213	3213	1
69909	HAKUNA KULALA	6496	6496	1
69910	Ninja Tune	6509	6509	1
69912	Camisole	6508	6508	1
69913	Feel It Records	6511	6511	1
69914	Future Corridor	6497	6497	1
69924	Atlantic	6486	6486	1
69925	Little Jerk	6488	6488	1
69926	Forget The Clock	6601	6601	1
69934	American Dreams	6485	6485	1
69942	Sub Pop	6498	6498	1
69950	MEXICAN SUMMER	3670	3670	1
69965	Domino	6522	6522	1
69966	RVNG Intl.	6528	6528	1
69967	Sleepy Cat Records	6512	6512	1
69968	Smithsonian Folkways	6514	6514	1
69969	Smithsonian Folkways	6515	6515	1
69970	International Anthem/Nonesuch	6530	6530	1
69971	Joyful Noise	6500	6500	1
69973	S/R	6521	6521	1
69975	Unheard of Hope	6526	6526	1
69976	UNO NYC	6527	6527	1
69977	Blue Note Records	6529	6529	1
69978	MATH Interactive	6531	6531	1
69979	Self-released	6516	6516	1
69980	Carpark Records	6499	6499	1
69981	Sundazed Music	6524	6524	1
69986	Jagjaguwar	6505	6505	1
69987	Sub Pop	6507	6507	1
69988	Fierce Panda Records	6504	6504	1
69990	Polyvinyl	6506	6506	1
69991	DRIVE-IN	1403	1403	1
69992	SPINSTER	5661	5661	1
70013	MoveItraxx	6570	6570	1
70014	Night Slugs	6603	6603	1
70015	Parkwuud Entertainment	6544	6544	1
70016	Drag City	6548	6548	1
70017	Mello Music Group	6553	6553	1
70018	Ruby Yacht	6552	6552	1
70019	Music From Memory	6564	6564	1
70020	one-house	6560	6560	1
70021	P-Vine	6610	6610	1
70022	Dead Oceans	6284	6284	1
70023	Rebeleon Entertainment	6571	6571	1
70024	Jagjaguwar	6597	6597	1
70025	Drag City	6518	6518	1
70026	Ninja Tune	6025	6025	1
70027	fabric Originals	6502	6502	1
70028	fabric Originals	6576	6576	1
70029	Dark Entries	6532	6532	1
70030	Matador	6554	6554	1
70031	Longinus Recordings	6602	6602	1
70032	Merge Records	6517	6517	1
70033	Stones Throw	6585	6585	1
70034	Pay Jay Recordings	6586	6586	1
70035	Modern Tapes	6561	6561	1
70036	Anti-	6519	6519	1
70037	Full Time Hobby	6520	6520	1
70038	Circus Company	6584	6584	1
70039	Ninja Tune	6376	6376	1
70040	FXHE	6583	6583	1
70041	True Panther Sounds	6596	6596	1
70042	RVNG Intl.	6448	6448	1
70066	Anthology Recordings	6582	6582	1
70067	Polyvinyl	6127	6127	1
70068	Pingipung	6577	6577	1
70069	Trouble In Mind	5642	5642	1
70070	Mick Music	6608	6608	1
70071	Self-released	6581	6581	1
70072	Feeding Tube Records	6580	6580	1
70073	bie Records	5981	5981	1
70074	Topshelf Records	6556	6556	1
70075	SPINSTER	6578	6578	1
70116	Palilalia	6599	6599	1
70117	Kalista Records	6572	6572	1
70118	BMG	841	841	1
70119	Three Lobed Recordings	6598	6598	1
70120	Forever Living Originals	6551	6551	1
70121	Drag City	6567	6567	1
70122	Rotten Apple	6592	6592	1
70123	Soit Se Silti	6611	6611	1
70124	Memphis Industries	6573	6573	1
70125	Sacred Bones Records	6574	6574	1
70126	Ruptured / Beacon Sound	6575	6575	1
70127	Numero Group	6642	6642	1
70131	Don Giovanni	6590	6590	1
70149	Ted Records	6543	6543	1
70150	Warp Records	6562	6562	1
70151	Be With Records	6605	6605	1
70153	Open Mouth Records	6558	6558	1
70154	Habibi Funk	6541	6541	1
70158	IMPULSE	775	775	1
70178	Mac's Record Label	6557	6557	1
70179	Mr Bongo	6533	6533	1
70180	Les Disques Bongo Joe	6534	6534	1
70183	LIGHT IN THE ATTIC	2738	2738	1
70191	Eremite	6600	6600	1
70192	Domino	6480	6480	1
70193	self-released	6627	6627	1
70194	Mr Bongo	6595	6595	1
70206	Stroom.tv	6545	6545	1
70222	International Anthem	6731	6731	1
70232	Audika	6656	6656	1
70233	Workshop Records	6563	6563	1
70234	L.I.E.S.	6536	6536	1
70235	!K7	6535	6535	1
70238	Feeding Tube Records	6208	6208	1
70250	Touch & Go	6640	6640	1
70287	Self-released	5640	5640	1
70303	RVNG Intl.	6366	6366	1
70304	FXHE	6645	6645	1
70305	Real Gone Music	6730	6730	1
70306	Real Gone Music	6728	6728	1
70307	Terror Vision	6729	6729	1
70308	Swami	6537	6537	1
70309	Topshelf Records	6556	6556	1
70310	Numero Group	6594	6594	1
70311	self-released	6618	6618	1
70312	self-released	6137	6137	1
70313	HALLOGALLO Tapes	6609	6609	1
70314	Harriet Records	6613	6613	1
70315	self-released	6628	6628	1
70316	Emotional Response	6591	6591	1
70324	WINDIE	6587	6587	1
70325	French Kiss Records	6633	6633	1
70336	Ghostly International	6671	6671	1
70368	International Anthem	6636	6636	1
70369	Paradise of Bachelors	6706	6706	1
70370	Real Gone Music	6665	6665	1
70371	Tresor	6616	6616	1
70372	Muzikawi	6607	6607	1
70373	ever/never records	6619	6619	1
70374	Stones Throw Records	6623	6623	1
70375	Mississippi Records	6622	6622	1
70376	Saddle Creek	6676	6676	1
70377	Numero Group	6661	6661	1
70378	Plantation/Org Records	6566	6566	1
70379	K	373	373	1
70381	Kalita Records	6604	6604	1
70382	Frotee	6649	6649,6651	2
70383	Tapete Records	6654	6654	1
70385	PAW TRACKS	2496	2496	2
70388	NONESUCH	799	799	1
70440	DON GIOVANI	5147	5147	1
70443	EIGHTEENTH STREET LOUNGE MUSIC	874	874	1
70456	Karma Chief Records	6858	6858	1
70508	Palilalia	6615	6615	1
70509	Smalltown Supersound	6588	6588	1
70510	Beatdown House	6635	6635	1
70511	Matador	6695	6695	1
70512	Ninja Tune	6376	6376	1
70513	self-released	6137	6137	1
70514	self-released	6631	6631	1
70515	L.I.E.S.	6658	6658	1
70516	Planet Mu	6621	6621	1
70517	Ergot Records	6644	6644	1
70518	Shukai	6703	6703	1
70519	Company	6612	6612	1
70520	fabric originals	6634	6634	1
70521	XL	1833	1833	1
70522	S/R	6569	6569	1
70523	Numero Group	6630	6630	1
70524	Real Gone Music	6668	6668	1
70525	Convulse Records	6637	6637	1
70526	Awesome Tapes From Africa	6657	6657	1
70527	Hive Mind	6680	6680	1
70528	Don Giovanni Records	6568	6568	1
70529	Scenic Route	6674	6674	1
70530	TAL	6629	6629	1
70531	Dark Entries	6752	6752	1
70532	PPU Records	6639	6639	1
70533	wewantsounds	6655	6655	1
70534	Little Axe Records	6632	6632	1
70535	Numero Group	6648	6648	1
70536	EMI	6669	6669	1
70537	AD 93	6686	6686	1
70539	El Vida Es Un Mus Discos	6593	6593	1
70540	WRWTFWW Records	6643	6643	1
70541	Rough Trade	6482	6482	1
70542	Sealed Records	6647	6647	1
70543	Domestic Departure	6626	6626	1
70544	Minimal Wave	6646	6646	1
70545	NFTW	6663	6663	1
70546	Bellicose Records	6620	6620	1
70547	Mississippi Records	6653	6653	1
70548	K Records	6625	6625	1
70549	Eskimo Recordings	6681	6681	1
70550	Artifact	6662	6662	1
70551	Vámpi Soul	6683	6683	1
70552	New Label	6704	6704	1
70553	Simple Music Experience	6685	6685	1
70554	Convulse Records	6667	6667	1
70555	Cairo Records	6660	6660	1
70556	Paralaxe Editions	6751	6751	1
70557	Sundazed Records	6666	6666	1
70558	Munster Records	6617	6617	1
70559	Merge Records	6670	6670	1
70560	Real Life Music	6675	6675	1
70578	Numero Group	6693	6693	1
70579	Studio One	5855	5855	1
70598	Dead Oceans	5785	5785	1
70599	Asthmatic Kitty	6726	6726	1
70600	section1	6733	6733	1
70601	Secretly Canadian	6762	6762	1
70602	Tough Love Records	6708	6708	1
70603	Feel It Records	6712	6712	1
70604	Allicin Records	6707	6707	1
70605	Convulse Records	6672	6672	1
70606	Third Man Records	6673	6673	1
70607	Matador	6678	6678	1
70617	SCAN	6689	6689	1
70618	Sorry State Records	6698	6698	1
70619	self-released	6699	6699	1
70620	Pingipung	6702	6702	1
70621	Canary Records	6679	6679	1
70622	Upstairs Asylum Recordings	6659	6659	1
70624	Vámpi Soul	6691	6691	1
70625	Sorry State Records	6682	6682	1
70626	Precious	6697	6697	1
70627	Vámpi Soul	6684	6684	1
70628	Gotta Groove Records	6692	6692	1
70638	DREAM CATALOGUE	4806	4806	1
70657	Self-released	6765	6765	1
70658	Rough Trade Records	6763	6763	1
70659	WRWTFWW	6758	6758	1
70660	XL Recordings	6809	6809	1
70661	Chapter Music	6687	6687	1
70662	Partisan	6715	6715	1
70663	Paradise of Bachelors	6739	6739	1
70700	Athens of the North	6851	6851	1
70704	TRAFFIC	2550	2550	1
70733	Planet Mu	6769	6769	1
70734	Chivi Chivi	6780	6780	1
70735	World of Echo	6746	6746	1
70737	Temporal Drift	6738	6738	1
70738	Ghostly International	6744	6744	1
70739	No Quarter	6589	6589	1
70740	Luaka Bop	6714	6714	1
70741	Third Uncle Records	6688	6688	1
70742	Mexican Summer	6783	6783	1
70743	Dark Entries	6705	6705	1
70744	Sound Signature	6701	6701	1
70745	Cosmic Rock	6737	6737	1
70746	LancePierre	6725	6725	1
70747	Night Slugs	6800	6800	1
70748	Luaka Bop	6690	6690	1
70752	Low Lying Records	6813	6813	1
70753	Luaka Bop	6539	6539	1
70754	Mississippi Records	6770	6770	1
70755	self-released	6766	6766	1
70756	Dark Entries	6709	6709	1
70757	Nyege Nyege	6716	6716	1
70758	Worried Songs	6740	6740	1
70759	ATO Records	6756	6756	1
70760	tapewormies	6776	6776	1
70761	Ging Recordings	6555	6555	1
70762	Third Man Records	6778	6778	1
70763	Elypsia Records	6717	6717	1
70764	Les Disques Bongo Joe	6710	6710	1
70765	7th Heaven	6732	6732	1
70766	Perpetual Flame Ministries	6789	6789	1
70767	Still Music Chicago	6638	6638	1
70768	Soundway Records	6821	6821	1
70769	Ninja Tunes	6749	6749	1
70770	Penrose	6696	6696	1
70771	Own Your Own Records	6759	6759	1
70772	Nonesuch Records	6727	6727	1
70775	Anthology Recordings	6718	6718,6719,6720,6721,6722,6723	6
70777	ALC	6741	6741	1
70786	Epic Records	6764	6764	1
70788	TAR / MM / UOH	6767	6767	1
70789	Discreet Music	6794	6794	1
70791	Soundway Records	6736	6736	1
70792	Bonzo Records	6742	6742	1
70794	Invisible City Editions	6816	6816	1
70813	World of Echo	6784	6784	1
70814	Women of Noise	6781	6781	1
70817	Mr. Bongo/Risco	6750	6750	1
70830	Light in the Attic	6761	6761	1
70831	Easy Tempo	6772	6772	1
70832	Munster Records	6828	6828	1
70833	Music for Nations	6793	6793	1
70834	Graveface Records	6796	6796	1
70835	K Records	6760	6760	1
70836	Numero Group	6829	6829	1
70838	Habibi Funk	6768	6768	1
70839	Desert Daze	6650	6650,6652	2
70840	Soundway Records	6711	6711	1
70905	MACK AVENUE	3093	3093	1
70910	Backwoodz Studios	6748	6748	1
70911	12XU	6773	6773	1
70912	L.A. Club Resour e	6734	6734	1
70913	Palto Flats/Putojefe Records	6791	6791	1
70914	Toy Tonics	6777	6777	1
70915	NBN Records	6782	6782	1
70916	self-released	6753	6753	1
70917	Numero Group	6807	6807	1
70919	K Records	6754	6754	1
70920	Efficient Space	6808	6808	1
70921	Sub Rosa	6790	6790	1
70923	Takotsubo Records	6787	6787	1
70925	Planet Mu	6799	6799	1
70926	Alleviated Records	6823	6823	1
70927	L.I.E.S.	6786	6786	1
70928	A Colorful Storm	6817	6817	1
70929	Lustmurder Records	6788	6788	1
70930	Optik Muzak	6797	6797	1
70931	L.I.E.S.	6785	6785	1
70932	Escho	6812	6812	1
70933	Canary Records	6811	6811	1
70934	Pressure Sounds	6755	6755	1
70935	Unseen Worlds	6802	6802	1
70936	Trouble In Mind Records	6804	6804	1
70937	T4T LUV NRG	6798	6798	1
70938	House of Afandi Records	6814	6814	1
70939	Odyssey Productions	6803	6803	1
70940	Sabusa Records	6801	6801	1
70941	Sorry State Records	6806	6806	1
70942	HOMO-CENTRIC Records	6822	6822	1
70943	Mesh Key	6824	6824	1
70944	Post Present Medium	6820	6820	1
70945	Not For The Weak Records	6818	6818	1
70946	Warp Records	6856	6856	1
70959	Realistik	6888	6888	1
70960	Dark Entries	6849	6849	1
70961	XL Recordings	6892	6892	1
70962	Analog Africa	6883	6883,6884,6885,6886	4
70963	NO VISA	6835	6835	1
70964	Sinai Records	6792	6792	1
70965	Orange Milk Records	6839	6839	1
70966	wewantsounds	6881	6881	1
70967	Fada Records	6838	6838	1
70968	Souffle Continu	6882	6882	1
70969	self-released	6837	6837	1
70970	Athens of the North	6877	6877	1
70980	Little Axe Records	6815	6815	1
70982	Souffle Continu Records	6747	6747	1
70983	Numero Group	6775	6775	1
70989	Jajaguwar	6900	6900	1
70990	International Anthem	6867	6867	1
70991	4AD	6840	6840	1
70992	Omnian Music Group	6841	6841	1
70993	Anti Records	6866	6866	1
70994	Brainfeeder	6833	6833	1
70995	Phantom Limb	6834	6834	1
70996	Shukai	6880	6880	1
70997	Slumberland Records	6805	6805	1
70998	Optik Muzak	6836	6836	1
70999	Hyperdub	6832	6832	1
71000	NDATL	6795	6795	1
71001	Young	6830	6830	1
71002	International Anthem	6831	6831	1
71003	Isle of Jura	6862	6862	1
71004	Freedom To Spend	6846	6846	1
71005	Athens of the North	6826	6826	1
71011	Knitting Factory Records	6842	6842	1
71012	Drag City	6853	6853	1
71014	Popdisk	6917	6917	1
71015	Dark Entries Records	6931	6931	1
71016	Athens of the North	6893	6893	1
71017	Death Is Not The End	6870	6870	1
71018	Umor Rex	6918	6918	1
71019	Not Not Fun	6859	6859	1
71020	Mr. Bongo	6872	6872	1
71036	Paradise of Bachelors	6899	6899	1
71037	Numero Group	6771	6771	1
71038	Blank Forms Editions	6894	6894	1
71039	Glitterbeat Records	6860	6860	1
71040	HYPERDUB	3233	3233	1
71041	Habibi Funk	6890	6890	1
71042	Beach Impediment Records	6897	6897	1
71043	Ideologic Organ	6876	6876	1
71052	Awesome Tapes From Africa	6869	6869	1
71053	Jajaguwar	6857	6857	1
71054	DMR	6845	6845	1
71055	People's Potential Unlimited	6895	6895	1
71056	Art Into Life	6889	6889	1
71057	DAIS	4103	4103	1
71064	Mississippi Records	6864	6864	1
71065	Paradise of Bachelors	6854	6854	1
71066	Domino	6879	6879	1
71067	Forever Living Originals	6871	6871	1
71068	Static Shock Records	6896	6896	1
71069	VP Records	6848	6848	1
71071	Awesome Tapes From Africa	6847	6847	1
71072	Hood Faire	6863	6863	1
71073	Rush Hour	6868	6868	1
71074	Majazz Project	6887	6887	1
71075	none	6827	6827	1
71076	Time Capsule	6865	6865	1
71077	Mexican Summer	6852	6852	1
71078	Príncipe	6878	6878	1
71079	Dub Store Records	6891	6891,6898	2
71080	Hallow Ground	6873	6873	1
71081	Numero Group	6850	6850	1
71082	Amish Records	6855	6855	1
71083	wewantsounds	6874	6874	1
71084	Soundway Records	6843	6843	1
71090	Yoga Records	6920	6920	1
71125	HATETOQUIT	6954	6954	1
71134	Skep Wax	6902	6902	1
71135	Les Disques Bongo Joe	6951	6951	1
71136	Majazz Project	6919	6919	1
71137	Easy Eye Sound/Concord	6945	6945	1
71138	!K7 Records	6925	6925	1
71139	Rush Hour	6903	6903	1
71141	RELAPSE	710	710	1
71143	Mexican Summer	6909	6909	1
71144	Thrill Jockey	6921	6921	1
71146	Slumberland Records	6944	6944	1
71160	Jagjaguar	6976	6976	1
71161	Public Possession	6928	6928	1
71162	self-released	6907	6907	1
71163	BBE	6946	6946	1
71164	Yoga Records	6927	6927	1
71165	Hozac	6914	6914	1
71166	Mr. Bongo	6955	6955	1
71167	Vampi Soul	6906	6906	1
71168	Ulyssa	6912	6912	1
71169	Fever AM	6947	6947	1
71170	Numero Group	6987	6987	1
71171	FEED THE PEEPS	4256	4256	1
71172	MODERN LOVE	3838	3838	1
71173	SELF-SABOTAGE	5378	5378	1
71187	Verve	6959	6959	1
71188	Bellicose Records	6926	6926	1
71189	Drag City	6985	6985	1
71190	Kill Rock Stars	6942	6942	1
71191	Total Punk	6916	6916	1
71192	Numero Group	6935	6935	1
71193	Black Truffle	6930	6930	1
71194	Moikai	6901	6901	1
71195	World of Echo	6964	6964	1
71196	Soundway Records	6922	6922	1
71197	Melodies International	6956	6956	1
71198	sferic	6911	6911	1
71199	Backwoodz Studioz	6913	6913	1
71200	Brownswood Recordings	6929	6929	1
71201	Transversales Disques	6980	6980	1
71202	Hot Releases	6953	6953	1
71203	Squama	6924	6924	1
71204	Bellicose Records	6910	6910	1
71205	ever/never records	6940	6940	1
71207	Freestyle Records	6968	6968	1
71213	Future Times	6961	6961	1
71214	Numero Group	6983	6983	1
71215	Unheard of Hope	6960	6960	1
71216	Mode of Production	6982	6982	1
71217	STROOM.tv	6981	6981	1
71218	Disciples	6975	6975	1
71219	No Gold	6969	6969	1
71220	Xpressway	6905	6905	1
71221	Activ-Analog	6952	6952	1
71222	Dark Entries Records	6932	6932	1
71224	Purely Physical Teeny Tapes	6933	6933	1
71225	Abstracta	6937	6937	1
71226	Minimal Wave	6978	6978	1
71227	10k	6971	6971	1
71228	Fundamental Frequencies	6986	6986	1
71230	Northern Spy	6949	6949	1
71231	Mr. Bongo	6934	6934	1
71232	Pingipung	6923	6923	1
71233	Sorry State Records	6965	6965	1
71234	Efficient Space	6966	6966	1
71235	Hakuna Kulala	6963	6963	1
71236	Time Capsule	6941	6941	1
71237	Discostan/Majazz Project	6967	6967	1
71238	Death Is Not The End	6915	6915	1
71239	Vampisoul	6979	6979	1
71255	Souffle Continu Records	6948	6948	1
71256	self-released	6962	6962	1
71275	Numero Group	7059	7059	1
71293	ZORN39	4927	4927	1
71312	Dear Life	6970	6970	1
71313	Far Out	6936	6936	1
71314	Transversales Disques	6974	6974	1
71316	Black Truffle	6939	6939	1
71317	Recollection GRM	6904	6904	1
71318	self-released	6992	6992	1
71319	Soulgramma	6950	6950	1
71320	Funk Night Records	6984	6984	1
71321	Establishment Records	6997	6997	1
71322	General Speech	6943	6943	1
71323	Damnably	6990	6990	1
71324	Hyperdub	6938	6938	1
71325	Midgar Records	6988	6988	1
71326	Urpa i musell	6989	6989	1
71327	DDS	7001	7001	1
71328	Bling47 Recordings	6977	6977	1
71329	Tuff City	6972	6972	1
71341	Mr. Bongo	7113	7113	1
71350	Tone Log	6995	6995	1
71351	enmossed	7005	7005	1
71353	Saddle Creek	7033	7033	1
71354	First Word Records	7003	7003	1
71355	Ba Da Bing/Feeding Tube Records	7012	7012	1
71365	Carpark Records	6996	6996	1
71366	On-U Sound	7004	7004	1
71367	Klanggalerie	7025	7025	1
71369	Okay Nature	7027	7027	1
71370	Night School	7028	7028	1
71372	Rush Hour	7018	7018	1
71379	Nyege Nyege Tapes	7013	7013	1
71391	Parkwuud Entertainment	7009	7009	1
71392	self-released	7000	7000	1
71393	Escho	7054	7054	1
71394	Bellicose Records	7029	7029	1
71395	Efficient Space	7017	7017	1
71400	DIAL	1814	1814	1
71406	Feeding Tube Records	7024	7024	1
71407	Upset Condition	7030	7030	1
71408	se Dessaisir Publishing	7015	7015	1
71409	Tough Love	7050	7050	1
71411	Daptone Records	7006	7006	1
71412	Still Music	7062	7062	1
71413	Father/Daughter Records	7008	7008	1
71422	Western Vinyl	7007	7007	1
71423	All City Records	7023	7023	1
71424	DOSed	7037	7037	1
71426	Stoma Street Verlag	7051	7051	1
71427	Planet Mu	7022	7022	1
71428	Dark Entries	7019	7019	1
71429	Digital Regress	6991	6991	1
71430	Incienzo	7010	7010	1
71432	Superior Viaduct	7011	7011	1
71433	A Colorful Storm	7002	7002	1
71434	XL Recordings	7021	7021	1
71435	Light in the Attic	7039	7039	1
71436	Mississippi Records	7020	7020	1
71454	Nyege Nyege Tapes	7052	7052	1
71455	AD 93	7044	7044	1
71456	Late Music	7038	7038	1
71457	QTV Salo	7043	7043	1
71458	Death Is Not The End	7035	7035	1
71459	self-released	7063	7063	1
71460	BubbleTease Communications	7046	7046	1
71465	TZADIK	139	139	1
71480	Mississippi Records	7040	7040	1
71481	Recital	7060	7060	1
71482	Beacon Sound	7042	7042	1
71483	Modern Love	7053	7053	1
71521	Partisan Records	7034	7034	1
71522	Nonesuch Records	7047	7047	1
71523	Warp Records	7036	7036	1
71524	Constellation Records	7048	7048	1
71525	self-released	7031	7031	1
71526	4AD	7096	7096	1
71527	Death Is Not The End	7057	7057	1
71528	Tardigrade	7045	7045	1
71530	Kit Records	7056	7056	1
71531	wewantsounds	7065	7065	1
71532	self-released	7032	7032	1
71533	Feel It/Future Shock	7049	7049	1
71534	Alien Transistor	7064	7064	1
71535	Sahel Sounds	7067	7067	1
71536	Fat Possum Records	7061	7061	1
71538	Vampi Soul	7068	7068	1
71539	Dark Entries	7058	7058	1
71574	Principe	7081	7081	1
71575	Basin Rock	7110	7110	1
71579	Matador	7133	7133	1
71584	Chivi Chivi	7098	7098	1
71585	Stroom	7072	7072	1
71594	Cazplak	7111	7111	1
71595	EM Records	7076	7076	1
71601	Permanent Draft	7071	7071	1
71602	Tresor Records	7092	7092	1
71603	Freedom To Spend	7083	7083	1
71604	Isle of Jura	7086	7086	1
71608	Notice Recordings	7091	7091	1
71609	Immaculate Taste	7090	7090	1
71610	Athens of the North	7128	7128	1
71612	Far East	7114	7114	1
71613	Latency	7108	7108	1
71614	Teklife	7074	7074	1
71615	Hood Faire	7103	7103	1
71616	28912	7137	7137	1
71617	Numero Group	7088	7088	1
71619	Sneaker Social Club	7078	7078	1
71629	NORTH EAST INDIE	1954	1954	1
71630	MAGIC EYE SINGLES	998	998	1
71631	HANDSOME	1895	1895	1
71635	OCEAN FLOOR	1245	1245	1
71645	FUZZY BOX/DARLA	867	867	1
71661	TRUE PANTHER	3279	3279	1
71676	Isle of Jura	7142	7142	1
71677	Phantom Limb	7084	7084	1
71678	Analog Africa	7138	7138	1
71679	Knee High Records	7130	7130	1
71680	Bureau B	7077	7077	1
71683	Smalltown Supersound	7124	7124	1
71684	Collapsing Drums	7129	7129	1
71685	TraTraTrax	7134	7134	1
71686	Other People	7144	7144	1
71687	DARLA	138	138	1
71688	MATADOR	332	332	1
71691	Sweet Wreath	7097	7097	1
71692	Drowned by Locals	7082	7082	1
71695	Peak Oil	7135	7135	1
71696	Awesome Tapes From Africa	7102	7102	1
71697	Syf Records	7125	7125	1
71698	Rotten Apple	7115	7115	1
71699	Now-Again	7141	7141	1
71701	Mesh-Key	7194	7194	1
71703	Sun Royalle	7093	7093	1
71704	Optik Muzak	7107	7107	1
71705	AD 93	7175	7175	1
71706	Dlala Records	7116	7116	1
71707	Smithsonian Folkways	7153	7153	1
71708	!K7	7127	7127	1
71709	Textile Records	7104	7104	1
71710	Diamond West Records	7123	7123	1
71711	Post Present Medium	7143	7143	1
71712	CAPITOL	494	494	1
71714	Temporal Drift	7131	7131	1
71715	LL Edizioni	7105	7105	1
71716	Other People	7149	7149	1
71717	Blume	7132	7132	1
71718	Numero Group	7122	7122	1
71719	Valence Records	7172	7172	1
71720	Far Out	7070	7070	1
71721	Buh Records	7159	7159	1
71722	self-released	7150	7150	1
71723	People's Potential Unlimited	7186	7186	1
71724	Music from Memory	7075	7075	1
71725	Bureau B	7106	7106	1
71726	Disciples	7112	7112	1
71729	La Vida Es Un Mus	7101	7101	1
71734	Trouble In Mind Records	7095	7095	1
71735	International Anthem	7126	7126	1
71742	S-S	2224	2224	1
71743	NASHAZPHONE RECORDS	4537	4537	1
71747	hermine	7146	7146	1
71748	Analog Africa	7079	7079	1
71749	Corbett vs. Dempsey	7168	7168	1
71750	self-released	7176	7176	1
71751	Signal Route	7173	7173	1
71752	-OUS	7167	7167	1
71753	Young	7140	7140	1
71755	Time Capsule	7085	7085	1
71756	Death Is Not The End	7189	7189	1
71757	Hallogallo Tapes	7087	7087	1
71758	self-released	7154	7154	1
71763	NINJA TUNE	700	700	1
71776	URBNET	3751	3751	1
71782	Still Music	7089	7089	1
71783	Dirt Tech Reck	7121	7121	1
71784	NLV	7296	7296	1
71789	self-released	853	853	1
71790	CUNEIFORM	437	437	2
71791	Death Is Not The End	7170	7170	1
71793	29 Speedway	7191	7191	1
71794	Seksound	7178	7178	1
71795	Permanent Draft	7169	7169	1
71801	International Anthem	7147	7147	1
71802	International Anthem	7109	7109	1
71803	Ghostly International	7165	7165	1
71804	Scenic Route	7162	7162	1
71805	Habibi Funk	7185	7185	1
71810	Partisan Records	7284	7284	1
71811	AD 93	7044	7044	1
71812	Canary Records	7139	7139	1
71813	Positive Regression	7203	7203	1
71814	Smalltown Supersound	7180	7180	1
71815	Sub Pop	7117	7117	1
71817	self-released	7177	7177	1
71818	Principe	7157	7157	1
71820	10k	7160	7160	1
71821	Hyperdub	7181	7181	1
71822	XL Recordings	6809	6809	1
71823	Isla	7182	7182	1
71824	Sticky Buttons	7094	7094	1
71825	Turbo Discos	7188	7188	1
71826	Odda	7164	7164	1
71827	Collective Ltd. / AMF Records / Select Few	7220	7220	1
71828	4AD	7161	7161	1
71829	Upset Condition	7120	7120	1
71830	Athens of the North	7073	7073	1
71831	Light in the Attic Records	7118	7118	1
71832	Submerge	7209	7209	1
71841	Mississippi Records	7148	7148	1
71842	PTP	7156	7156	1
71843	The Trilogy Tapes	5685	5685	1
71844	Portraits GRM	7210	7210	1
71845	Kalita Records	7195	7195	1
71846	Hot Mule	7197	7197	1
71847	Escho	6812	6812	1
71848	10k	7204	7204	1
71849	Phantom Limb	7166	7166	1
71850	icsu	7229	7229	1
71851	Kartaskvazhin (Well Map)	7219	7219	1
71852	self-released	5456	5456	1
71853	self-released	6628	6628	1
71856	self-released	7237	7237	1
71859	Batov Records	7184	7184	1
71866	Heavenly Recordings	7308	7308	1
71873	DRAG CITY	441	441	1
71874	BLACK TRUFFLE	3639	3639	1
71886	Tiptoe Tiger Music	7207	7207	1
71887	laap	7201	7201	1
71888	Worried Songs	7158	7158	1
71896	self-released	5649	5649	1
71897	Numero Group	7155	7155	1
71898	Numero Group	7183	7183	1
71900	Dolfin Records	7211	7211	1
71901	Platform 23	7213	7213	1
71902	West Mineral Ltd.	7221	7221	1
71903	Secretly Canadian	5874	5874	1
71904	Slouch Records	7228	7228	1
71905	TZADIK	139	139	1
71906	Canopy Records	7212	7212	1
71907	People's Potential Unlimited	7152	7152	1
71912	MUTE	348	348	1
71917	MUTE	348	348	1
71921	Matador	6678	6678	1
71922	Naya Beat	6145	6145	1
71929	Ninja Tune	6376	6376	1
71930	4AD	6340	6340	1
71932	Kapsela	7234	7234	1
71933	Dead Oceans	6284	6284	1
71934	Poclanos	7235	7235	1
71936	Buh Records	7198	7198	1
71937	Shelter Press	7205	7205	1
71943	Spiritmuse Records	7214	7214	1
71944	Orange Milk Records	6105	6105	1
71945	Rough Trade	5703	5703	1
71946	A Colorful Storm	6817	6817	1
71947	Beekeeper Tapes & Discs	7119	7119	1
71948	Dark Entries	6214	6214	1
71949	Heat Crimes	7208	7208	1
71950	SoFloJook	7223	7223	1
71951	One World Records	7239	7239	1
71952	Umor Rex	7196	7196	1
71953	TEMPA	3308	3308	1
71954	Orange Milk Records	6839	6839	1
71955	7K! / popsoil	7232	7232	1
71956	self-released	7256	7256	1
71957	Stena Academy	7222	7222	1
71958	Freedom To Spend	7083	7083	1
71959	Analog Africa	7171	7171	1
71960	self-released	7225	7225	1
71964	Brainfeeder	6833	6833	1
71965	Joyful Noise Recordings	5922	5922	1
71966	self-released	7230	7230	1
71967	Latency	7280	7280	1
71968	Old Heaven Books	7236	7236	1
71969	NNA Tapes	7243	7243	1
71970	Ordinary Landscapes	7242	7242	1
71971	Forward Music Group	7255	7255	1
71972	Instant Classic	7257	7257	1
71973	!K7	7127	7127	1
71974	Sans Soleil Records	7261	7261	1
71975	Hive Mind	6680	6680	1
71976	Kigensho Records	7241	7241	1
71979	Glitterbeat Records	6256	6256	1
71980	Artetetra / Sucata Tapes	7262	7262	1
71981	Pink Oyster Records	7258	7258	1
72014	Sublime Frequencies	7264	7264	1
72019	Matador	6327	6327	1
72020	self-released	7233	7233	1
72026	Senufo Editions	7244	7244	1
72027	Unheard of Hope	7277	7277	1
72028	Death Is Not The End	6915	6915	1
72056	Hyperdub	6938	6938	1
72057	trackland	7246	7246	1
72058	Arcane Dynamics	7227	7227	1
72059	Nepentla Records	7231	7231	1
72060	XL	7281	7281	1
72061	No Quarter	7268	7268	1
72062	enmossed	6246	6246,7005	2
72063	Hausu Mountain	7259	7259	1
72064	International Anthem	7109	7109	1
72065	Feel It Records	6712	6712	1
72066	Vampisoul	7179	7179	1
72067	self-released	7253	7253	1
72068	Radio Khiyaban / Cardinal Fuzz / A.U.M.	7240	7240	1
72069	Freedom To Spend	6846	6846	1
72070	Mexican Summer	6852	6852	1
72071	Dear Life Records	7266	7266	1
72072	Hold Me	7192	7192	1
72073	International Anthem	7245	7245	1
72074	Mexican Summer	6248	6248	1
72075	Mack Avenue Records	7251	7251	1
72076	deadAir	7311	7311	1
72077	Matador	7200	7200	1
72078	XL	7252	7252	1
72079	Ariwa	7265	7265	1
72080	AD 93	7044	7044	1
72081	Habibi Funk	6768	6768	1
72082	Príncipe	6878	6878	1
72083	Planet Mu	6414	6414	1
72084	BOSS LADY / Virgin Music FR	7250	7250	1
72085	HiPNOTT Records	7254	7254	1
72086	Nyege Nyege Tapes	5792	5792	1
72087	Stones Throw	6487	6487	1
72088	SoNo Recording Group	7285	7285	1
72089	Far Out Recordings	7202	7202	1
72090	Loveland Music	7292	7292	1
72091	Oh Boy Records	7326	7326,7338	2
72092	A24 Music	7273	7273	1
72093	Nonclassical	7238	7238	1
72094	Winspear	7279	7279	1
72095	Bokeh Versions / Drowned by Locals	7249	7249	1
72096	Future Times	6961	6961	1
72097	Lighter than Air	7269	7269	1
72098	Weight Looming / !K7	7275	7275	1
72277	Fania	7355	7355	1
