resolved_label	cards
Columbia	336
Atlantic	163
RCA	157
Rounder	149
Elektra	127
Matador	121
Sub Pop	113
Capitol	111
Epic	108
A&M	95
Merge	86
THRILL JOCKEY	85
Warner Bros.	85
MCA Records	84
MCA	82
Arista	81
Chrysalis	78
A&M Records	77
Capitol Records	74
4AD	72
Sugar Hill	71
Polydor	68
MERGE	67
Blue Note	65
FEEDING TUBE	65
Drag City	62
self-released	62
Tzadik	62
Island	60
Mercury	60
Warner Bros	59
(self-released)	58
Flying Fish	58
Shanachie	58
SUB POP	58
Virgin	58
a&m	57
CUNEIFORM	57
KRANKY	57
ECM	56
Island Records	54
capitol	52
EMI	52
Sire	51
Reprise	50
Rough Trade	49
DRAG CITY	48
Soul Note	48
Columbia Records	47
Verve	47
SUBLIME FREQUENCIES	46
columbia	45
MATADOR	45
Green Linnet	44
EM	42
CBS	41
Rhino	41
Geffen Records	40
Kranky	40
NUMERO GROUP	40
Delmark	39
Thrill Jockey	39
Evidence	38
SUB ROSA	38
Arhoolie	37
island	37
Mute	37
L.I.E.S.	36
Rounder Records	35
SST	35
Tommy Boy	35
Prestige	34
Reprise Records	34
Flying Fish Records	33
mca	33
AUM FIDELITY	32
CONSTELLATION	32
Enigma	32
Green Linnet Records	32
ROOM40	32
rounder	32
Warp	32
epic	31
Jagjaguwar	31
matador	31
Merge Records	30
Nonesuch	30
reprise	30
Cuneiform Records	29
mercury	29
Ninja Tune	29
Mango	28
RUNE GRAMMOFON	28
Virgin Records	28
Alligator Records	27
atlantic	27
Dischord	27
Kill Rock Stars	27
merge	27
NORTHERN-SPY	27
PI	27
Secretly Canadian	27
TOMPKINS SQUARE	27
Vanguard	27
12XU	26
Black Saint	26
Fantasy	26
Hightone Records	26
HOT RELEASES	26
HYPERDUB	26
NINJA TUNE	26
rca	26
RELAPSE	26
TOTAL PUNK	26
Dark Entries	25
Geffen	25
Homestead Records	25
HONEST JON'S	25
Saddle Creek	25
Shanachie Records	25
TZADIK	25
cbs	24
Cuneiform	24
DOMINO	24
Numero Group	24
PLANET MU	24
SOUL JAZZ	24
Sugar Hill Records	24
TOUCH	24
Alternative Tentacles	23
AM Records	23
EDITIONS MEGO	23
London Records	23
PARADISE OF BACHELORS	23
SACRED BONES	23
STAUBGOLD	23
Touch and Go	23
WARP	23
ATAVISTIC	22
FAMILY VINEYARD	22
RCA Records	22
Restless	22
S-S	22
sire	22
Thirsty Ear	22
4ad	21
ANTI-	21
Motown	21
Shimmy Disc	21
MEDICAL	20
northside	20
PAN	20
RVNG INTL.	20
Self-Released	20
SORRY STATE	20
SOUNDWAY	20
virgin	20
Alligator	19
arista	19
BA DA BING!	19
BMG	19
geffen	19
Gramavision	19
polydor	19
YEP ROC	19
BIRDMAN	18
Domino	18
IRS	18
LOAD	18
Milestone	18
MISSISSIPPI	18
Planet Mu	18
Real World	18
SMITHSONIAN FOLKWAYS	18
Sony Music Entertainment	18
VHF	18
XL	18
Arista Records	17
Astralwerks	17
ATCO	17
Atlantic Records	17
Def Jam	17
DFA	17
DUST-TO-DIGITAL	17
ECM Records	17
Epitaph	17
IMPORTANT	17
LIGHT IN THE ATTIC	17
LUMPY RECORDS	17
Ras Records	17
Smithsonian Folkways	17
Sundazed	17
XL Recordings	17
Yep Roc	17
Asphodel	16
chrysalis	16
Darla	16
GLITTERBEAT	16
green linnet	16
INNOVA	16
JAGJAGUWAR	16
K	16
KILL ROCK STARS	16
Liberty	16
Self-released	16
Sire Records	16
SOFT ABUSE	16
sugar hill	16
WHARF CAT	16
Windham Hill Records	16
ANTICON	15
ASTHMATIC KITTY	15
ATO	15
CBS Records	15
CLEAN FEED	15
ENTR'ACTE	15
Epic Records	15
Heartbeat	15
Homestead	15
kranky	15
SECRETLY CANADIAN	15
self released	15
SELF-RELEASED	15
Slash	15
STONE'S THROW	15
verve	15
Warner Bros. Records	15
AAGOO	14
atco	14
Bloodshot Records	14
delmark	14
ECSTATIC PEACE!	14
elektra	14
Flying Nun	14
I.R.S.	14
Interscope	14
KOMPAKT	14
NO QUARTER	14
NONESUCH	14
PORTER	14
Red House Records	14
Sony	14
STRUT	14
wb	14
ABDUCTION	13
ANALOG AFRICA	13
Asylum	13
Atavistic	13
ecm	13
FELMAY	13
IN THE RED	13
JAZZMAN	13
LOCUST MUSIC	13
Music of the World	13
NEW WORLD	13
Passport Records	13
Polyvinyl	13
Profile	13
PUBLIC EYESORE	13
rhino	13
s/r	13
SAHEL SOUNDS	13
Stones Throw	13
sub pop	13
Swallow	13
Touch and Go Records	13
TRUNK	13
tzadik	13
Up Records	13
WB	13
Windham Hill	13
yep roc	13
Alias	12
AMBIANCES MAGNETIQUES	12
Analog Africa	12
BMI	12
Capricorn Records	12
Carrot Top	12
DE STIJL	12
Dead Oceans	12
DEAD OCEANS	12
INAM	12
IPECAC	12
k	12
K Records	12
KYE	12
Mercury Records	12
NO BUSINESS	12
Play It Again Sam	12
RAS Records	12
Relativity	12
Rykodisc	12
THIRSTY EAR	12
thrill jockey	12
TYPE	12
VAMPISOUL	12
100% SILK	11
4 AD	11
ABC Records	11
Amphetamine Reptile	11
Beggars Banquet	11
Capricorn	11
Caroline Records	11
Celluloid	11
COLUMBUS DISCOUNT	11
Decca	11
DIGITALIS	11
emi	11
EMI Records	11
Estrus	11
Fantasy Records	11
FAT CAT	11
FXHE	11
GONER	11
Habibi Funk	11
Hannibal	11
HOZAC	11
Jetset	11
LEX	11
Mammoth	11
MIE MUSIC	11
Minty Fresh	11
PAW TRACKS	11
PHARAWAY SOUNDS	11
Private Music	11
shanachie	11
Teen Beat	11
TEMPORARY RESIDENCE	11
WESTERN VINYL	11
Ajax	10
asylum	10
Atco	10
ATO Records	10
B MUSIC/FINDERS KEEPERS	10
bloodshot	10
BLUE NOTE	10
Caroline	10
CLERMONT MUSIC	10
domino	10
Emperor Norton	10
Fat Possum	10
Hot Releases	10
HUBRO	10
International Anthem	10
Jade Tree	10
Mexican Summer	10
NOT NOT FUN	10
pfMENTUM	10
Polygram Records	10
PRISON TATT	10
PVC	10
Ras	10
S/R	10
spinART	10
SST Records	10
TERP	10
TIGERBEAT6	10
united artists	10
United Artists	10
!K7	9
482 MUSIC	9
abc	9
AD 93	9
ALIEN8	9
AMISH	9
Asylum Records	9
ATP	9
Awesome Tapes From Africa	9
Bar/None	9
Blind Pig Records	9
BO'WEAVIL	9
CARPARK	9
Charisma	9
DARK ENTRIES	9
Delmark Records	9
drag city	9
Dunhill	9
Flydaddy	9
Grunt	9
Hightone	9
HOLY MOUNTAIN	9
Hyperdub	9
KARLRECORDS	9
london	9
Misra	9
Mississippi Records	9
NOBUSINESS	9
NorthSide	9
PolyGram Records	9
Priority Records	9
Rebel	9
restless	9
Restless Records	9
Songlines	9
SUPERIOR VIADUCT	9
THREE-LOBED	9
TOMLAB	9
Ubiquity	9
ugEXPLODE	9
Warner Bros Records	9
Warp Records	9
Wax Trax	9
ALTERNATIVE TENTACLES	8
AM	8
American Recordings	8
ARHOOLIE	8
AWESOME TAPES FROM AFRICA	8
BATHETIC	8
Bearsville	8
BIG DADA	8
Birdman	8
BLACK TRUFFLE	8
BLACKEST EVER BLACK	8
Bloodshot	8
BLOODSHOT	8
CANTALOUPE	8
CAPTURED TRACKS	8
Carpark	8
Chess Records	8
Copper Creek	8
CRYPTOGRAMOPHONE	8
DAPTONE	8
decca	8
DEEPER KNOWLEDGE	8
DELMARK	8
Feeding Tube Records	8
FINDERS KEEPERS	8
flying fish	8
HAPNA	8
HARDLY ART	8
harvest	8
Harvest	8
Hidden Agenda	8
IRON LUNG	8
Knitting Factory	8
LAST VISIBLE DOG	8
LEAF	8
LEAVING	8
London	8
mammoth	8
Manifesto	8
mgm	8
MUSH	8
MUTE	8
NEUROT	8
New Alliance Records	8
New West	8
New World Records	8
Nyege Nyege Tapes	8
Pablo	8
POGUS	8
POLYVINYL	8
PROFOUND LORE	8
RAS	8
RED TOUCAN	8
ROUGH TRADE	8
RSO	8
SHADOKS MUSIC	8
SILTBREEZE	8
Skin Graft	8
Southern Records	8
STONES THROW	8
Sub Pop Records	8
THE SOCIAL REGISTRY	8
Tresor	8
UNSOUNDS	8
Waterbug	8
Yazoo	8
Yep Roc Records	8
12K	7
32 Jazz	7
A & M	7
Alula Records	7
American	7
AYLER	7
Bar None Records	7
Bethlehem	7
C/Z Records	7
capricorn	7
Captured Tracks	7
Constellation	7
CORLEONE	7
CRAMMED DISCS	7
DARLA	7
DISCREPANT	7
Drunken Fish	7
Dutch East India Trading	7
Efficient Space	7
Elektra/Asylum Records	7
EMERALD COCOON	7
ESSAY	7
Flying Dutchman	7
FONAL	7
Gee Street	7
Impulse!	7
Ipecac	7
kill rock stars	7
liberty	7
Matador Records	7
MGM	7
mute	7
NARNACK	7
Nettwerk	7
New Albion	7
Nighthawk	7
No Quarter	7
NORTON	7
Olivia Records	7
On-U Sound	7
PACREC	7
Paradise of Bachelors	7
PAST & PRESENT	7
PICKLED EGG	7
Polygram	7
PolyGram	7
PSYCHIC CIRCLE	7
Rainbow Quartz	7
RCA Victor	7
relativity	7
RHYMESAYERS	7
rough trade	7
ROUNDER	7
RUSH HOUR	7
RVNG Intl.	7
Sacred Bones	7
Six Degrees	7
Smalltown Supersound	7
SMALLTOWN SUPERSOUND	7
Smells Like Records	7
Smithsonian Folkways Recordings	7
SONGLINES	7
Southern	7
Squealer	7
sst	7
Stereo	7
SUICIDE SQUEEZE	7
Takoma	7
Tiger Style	7
topic	7
Triple X Records	7
TROST	7
TVT Records	7
UTECH	7
V2	7
Verve Records	7
VIN DU SELECT QUALITITE	7
warner bros	7
Wax Trax!	7
Western Vinyl	7
ABC	6
AKUPHONE	6
Alias Records	6
Alien8	6
ALTER	6
Amish Records	6
Anti-	6
Antone's Records	6
Athens of the North	6
Avant	6
Bar None	6
Bar/None Records	6
Barclay	6
BEDOUIN	6
bell	6
Big Time Records	6
Blood and Fire	6
Brainfeeder	6
Carpark Records	6
Casablanca	6
charisma	6
copper creek	6
Creation Records	6
CRUCIAL BLAST	6
DAIS	6
Dark Beloved Cloud	6
Del-Fi	6
Dischord Records	6
DUNYA/FELMAY	6
East Side Digital	6
Eremite	6
ERSTWHILE	6
ESP-DISK'	6
Evidence Music	6
FIRE	6
flying nun	6
Flying Nun Records	6
Frontier	6
Ghostly International	6
GHOSTLY INTERNATIONAL	6
Giant	6
GUERSSEN	6
Hearts of Space	6
homestead	6
HOPSCOTCH	6
Interscope Records	6
irs	6
Jetset Records	6
Jive	6
JSP	6
KEMADO	6
kindercore	6
Kindercore	6
Kindercore Records	6
KOCH	6
Kompakt	6
LA VIDA ES UN MUS	6
Leaf	6
Lovitt	6
M Records	6
MAD DECENT	6
Mammoth Records	6
MISRA	6
MONITOR	6
Monument	6
motown	6
Mute Records	6
NO FUN	6
Norton	6
NOW AGAIN	6
Omnium	6
Orange Milk Records	6
PEOPLE'S POTENTIAL UNLIMITED	6
PERMANENT VACATION	6
Philips	6
Philo	6
Pickwick	6
RANDY RECORDS	6
Razor & Tie	6
Redwood Records	6
Relapse	6
Rephlex	6
Rhino Records	6
Righteous Babe	6
Room40	6
SADDLE CREEK	6
Siltbreeze	6
Simple Machines	6
SLOVENLY	6
Slumberland Records	6
Sorry State Records	6
soul note	6
Soundway Records	6
Stax	6
SUBLIMINAL SOUNDS	6
SUNBEAM	6
Taang! Records	6
teen beat	6
Third Man Records	6
Tinder	6
Tompkins Square	6
Too Pure	6
TREKKY	6
TRIKONT	6
Twin/Tone	6
Universal	6
UNSEEN WORLDS	6
Vagrant	6
Vampisoul	6
vanguard	6
VP Records	6
warner bros.	6
20th Century Records	5
ACE FU	5
AEROPHONIC	5
ALIEN TRANSISTOR	5
AMBIANCES MAGNETIQUES/DAME	5
Anticon	5
Antilles	5
arhoolie	5
Asthmatic Kitty Records	5
ATLANTIC	5
Axis Records	5
B-PITCH CONTROL	5
Ba Da Bing	5
BANK	5
BEACH IMPEDIMENT	5
Bear Family	5
Bella Union	5
Big Cat Records	5
Black Top	5
Black Top Records	5
Blind Pig	5
Boner Records	5
BORN BAD	5
BREAK WORLD RECORDS	5
Bureau B	5
CARRIER	5
Charly	5
CMP Records	5
COLD SPRING	5
CREME ORGANIZATION	5
Crypt	5
Crypt Records	5
Darla Records	5
Death Is Not The End	5
DEKORDER	5
DELSIN	5
DERANGED	5
DESIRE	5
DIW	5
Doctor Jazz	5
Dossier	5
Dreamworks	5
Earache	5
Elektra Records	5
EMI America	5
Enemy	5
Enigma Records	5
EREMITE	5
ESP	5
Fat Possum Records	5
Fat Wreck Chords	5
GLISTENING EXAMPLES	5
Glitterbeat Records	5
Gold Castle	5
Ground Fault	5
hannibal	5
Harriet Records	5
hightone	5
HYPED 2 DEATH	5
Indigo	5
Innova	5
International Record Syndicate	5
janus	5
Knitting Factory Records	5
Koch	5
Les Disques Bongo Joe	5
Link Records	5
Lochshore	5
Lookout	5
Lookout!	5
Lost Highway	5
Lovely Music	5
Maverick	5
MEXICAN SUMMER	5
Milestone Records	5
Minimal Wave	5
Mush	5
MUSIC FROM MEMORY	5
N5MD	5
NASHAZPHONE RECORDS	5
New Albion Records	5
New Tone	5
NNA TAPES	5
nonesuch	5
NORTH EAST INDIE	5
Northern Spy	5
Northside	5
ODESSA	5
Optik Muzak	5
Orange Twin	5
PALILALIA	5
Partisan Records	5
passport	5
Philo Records	5
Point Music	5
PRESERVATION	5
Quarterstick	5
Quarterstick Records	5
RELATIVE PITCH	5
ReR	5
Riverside	5
ROCKET RECORDINGS	5
rso	5
RSO Records	5
Ruff House	5
Running Back	5
Shadow Records	5
SHARP WOOD PRODUCTIONS	5
Shrimper	5
SICKROOM	5
Skyclad	5
Slow River Records	5
Slumberland	5
SONIC MEDITATIONS	5
SONIG	5
SOPHOMORE LOUNGE	5
SPECTRUM SPOOLS	5
Stiff	5
Strange Attractors Audio House	5
SUGAR HILL	5
Suicide Squeeze	5
sundazed	5
SUNNYSIDE	5
Taang!	5
TABLE OF THE ELEMENTS	5
The Trilogy Tapes	5
Three Lobed Recordings	5
Tone Casualties	5
TOUCH AND GO	5
Trouble In Mind Records	5
Troubleman Unlimited	5
Turquoise Records	5
Twin Tone	5
Twin Tone Records	5
UMOR REX	5
UNROCK	5
VICE	5
Warner Brothers	5
WATER	5
WATER WING	5
WOODSIST	5
YOUNG GOD	5
50 WEAPONS	4
6HOLE	4
Accurate Records	4
ACE	4
AESTHETICS	4
alien8	4
Amphetamine Reptile Records	4
Angel	4
ANTENNA FARM	4
apple	4
artemis	4
Artista	4
ASPHODEL	4
Asthmatic Kitty	4
ATCO Records	4
Atlantic Recording Corporation	4
Ba Da Bing!	4
BABYGRANDE	4
bar none	4
BARBES	4
BARSUK	4
Barsuk Records	4
Bear Family Records	4
bearsville	4
Big Time	4
Big Tree Records	4
Bigtime	4
BLACK SWEAT	4
Blue Sky	4
bmg	4
BMG Music	4
Bomp!	4
Boner	4
BUH	4
Buh Records	4
Bulb	4
BUREAU-B	4
CARBON	4
Cargo Records	4
caroline	4
casablanca	4
celluloid	4
Chocolate Industries	4
Chrysalis Records	4
Corason	4
creation	4
Curb	4
Cypress Records	4
DEAD CEO	4
Dear Life Records	4
Def American	4
DEF JAM	4
Dekmantel	4
Deluge Records	4
DIAGONAL RECORDINGS	4
DIGITAL REGRESS	4
Dionysus	4
Double Double Whammy	4
DRAGON'S EYE RECORDINGS	4
EL PARAISO	4
Elektra/Asylum	4
EM Records	4
enigma	4
epitaph	4
ERASED TAPES	4
ESTUARY, LTD.	4
Extreme	4
F5	4
FABRIC	4
Fanatic	4
Fang	4
Fania	4
Far Out Recordings	4
Fat Cat	4
FAT POSSUM	4
Feel Good All Over	4
Feel It Records	4
FIREHOUSE 12	4
FLEDG'LING	4
fontana	4
Fontana	4
Freedom To Spend	4
Fuel 2000	4
Fundamental Music	4
GEFFEN	4
Get Hip	4
GULCHER	4
Hardly Art	4
harriet	4
Heartbeat Records	4
HIT THING	4
Hollywood Records	4
Holy Mountain	4
HOUSE OF MYTHOLOGY	4
HYDRA HEAD	4
IKUISUUS	4
In The Red	4
INCUNABULUM	4
India Archive Music	4
instinct	4
JAMAICAN RECORDINGS	4
jive	4
knitting factory works	4
LEO	4
Lex	4
Light In The Attic	4
LITTLE AXE	4
Locust	4
Locust Music	4
lookout	4
Lookout Records	4
Luaka Bop	4
MACK AVENUE	4
March Records	4
MELLO MUSIC GROUP	4
Menlo Park	4
MENLO PARK	4
MERCK	4
Milan	4
Mint Records	4
misra	4
MODE	4
MODERN LOVE	4
MONOTYPE	4
monument	4
moonlight	4
Mr Bongo	4
Narnack	4
NATURE SOUNDS	4
NECKCHOP	4
NEGATIVE JAZZ	4
New Alliance	4
NEW AMSTERDAM	4
NEW BODY TAPES	4
new west	4
ninja tune	4
Normal	4
norton	4
OCORA	4
One Little Indian	4
ORANGE MILK	4
OUT HERE	4
Pablo Records	4
Pacrec	4
Palm Pictures	4
PAPER BAG	4
Paradise Of Bachelors	4
Parasol	4
Parasol Records	4
perishable	4
Phantom Limb	4
philips	4
philo	4
Phonogram	4
Pickled Egg	4
Portrait	4
Postcards	4
Pressure Sounds	4
Prestige Records	4
Profile Records	4
quarterstick	4
RADICAL DOCUMENTS	4
RAMSEUR	4
Rebel Records	4
RECITAL	4
RED HOUSE	4
Red Rhino Records	4
ROB'S HOUSE	4
ROGUE ART	4
rubric	4
Rush Hour	4
S.H.A.D.O.	4
saddle creek	4
Sahel Sounds	4
SAHELSOUNDS	4
SBK Records	4
SEASON OF MIST	4
secretly canadian	4
SHANACHIE	4
Shelflife	4
Shelter	4
SHELTER PRESS	4
shimmy disc	4
Situation Two	4
Six Degrees Records	4
SKAM	4
slash	4
smithsonian folkways	4
Soleilmoon	4
Sorry State	4
SOUND SIGNATURE	4
SOUTHERN LORD	4
Starkland	4
Static Shock	4
STERN'S AFRICA	4
Stetson	4
Stiff Records	4
Stonegarden Records	4
stones throw	4
Sub pop	4
Sub Rosa	4
SUBTEXT	4
Sunday Service	4
Sundazed Music	4
Swan Song	4
TAANG!	4
TECTONIC	4
Temporary Residence	4
Testament Records	4
thirsty ear	4
Touch	4
touch and go	4
Tradition	4
Traditional Crossroads	4
Twisted Village	4
Unseen Worlds	4
Vapor Records	4
Velocette	4
VOODOO RHYTHM	4
VP	4
Warm	4
warp	4
WEIRD FOREST	4
What Goes On Records	4
What Next?	4
WIDE HIVE	4
Win	4
Wobbly Rail	4
World Village	4
WRWTFWW	4
Xenophile	4
XI	4
Zero Hour	4
10k	3
20/20/20	3
A	3
A & M Records	3
A Colorful Storm	3
Accurate	3
Ace	3
Acoustic Disc	3
Aesthetics	3
All Saints Records	3
ALMOST READY	3
Amish	3
ANIMAL DISGUISE	3
Anti	3
antilles	3
Anyway Records	3
Appleseed Recordings	3
Artifact	3
ASTRALWERKS	3
Atomnation	3
Audible Hiss	3
Avenue Records	3
axiom	3
Axiom	3
Badman	3
Barking Pumpkin	3
bear family	3
Beatville Records	3
Bedazzled Records	3
Bedroom Community	3
Bell Records	3
bella union	3
BELLA UNION	3
BETTER LOOKING	3
between the lines	3
Bifocal Media	3
big time	3
Big Wheel Recreation	3
Black Truffle	3
Blast First	3
BLUE TAPES	3
Blunt Recordings	3
Born Bad Records	3
Boxholder Records	3
Bubble Core	3
BUBBLECORE	3
BUDA MUSIQUE	3
Buddah Records	3
bulb	3
Burnt Hair	3
C/Z	3
Caipirinha	3
CANARY	3
Canary Records	3
CARPET GROUP RECORDINGS	3
carrot top	3
Casablanca Records	3
CASTLE FACE	3
Charly Records	3
Checkered Past Records	3
Cherry Red	3
Cherry Red Records	3
Chesky Records	3
Chivi Chivi	3
CHOCOLATE INDUSTRIES	3
CHOCOLATE MONK	3
CITY SLANG	3
cmp	3
CMP	3
COMMUNITY LIBRARY	3
Compass Records	3
Constellation Records	3
Convulse Records	3
Cooking Vinyl	3
COOKING VINYL	3
County	3
COUNTY	3
Coyote	3
Coyote Records	3
Crammed Discs	3
Creation	3
CREATIVE NATION	3
CTI	3
CUMBANCHA	3
cuneiform	3
Curb Records	3
DAGGERMAN	3
dame	3
DB Recs	3
dead oceans	3
Decca Records	3
DECON	3
DEF JUX	3
DEKMANTEL	3
Delmark records	3
DENOVALI	3
Deutsche Grammophon	3
DGC	3
DIONYSUS	3
Dirty Hit	3
Document Records	3
DUB DITCH PICNIC	3
Earwig	3
ECHO BEACH	3
ECLIPSE	3
ECSTATIC	3
Ecstatic Peace	3
Editions EG	3
Edsel Records	3
EH?	3
Elektra Entertainment	3
EMANEM	3
EMOTIONAL RESCUE	3
Emperor Jones	3
Emperor Norton Records	3
empreintes DIGITALes	3
Empreintes Digitales	3
EMPREINTES DIGITALES	3
ENGINE	3
Enja	3
ESD	3
ESL	3
estrus	3
Estrus Records	3
Everest Records	3
FAKE FOUR	3
FALLOUT	3
FASHIONABLE IDIOTS	3
fat possum	3
FATCAT	3
Feeding Tube	3
FFRR	3
fiasco	3
Fiction Records	3
FIREHOUSE	3
First Warning Records	3
flydaddy	3
FLYING NOTE	3
Forever Living Originals	3
FPE Records	3
Frenchkiss	3
Frenchkiss Records	3
frequeNC	3
Friction Media	3
Frontier Records	3
Furious Hooves	3
Future Farmer	3
FUTURE TIMES	3
GALAXIA	3
Get Better Records	3
Get Hip Recordings	3
Giant Records	3
GILEAD MEDIA	3
GIZEH RECORDS	3
GM Recordings	3
Gold Castle Records	3
GOLD DUST MEDIA	3
GOLDEN LAB	3
Goner	3
GRAPEFRUIT	3
GREENSLEEVES	3
GROVL TAPES	3
HABIBI FUNK	3
HAIRY SPIDER LEGS	3
HANSON	3
hatology	3
heartbeat	3
Hefty	3
HERESEE	3
Hey Day	3
HIDDEN SHOAL	3
Hive Mind	3
Horizon	3
HOSPITAL	3
Hospital Productions	3
HUMAN EAR	3
Hush	3
i.r.s.	3
Ice Records	3
Ichiban Records	3
ICP	3
IMMUNE	3
Impact	3
IMPULSE	3
in the red	3
indipop	3
Inner City	3
INTAKT	3
Interworld	3
Invisible Records	3
INYRDISK	3
Iona	3
ipecac	3
Iron Lung	3
Isle of Jura	3
ITALIANS DO IT BETTER	3
Jet Records	3
JETSET	3
Jive Records	3
Joyful Noise Recordings	3
Justice	3
KAY-DEE	3
Kemado Records	3
Kimchee Records	3
King Records	3
King's Music Records	3
Kirshner	3
KIT	3
Knitting Factory Works	3
koch	3
Korova	3
La Vida Es Un Mus	3
Laface	3
LaFace	3
Late Music	3
Latency	3
Lex Records	3
Liberty Records	3
lifesong	3
Light in the Attic	3
Lobster Theremin	3
lochshore	3
Loma Vista Recordings	3
lost highway	3
LOVELY MUSIC	3
luaka bop	3
Luke Records	3
MAGAZINE	3
Magic Marker	3
MAN RECORDINGS	3
Mantra	3
mca records	3
Mego	3
Memphis Industries	3
Mesa	3
MIASMAH	3
Mille Plateaux	3
MILVIA SON	3
minty fresh	3
mode	3
Mode	3
Modular	3
MOLL-SELEKTA	3
MONIKER	3
Monitor	3
MONKEYTOWN	3
Moon Glyph	3
Moonlight Records	3
Morr Music	3
Motown Records	3
Moving Target	3
Mr. Bongo	3
Mr. Lady	3
Munster Records	3
MUTABLEMUSIC	3
My Pal God	3
Narada	3
NAWA	3
Nemperor	3
Nemperor Records	3
NERO'S NEPTUNE	3
Neurot Recordings	3
New West Records	3
New World	3
Night School	3
Night Slugs	3
NIGHT SLUGS	3
NNA Tapes	3
No Idea	3
NO TYPE	3
Norton Records	3
NovaMute	3
Now-Again	3
NUMBERS	3
NYEGE NYEGE TAPES	3
Ode Records	3
OKKADISK	3
Old Gold	3
OM	3
OM Records	3
Omnibus Records	3
One Little Indian Records	3
One Way	3
Other People	3
Overcoat Recordings	3
P.W. ELVERUM AND SUN	3
Pacific Rhythm	3
Parlophone	3
Parrot	3
PARTISAN	3
Passport	3
Paw Tracks	3
Payday	3
Peak Oil	3
Perishable	3
Permanent Records	3
Phonogram Ltd.	3
Pi Recordings	3
Pingipung	3
pitch a tent	3
Play It Again Sam Records	3
PLAYSCAPE	3
PLUG RESEARCH	3
PLZ Make It Ruins	3
PMG	3
polygram	3
Poon Village	3
Porter Records	3
posh boy	3
Posh Boy	3
POSH ISOLATION	3
Press	3
Principe	3
Priority	3
profile	3
qbadisc	3
Rabid Cat	3
RADIO MARTIKO	3
Radioactive	3
ralph	3
Ralph	3
Ralph Records	3
Rap-A-Lot	3
ras	3
Rave Records	3
Real Gone Music	3
REEL RECORDINGS	3
Relativity Records	3
Relix Records	3
Republic	3
resonance	3
RETARD DISCO	3
Revenant	3
Revolver	3
roadrunner	3
Roadrunner Records	3
ROARATORIO	3
ROIR	3
Ropeadope	3
Rough Trade Records	3
Ruby Records	3
Ryko	3
safe house	3
Sanctuary	3
Scat	3
section1	3
Seed Records	3
Seeland	3
SHAM PALACE	3
Shelter Press	3
Silber	3
SILBER	3
Silvertone	3
situation two	3
SIX DEGREES	3
skin graft	3
SKIN GRAFT	3
SMALLTOWN SUPERJAZZ	3
SMOG VEIL	3
SOCIAL MUSIC	3
SONIC PIECES	3
Sophomore Lounge	3
SOUNDS FAMILYRE	3
Sparkling Beatnik	3
SPEAKERTREE	3
Specialty	3
spinART records	3
SPINSTER	3
Statik	3
stiff	3
Strange Attractors	3
Strange Fruit	3
Summershine	3
SUNDAZED	3
SUPERDREAMER RECORDS	3
Swallow Records	3
Swami	3
Sweet Wreath	3
team love	3
TECHNICOLOUR	3
TED RECORDS	3
Tee Pee Records	3
Teenbeat	3
Temple Records	3
TERANGA BEAT	3
Testament	3
THE AGRICULTURE	3
THE TRILOGY TAPES	3
THIRD MAN	3
THREE LOBED	3
TIC TAC TOTALLY	3
TIME-LAG	3
Tinder Records	3
TONE LOG	3
Tough Love	3
Toxic Shock	3
trance syndicate	3
TRESOR	3
Triloka	3
Trojan	3
TRONIKS	3
TROUBLE IN MIND	3
TROUBLEMAN UNLIMITED	3
True North	3
Tuff Gong	3
TVT	3
Type	3
ULTRA ECZEMA	3
Umbrella	3
UMBRELLA	3
UMG	3
Umor Rex	3
Unheard of Hope	3
uni	3
United Artists Records	3
universal	3
Up	3
UPSET THE RHYTHM	3
Vámpi Soul	3
vertigo	3
VICTO	3
Virgin Records America	3
Vulf Records	3
warner	3
Water	3
Watermelon	3
WEWANTSOUNDS	3
Wide Hive	3
WORLD ARBITER	3
World Circuit	3
World of Echo	3
World Pacific	3
WORLD VILLAGE	3
Worried Songs	3
Zedtone	3
ZOE	3
-SCAPE	2
!K7 Records	2
100% Silk	2
1080p	2
109 Records	2
12xu	2
20 BUCK SPIN	2
4 Men With Beards	2
482 Music	2
4th & B'way	2
5 Rue Christine	2
5049	2
540 RECORDS	2
5RC	2
A GIANT FERN	2
A GUIDE TO SAINTS	2
A Records	2
a&m records	2
A24 Music	2
ABATON BOOK COMPANY	2
ABB	2
abc records	2
Abduction	2
absolutely kosher	2
Absolutely Kosher Records	2
Accord	2
ACHE	2
Acony	2
Acre Floor	2
Active Suspension	2
Acuarela	2
ACUTE	2
AD NOISEAM	2
Adult Fantasy	2
Adult Swim	2
AERO	2
Aftermath	2
AGAINST FASCISM TRAX	2
Agaric	2
AGUIRRE	2
Ahi Nama	2
Ahi-Nama	2
albion	2
alias	2
Alien Transistor	2
All Saints	2
ALL SAINTS	2
alligator	2
alligator records	2
ALLOS DOCUMENTS	2
ALPHA PUP	2
ALREALON	2
alternative tentacles	2
Altitude Records	2
ALTVINYL	2
American Dreams	2
AMERICAN DUST	2
Amherst Records	2
amphetamine reptile	2
Anchor	2
Angel Records	2
animal world	2
anti-	2
ANTICIPATE	2
Antilles Records	2
Anyway	2
Apache	2
Apple	2
ARCANIA INTERNATIONAL	2
Arhoole	2
arista records	2
Ariwa	2
ARK21	2
Artemis	2
Artifact Recordings	2
Artoffact Records	2
ARTS & CRAFTS	2
ASH INTERNATIONAL	2
ASHMONT	2
asphodel	2
Astral Spirits	2
astralwerks	2
asylum records	2
Atavistic Records	2
Atomic Pop	2
Atomic Theory	2
Au Go Go	2
Audika	2
AUDIKA	2
Audio Dregs	2
AURALUX	2
AUS	2
AUSTRALIAN CATTLE GOD	2
Avatar	2
Axis	2
Baby Records	2
Backwoodz Studios	2
Bainbridge	2
BALANCE POINT ACOUSTICS	2
bang	2
bar/none	2
BAR/NONE	2
Barker	2
Barsuk	2
BASEMENT	2
Batov Records	2
Bayonet Records	2
BBE	2
BEAR FAMILY	2
BEATS IN SPACE RECORDS	2
Because Music	2
BECAUSE MUSIC	2
BED OF NAILS	2
BEGGARS BANQUET	2
Beggars Banquet Records	2
Bellicose Records	2
Beserkley	2
Bethlehem Records	2
BEYOND BEYOND IS BEYOND	2
BFE	2
Big Beat	2
BIG BEAT	2
Big Beat Records	2
Big Cat	2
BIG CROWN	2
Big Dada	2
BIG LEGAL MESS	2
Big Money Inc	2
BIG NECK	2
Big Top Records	2
big tree	2
Big Tree	2
bigtime	2
BLACK BEAUTY	2
Black Pearl	2
Blackjack	2
blood and fire	2
BLOOD AND FIRE	2
Blue Heron	2
blue note	2
Blue Note Records	2
BLUE TAPES & X-RAY RECORDS	2
blue thumb	2
Blue Thumb	2
Blue Thumb Records	2
BLUEBERRY RECORDS	2
Bluebird	2
BMG Records	2
bobsled records	2
Bomb Hip Hop	2
Bomb Hip-Hop Records	2
BOMBAY CONNECTION/NORMAL	2
BONA FIDE	2
Bonfire Records	2
Bongo Joe	2
Bonzo Records	2
Born Yesterday	2
Boxholder	2
BRAH	2
BROKEH VERSIONS	2
BROKEN SPINE	2
bubble core	2
Bubblecore	2
BUDA	2
Buddah	2
Bullseye Blues	2
burnt toast vinyl	2
BURO	2
C'est La Mort	2
Cairo Records	2
CALDO VERDE	2
Camera Obscura	2
Candid	2
Candy-Ass Records	2
Cantaloupe	2
Capital Records	2
capitol records	2
captured tracks	2
Carbon Records	2
Cargo	2
cargo records	2
CARROT TOP	2
CASCINE	2
Catamount	2
Catsup Plate	2
Celluloid Records	2
CENTURY MEDIA	2
CEPHIA'S TREAT	2
Chainsaw	2
Chainsaw Records	2
Chairkickers	2
Cheetah Records	2
cherry red records	2
chess	2
CHURCHKEY	2
Circus Company	2
city slang	2
City Slang	2
CLANG	2
Clean Feed	2
Clermont	2
CLR	2
COCK ROCK DISCO	2
COLD SPRING RECORDS	2
columbia/legacy	2
COMEME	2
Command	2
Communion	2
Complacency	2
COMPOST	2
Concord Jazz	2
constellation	2
Contemporary Records	2
CORD-ART	2
CORWOOD INDUSTRIES	2
Cotillion	2
COUNTERFLOW	2
county	2
CRIPPLED DICK HOT WAX!	2
cruz	2
Cruz Records	2
Crystal Clear Sound	2
CTI Records	2
Cultures Of Soul	2
CULTURES OF SOUL	2
cumbancha	2
Cumbancha	2
curb	2
Daemon	2
Dais Records	2
DALY CITY	2
Dame	2
Damnably	2
Dancing Cat Records	2
Dark Horse	2
Darker Than Wax	2
DB Records	2
db recs	2
DDS	2
De Soto	2
deadAir	2
DEATHBOMB ARC	2
Def Jam Recordings	2
Definitive Jux	2
Delicious Vinyl	2
demon	2
Demon	2
deram	2
Deram	2
Desco	2
DESOLATION	2
DIAL	2
Digital Hardcore	2
Dim Mak	2
dionysus	2
Dionysus Records	2
DISCHORD	2
disciples	2
Disciples	2
Discreet	2
DiscReet	2
Discrepant	2
DIW Records	2
djm	2
Doctor Dream	2
Doghouse and Bone	2
DOMINO SOUND	2
Dorian	2
Double Agent	2
DOUBLE AGENT	2
Downtown	2
DOWNTOWN	2
DOWNWARDS	2
DOXY MUSIC	2
Dr Dream	2
DRAWING ROOM	2
DRIMALA	2
Drive-In	2
drop beat	2
DUAL PLOVER	2
Dunya Records	2
Duophonic	2
DUPLI-CATION	2
DUTTY ARTZ	2
Eagle Records	2
EAP Records	2
Earring Records	2
Earwig Music Co.	2
EastWest Records	2
Eat Records	2
Ecstatic Peace!	2
ED BANGER RECORDS	2
Edsel	2
EENIE MEENIE	2
EFFICIENT SPACE	2
Eggy Records	2
Einstein Records	2
EKSTER	2
Emergo	2
ENCHUFADA	2
EPIC	2
Erased Tapes	2
Ergot Records	2
Escho	2
Eskimo Recordings	2
ESL Music	2
Establishment Records	2
EVER	2
ever/never records	2
EVERLOVING	2
evidence	2
Evil Teen	2
Evolver	2
EXTREME	2
F-111	2
Factory	2
Factory Records	2
FAITICHE	2
Family Vineyard	2
fang records	2
FANTASY	2
Far Out	2
FASTLIFE	2
FAT BEATS	2
Fat Wreck Records	2
FATBEATS	2
fatcat	2
FATHER/DAUGHTER	2
Father/Daughter Records	2
Fathom	2
FCA	2
feel good all over	2
FEEL IT	2
FELTE	2
Fever AM	2
Fiction	2
FIFTH DIMENSION	2
File 13	2
File 13 Records	2
Fish Tail Records	2
FIVE DAY WEEKEND	2
Fleece Records	2
FLORIDA'S DYING	2
Flying fish	2
Flying Note	2
folkways	2
FOOL'S GOLD	2
FOOM	2
Forager Records	2
Forced Exposure	2
Foreshortened Arm Recordings	2
Four Dots	2
FOURTH DIMENSION RECORDS	2
FPE	2
FRENCHKISS	2
FRIENDS RECORDS	2
frontier	2
Frontier records	2
Fuel Records	2
FULL CONTACT	2
fundamental	2
FUNKAPHILADELPHIA	2
FURTHER	2
FUTURE CLASSIC	2
Future Times	2
Gadfly	2
GALAPAGOS 4	2
genius	2
GEOGRAPHIC NORTH	2
GERN BLANDSTEN	2
GHETTOPHILES	2
GHOST BOX	2
Gitanes	2
Glass	2
Glitterbeat	2
GLITTERHOUSE	2
Global Pacific Records	2
GOMMA	2
Grand Jury	2
GRANT'S TOMB	2
Grass Records	2
GRAVEFACE	2
GRAVITY WAVE	2
Great Divide	2
green linnet records	2
Greenhays	2
GREENLEAF	2
Grey Flat	2
GREYDAY	2
Groundfault	2
grp	2
Guidance Recordings	2
Gulcher	2
Guruguru Brain	2
Gusto	2
Hallow Ground	2
Hannibal Records	2
Hanson	2
HARDMOON	2
Hat Hut	2
HAUSU MOUNTAIN	2
HC3 MUSIC	2
Headhunter	2
HEARTBEAT	2
hefty	2
Hefty Records	2
Heinz Records	2
High Street Records	2
HIGH TWO	2
HighTone	2
hightone records	2
HIVE MIND	2
HMG	2
HOLIDAYS FOR QUINCE	2
hollywood	2
HOMELESS	2
Hood Faire	2
Houndstooth	2
HOUNDSTOOTH	2
Hugo	2
humbug	2
Hush Records	2
Hymen Records	2
I.R.S. Records	2
Illegal Art	2
ILLEGAL ART	2
imd	2
IMMERSION	2
Imp Records	2
Important	2
impulse!	2
In the Red	2
In-Effect	2
Independent Project Records	2
Infinite Zero	2
Inner City Records	2
innerstate	2
innova	2
INSTANT CLASSIC	2
INTERCOASTAL ARTISTS	2
Interra	2
interscope	2
IRS Records	2
Island Records Inc.	2
ISOUNDERSCORE	2
jagjaguwar	2
Jazz Is Dead	2
JAZZ VILLAGE	2
JDUB	2
jem records	2
Jettison	2
JMZ	2
Joyful Noise	2
JOYFUL NOISE RECORDS	2
JUNGLE ROYALE	2
jvp.music	2
Kaleidescope	2
Kaleidoscope Records	2
Kalita Records	2
kapp	2
KARAOKE KALK	2
KATORGA WORKS	2
KELIPPAH	2
Kemado	2
KENT/ACE	2
Kill Shaman	2
KILL SHAMAN	2
king snake	2
King Snake	2
KITTRIDGE	2
Kitty-Yo	2
Koch Records	2
Krazy Kat	2
KRAZY KAT	2
Kudu Records	2
KVITNU	2
L.A. CLUB RESOURCE	2
laap	2
Lakeshore Records	2
Landslide	2
Landslide Records	2
LATENCY	2
LATITUDE/LOCUST MUSIC	2
Le Grand Magistery	2
Leaving Records	2
light in the attic	2
Line Records	2
link records	2
Link records	2
Liquid Sky Music	2
Little Axe Records	2
Little David	2
Ljudverket	2
LO	2
Load	2
Lone Star	2
Lookout! Records	2
loud records	2
Loveless Records	2
LOWER FLOOR MUSIC	2
LUAKA BOP	2
LULLABIES FOR INSOMNIACS	2
LUMINELLE	2
Lusafrica	2
LUSAFRICA	2
LUSTWERK MUSIC	2
M.C. Records	2
Mack Avenue	2
Magenta	2
MAGIC MARKER	2
magic marker records	2
Magic Marker Records	2
MAIS UM DISCOS	2
Maison Fauna	2
Majazz Project	2
Makkum Records	2
Malaco	2
mango	2
Mango Records	2
MANNEQUIN	2
March	2
mardev	2
MARRIAGE	2
MASHIT	2
MASS APPEAL	2
Matsuli Music	2
MAX ERNST	2
MEGA BLADE	2
Megalon	2
Mello Music Group	2
MENTAL GROOVE	2
merge records	2
Merkin Music	2
Mesa Records	2
Mesh Key	2
Metal Blade	2
METROPLEX	2
mexican summer	2
MICROBE	2
Midnight	2
Midnight Music	2
Midnight Records	2
Millenium	2
Millennium	2
MINT	2
MISTRESS	2
Mobilization	2
Mode Records	2
moll-selekta	2
Moll-Selekta	2
Mom+Pop	2
MONIKA	2
Monitor Records	2
mood food	2
Moonlight	2
morgan creek	2
morr music	2
MORR MUSIC	2
Motion	2
Motion Records	2
Mud	2
MUNSTER	2
Muse	2
mush	2
Music From Memory	2
Music Maker	2
MUSIC MAKER	2
Mutant Sound System	2
MY KUNG FU	2
Naya Beat	2
NDATL	2
Neck Chop Records	2
nemperor	2
Neotantra	2
Nessa	2
NESSA	2
nettwerk	2
Nettwerk Music Group	2
Neurot	2
new alliance records	2
NEW ATLANTIS	2
NEW IMAGES	2
NEW WEST	2
No Core	2
No Idea Records	2
NO INDEX	2
No Life	2
no more	2
NO PAIN IN POP	2
NoBusiness	2
Nonesuch Records	2
NONPLACE	2
NORMAL	2
Normal Records	2
NORMAN RECORDS	2
NORTHERN ELECTRONICS	2
Northernblues	2
NORTHSIDE	2
Novus	2
NOW-AGAIN	2
NOW-AGAIN/STONE'S  THROW	2
nu gruv alliance	2
Nu Records	2
NUCLEAR BLAST	2
Nude Club	2
OBSOLETE UNITS	2
Octave Music	2
Oh Boy Records	2
OKTAF	2
OLD HAT	2
OLDE ENGLISH SPELLING BEE	2
Olive Tree Records	2
OMNI	2
Omnitone	2
ONDERSTROOM	2
one little indian	2
OPAL TAPES	2
ORANGE MOUNTAIN	2
ORANGE TWIN	2
orindal	2
OTHER MINDS	2
OTO ROKU	2
outpost	2
Outpost	2
Outside Recordings	2
Ovation Records	2
Ozone Music	2
PACREC/TRONIKS	2
Palace of Lights	2
Palilalia	2
Palmetto	2
PALTO FLATS	2
Pangaea	2
Paperhouse	2
Parallelism	2
Paramount	2
Parkway	2
Parkwuud Entertainment	2
partisan	2
Partisan	2
pathfinder	2
PC Music	2
Peacefrog	2
Peek-A-Boo Records	2
Pehr	2
Pendulum Records	2
PENULTIMATE PRESS	2
PEOPLES POTENTIAL UNLIMITED	2
Periplum	2
perishable records	2
PERLON	2
Permanent Draft	2
Phantom	2
PHILIPS	2
PHINERY	2
PI RECORDINGS	2
Piano Piano	2
PIAS	2
PIAS Recordings	2
pickled egg	2
pickwick	2
PINK DUST	2
Piranha	2
Pitch a Tent	2
Placebo	2
Planaria	2
planet mu	2
Planet Mu Records	2
Planet Records	2
Planetary	2
PNKSLM	2
PNL	2
Point Blank	2
pointblank	2
Poli-Rhythm	2
Pop Secret	2
Positive Force	2
POST PRESENT MEDIUM	2
POTLATCH	2
POX WORLD EMPIRE	2
PRAEMEDIA	2
Pravda	2
PRAVDA	2
PRESSURE SOUNDS	2
prestige	2
Príncipe	2
priority records	2
PROM NIGHT RECORDS	2
Propinquity Records	2
Psychic Liberation	2
PTP	2
Public Eyesore	2
Public Possession	2
Pure Noise	2
QUANNUM PROJECTS	2
Qwest	2
Qwest Records	2
Radical Records	2
radio records	2
Radioactive Records	2
RANT	2
RAP-A-LOT	2
RAPSTER	2
RAS records	2
Rastascan	2
Rawkus Records	2
RBI	2
rca victor	2
Real Authentic Sound	2
realworld	2
reckless records	2
red house	2
Red House	2
Redwood	2
Relapse Records	2
RELAY	2
RENAIR	2
REPHLEX	2
Republic Records	2
revenant	2
Rhino Atlantic	2
Riding Easy Records	2
Righteous Babe Records	2
RINSE	2
RNA	2
road cone	2
Road Cone	2
Roadracer	2
Roadrunner	2
ROADRUNNER	2
Rock Hotel	2
ROCKET	2
ROCKET GIRL	2
Rocket Recordings	2
Rockville	2
Rohit	2
Rohit Records	2
ROLLING JACK	2
Rooster Blues Records	2
ROOTSTRATA	2
ropeadope	2
Ropeburn	2
Rose Hill	2
ROTTED TOOTH	2
Rotten Apple	2
Rotten Records	2
Rough Guides	2
Round Records	2
Rounder Select	2
Rowdy Records	2
Rubric Records	2
Ruffhouse	2
Ruffhouse Records	2
Run For Cover Records	2
Rune Grammofon	2
Rural Isolation Project	2
ryko	2
RykoDisc	2
S.A.F.	2
S.I.N.K.	2
S/r	2
Sacred Bones Records	2
Safe House	2
Sage Arts	2
Sargent House	2
Savage	2
SAVAGE QUALITY	2
SAVOY JAZZ	2
scamp	2
Scamp	2
Scamp Records	2
SCAVENGER OF DEATH	2
Scenic Route	2
schematic	2
Schematic	2
Scratch	2
Scratchie	2
Sealed Fate	2
secret city	2
Sedimental	2
SEND HELP	2
Sepia Tone	2
SERIES APHONOS	2
Shangri-La	2
SHOCK	2
SHOUT! FACTORY	2
shrimper	2
Shrimper Records	2
Shukai	2
Sickroom	2
SideOneDummy	2
Silt Breeze Records	2
simple machines	2
SIRE	2
Sire Records Company	2
SISTRUM	2
Skin Graft Records	2
Sky Records	2
Skyclad Records	2
Slabco	2
slow river	2
SMALL DOSES	2
SMALLTOWN SUPERJAZZZ	2
Sneaker Social Club	2
SNOT RELEASES	2
SNOW DOG	2
SOCIAL REGISTERY	2
SOFTWARE	2
SOLEILMOON	2
Soleilmoon Recordings	2
songlines	2
Sonic Unyon	2
Sonig	2
SONORIS	2
Sony Classical	2
Souffle Continu	2
SOUFFLE CONTINU	2
Souffle Continu Records	2
soul city	2
Soul Jazz	2
SOUL TEMPLE	2
Sound Signature	2
Sound Wave Records	2
SOUNDS ARE ACTIVE	2
SOUNDS ETERNAL	2
southern	2
SOUTHERN	2
southern records	2
Space Age	2
SPACE CASE	2
Specialty Records	2
Specimen Products	2
Spin Art	2
Spirit of Orr	2
SPLEENCOFFIN	2
Squama	2
SQUEALER	2
Staalplaat	2
STAG-O-LEE	2
STARFISH	2
STATIC SHOCK	2
statik	2
stax	2
SteepleChase	2
Still Music	2
Stone's Throw	2
Strange Fruit Records	2
Stretch	2
Strut	2
Studio Barnhus	2
SUBLIGHT	2
Sublime Frequencies	2
Sun	2
Sunburn	2
Surf Gang	2
Survival Records	2
Swan Song Records	2
SWIM	2
Sympathy for the Record Industry	2
Sympathy For The Record Industry	2
T4T LUV NRG	2
Ta Da! Records	2
Table of the Elements	2
Tabu	2
TAIGA	2
takoma	2
TAL	2
TANTY	2
TAPU RECORDS	2
Tara Records	2
TEAM LOVE	2
Teenage USA	2
teenbeat	2
Telarc	2
Telephone Explosion	2
Telstar	2
Telstar Records	2
TEMPA	2
temple	2
Temple	2
Temporal Drift	2
TENDER LOVING EMPIRE	2
texas hotel	2
Texas Hotel	2
The Agriculture	2
THE BUNKER NEW YORK	2
The Communion Label	2
The Flenser	2
THE NEW BLACK	2
Third Eye	2
third man	2
Third Man	2
threshold	2
throbbing lobster	2
Throbbing Lobster	2
tiger style	2
Tiger Style Records	2
Tigerbeat6	2
tigerstyle	2
Time Capsule	2
Times Square Records	2
tinder	2
Tino Corp	2
Tomato	2
Tomato Records	2
Tomlab	2
tommy boy	2
Tommy Boy Music	2
Topic	2
tot ou tard	2
Total Punk	2
Touch'n'Go	2
tower	2
Toxic State	2
TOYTOWN	2
TRAFFIC	2
Trance Syndicate	2
Trance Syndicate Records	2
Transgressive	2
TRENSMAT	2
Triage	2
TRIP	2
Triple B Records	2
Triple X	2
Tristar Music	2
trojan	2
trouble in mind	2
Trouble In Mind	2
truckstop	2
Truckstop	2
tumult	2
Tumult	2
TUMULT	2
TURBO	2
Turquise mountain records	2
Twin/Tone Records	2
twintone	2
UBIQUITY	2
Ultimatum	2
UNDERWATER PEOPLES	2
unfiltered	2
Unfiltered	2
Uni Records	2
United Artist Records	2
UNITED ARTISTS	2
UNIVERSAL	2
Universal Records	2
UNTERGANG INSTITUT	2
UP	2
UP ABOVE	2
Upset Condition	2
Uptown Records	2
URBNET	2
Vampi Soul	2
Vanguard Records	2
Vapor	2
Varrick	2
Vaya Records	2
Velour	2
Venture	2
VERSATILE	2
Vertigo	2
Victory Records	2
VIPER	2
Vision Records	2
Vital Cog	2
Voodoo Rhythm	2
Voxx	2
W.I.N. Records	2
Wackie's	2
WAH WAH WINO	2
WANTAGE	2
Warner	2
Warner Records	2
water lily acoustics	2
wax trax	2
WAX TRAX	2
Wax Trax! Records	2
WEA	2
wewantsounds	2
Wewantsounds	2
WHERE TO NOW	2
WHITE MATERIAL	2
WHITIES	2
wifflefist	2
Willowtip	2
windham hill	2
WINDS MEASURE	2
wordsound	2
WordSound	2
Wordsound Recordings	2
WORLD CIRCUIT/NONESUCH	2
world domination	2
World Domination	2
World Music	2
WORLD MUSIC NETWORK	2
world village	2
Worldly Music	2
Wrasse Records	2
xenophile	2
XI Records	2
YAALA YAALA	2
YAZOO	2
YELLOWELECTRIC	2
YIK YAK	2
yodel-ay-hee	2
Yoga Records	2
Young God	2
ZE Records	2
Zoar	2
Zoe Magik Records	2
-OUS	1
(312)	1
0 to 1	1
030303	1
1/4 stick	1
10 Records	1
100 Anos	1
100 records	1
100% Breakfast	1
100% Electronica	1
1017 BRICKSQUAD	1
10K	1
125	1
12k	1
12th Isle	1
13 amp	1
13th Floor	1
15 Love	1
1631 RECORDINGS	1
1703 SKIVBOLAGET/IDEELL EDITION	1
17853	1
1994 batish records	1
2	1
2.13.61 Records	1
20 Buck Spin	1
20th Century	1
20th Century Fox	1
20th Century Fox Records	1
21 records	1
213 CD Records	1
213CD	1
23 Online	1
28912	1
29 Speedway	1
2B1 Records	1
2MR	1
3 BEADS OF SWEAT	1
3 lobed	1
3024	1
307 KNOX	1
32	1
32 Blues	1
32 jazz	1
360 Twist Records	1
360 Twist! Records	1
3651146 Records	1
37d03d	1
391	1
391 Records	1
3d5spd	1
3rd Eye Vision	1
415 Records	1
430 West	1
4A.D.	1
4ad (2025)	1
4th & Bway	1
5 RUE CHRISTINE	1
50,000,000,000,000,000,000,000 WATTS	1
54 40' or Fight!	1
555	1
577 Records	1
5rc	1
7 & T	1
75 Ark	1
75 ARK	1
7K!	1
8088	1
859 Recordings	1
8TH House	1
a & m	1
A &M Records	1
A Recordings	1
A Reggae Running Production	1
A Scat Records	1
A STABLE SOUND	1
A Street Records	1
A Truthface Recording	1
A YEAR IN THE COUNTRY	1
A-Records	1
A-Zap	1
A.K.A Records	1
a.r.t.less	1
A&M (1975)	1
A&M records (1973)	1
A+ LSO	1
A+M	1
A+M Records	1
A24	1
aagoo	1
Aagoo	1
AAGOO/GOODBYE BOOZY RECORDS	1
AAISTA	1
aam	1
AAO MUSIC	1
abacus records	1
Abaton Book Company	1
ABB RECORDS	1
abc dunhill	1
ABC Dunhill	1
ABC Paramount	1
ABC records	1
ABC-Paramount	1
aberrant	1
Abrazion Records	1
absolute a go go	1
Absolute a Go Go	1
Absolute Magnitude	1
Absolutely Kosher	1
ABSOLUTELY KOSHER	1
absolutely kosher records	1
ABSTRACT ARCHITECTURE	1
Abstracta	1
ABSURD	1
ABUNDANCE	1
Abyss	1
acadia	1
ACCIDENTAL POPSTAR	1
accurate	1
ace	1
ace fu	1
Ace Fu	1
Ace Fu Records	1
Ace of Hearts	1
Ace of Hearts Records	1
Ace Records	1
Ache	1
acid symposium	1
Acid Test	1
Acid Test Records	1
Acid Waxa	1
ACIDO RECORDS	1
ACONY	1
Acony Records	1
acoustic disc	1
Acoustic Music Records	1
acp	1
ACT	1
action city	1
Action Musik	1
Activ Analog	1
Activ-Analog	1
ACTIV-ANALOG	1
Active	1
Actual Records	1
ACTUELLECD	1
acurela	1
Acurte	1
Acute	1
Ad Astra	1
ADA	1
Ada Music Records	1
Adamos Productions	1
adastra	1
Add On	1
Adelphi	1
Adelphi Records	1
Admit One	1
Adrenalin Records	1
Aerial Records	1
Aerophonic	1
AFE	1
AFROSOUND	1
After Hours Records	1
AFTERNOON	1
AFYONKARAHISAR	1
AGDAM!	1
Age 101	1
Agogo	1
Aguirre	1
Aguirre Records	1
Ahi Nama Music	1
AIMREC	1
AIP	1
Air	1
Airborne	1
Akashic Records	1
Akuphone	1
ALARM	1
ALAS SEIS	1
Alavistic	1
ALAZ HOME RECORDS	1
ALBUM LABEL	1
ALC	1
ALC RECORDS	1
Alchemy	1
Aleph Records	1
Alert	1
Alfa	1
Alias Recrods	1
ALIEN JAMS	1
alison	1
All City Records	1
ALL HAIL	1
ALL HANDS ELECTRIC	1
All you can eat records	1
Allas Records	1
Alleviated Records	1
Allicin Records	1
Allidee	1
ALLIGATOR	1
Ally Records	1
Alma Criolla	1
almanac	1
Almo Sounds	1
ALOE MUSIC	1
Alona's Dream	1
ALONA'S DREAM	1
already gone	1
Altered Taped States	1
alternate take	1
ALTERNATE TAKE	1
Alternative Records	1
alternatives	1
ALTIN VILLAGE & MINE RECORDS	1
ALTITUDE	1
am	1
AMANITA/RASTASCAN	1
amanuensis	1
Amarillo	1
amarillo records	1
Amarillo Records	1
Amazing Black Sand	1
Amazing Grease	1
Ambi Records	1
ambiance magnetiques	1
Ambiances Magnetiques	1
Ambiente	1
american	1
American Dreams Records	1
American Dust	1
AMERICAN LAUNDROMAT	1
American Lesion Music	1
american primative recordings	1
american recordings	1
Amerisound	1
Amha Records	1
Amherst	1
amiata	1
amoeba	1
Amoeba Records	1
Amore	1
Amphetamine reptile records	1
AmRep	1
anagram	1
anagram records	1
Anchor (1975)	1
ancient grease	1
Angel Dust Records	1
Angel Matrix	1
ANGELES	1
ANGRY MOM RECORDS	1
ANGULAR	1
ANGUROSAKUSON	1
Anhedonia	1
Anikulapo & The Africa 70	1
animal 63	1
Animal World Recordings	1
ANKST	1
Anomie	1
Anomie Records	1
anonym records	1
anonymous web productions	1
anopheles	1
ANOTHER TIMBRE	1
ant-zen	1
Antena	1
Antenna Farm	1
Antenna Farm Records	1
Antennae	1
Anthem	1
anti	1
ANTI	1
Anti Records	1
ANTIFAZ	1
ANTIFROST	1
ANTILLES	1
ANTIME	1
antipop recordings (2001)	1
antone's records	1
antrop	1
ANXIOUS	1
anyway records	1
ANYWAYRECORDS	1
APESTAARTJE	1
Apex	1
apo	1
Apocalipsis	1
Apogee Records	1
Aporia	1
Aporia Records	1
Apothecary Sounds	1
appalachian music group	1
appleseed	1
APRON	1
Arabesque Recordings	1
ARBITRARY SIGNS	1
Arborvitae Records	1
ARC	1
ARC LIGHT EDITIONS	1
Arcane Dynamics	1
arch the finger	1
Archigramophone	1
Ardent	1
Ardent Records	1
ARE LIGHT EDITIONS	1
Arena Rock	1
Arena Rock Recording Co.	1
ARF ARF	1
ARGON	1
ARGOT	1
ARI	1
ariola	1
ARista (1975)	1
Arista Texas	1
ARJUNA	1
Ark21 Records	1
Arkadia	1
Arkay Records	1
Arsenal Records	1
ARSON	1
ART AS CATHARSIS	1
ART IN RESONANCE	1
Art Into Life	1
ART YARD	1
ARTHUR	1
Artichoke / Tristero Records	1
Artist Direct	1
ARTISTSHARE	1
Artoffact	1
Arts & Crafts	1
ARTS FOR ART	1
Artside Records	1
ASCAP 2003	1
ASCETIC HOUSE	1
Ashe	1
ashmont	1
ASP	1
ASSOPHON	1
Astral Black	1
astralwerks (1996)	1
ASYLUM	1
AT WAR WITH FALSE NOISE	1
Ata Tak	1
Ata-Glance Records	1
Atatak	1
atavistic	1
ATAVISTIC/UNHEARD MUSIC SERIES	1
Atco Records	1
ATF	1
atlanta zone	1
ATlantic	1
Atlantic Jazz	1
atlantic recording company	1
atlantic records	1
ATLAS CHAIR RECORDS	1
Ato	1
ATO/RCA	1
Atomcandy	1
atp	1
Attic	1
atypical records	1
AU Go Go	1
audio dregs	1
AUDIO DREGS	1
Audio Network	1
AUDIOBULB RECORDS	1
Audiogram	1
AudioinformationPhenomena	1
AUDIOLITH	1
AUDIOMER	1
Audiophile	1
AUDRALIGNT	1
August	1
Aukphone	1
AUM	1
Aumega Project	1
Aura Records	1
Aurora	1
Aurora Records	1
Aus Music	1
AUTOBUS	1
Autogram	1
Automatic Wreckords	1
AUTOMATION	1
Autopia (1996)	1
autotuneKaraoke	1
Autumnsongs	1
AUTUMNSONGS	1
Avalanche	1
avant	1
AVANT	1
Avenue	1
AVIAN	1
AWAL Recordings	1
Awe	1
Awesome Tapes from Africa	1
axis	1
azalea city	1
azimuth	1
B&W Music	1
b3nson	1
Ba Da Bing Records	1
Baby Bingus Music	1
Baby Huey	1
Baby Music	1
babygrande	1
Babygrande Records	1
Bacchus Archives	1
back up and push	1
Backwards	1
BACKWARDS	1
Backwoodz Studio	1
Backwoodz Studioz	1
Bad Boy	1
bad taste ltd	1
Bad Taste USA	1
Bad Vugum	1
BADABING	1
badman	1
Badman Recording	1
Bag of Hammers	1
BAGGAGE CLAIM	1
baited breath	1
BALIHU	1
balkanton	1
BALLOON AND NEEDLE	1
Balt-Music	1
Bam Balam	1
Banana Records	1
Bang	1
Bang Records	1
BANKO GOTIT	1
BANTER	1
Bar none	1
bar none records	1
bar none/restless	1
Barber's Itch Records	1
barbes	1
Barbes Records	1
barclay france	1
Bardot	1
BARKER	1
barking pumpkin	1
BARKING PUMPKIN	1
barking pumpkin records	1
Barma Rags	1
Barnaby	1
Barnhus	1
Baron Records	1
Barred Records	1
barsuk	1
base record	1
basementalism records	1
Basin Rock	1
BASIN STREET	1
BASKARU	1
BASSES FREQUENCES	1
BASTA	1
Battleaxe Records	1
bayonet	1
bbc radio	1
BBC Radio	1
bbe	1
BBE records	1
BC	1
BC Records	1
BC1	1
BE CHOSEN	1
Be With Records	1
Beach Impediment Records	1
Beacon	1
Beacon Sound	1
BEACON SOUND	1
bean creek	1
Bearsville Recording	1
Bearville	1
BEAT CRAZY	1
Beat Dies	1
BEAT RECORDS	1
BEAT RESEARCH	1
Beat the World Records	1
BeatRocket	1
beatville	1
Beatville	1
beatville records	1
Beautiful	1
BEAUTIFUL HAPPINESS	1
Beautiful Mind	1
Because Music Ltd	1
Bedazzled	1
Bedlam House	1
Bedouin	1
Beehive Jungle	1
Beekeeper Tapes & Discs	1
Bees Make Honey	1
Beggar's banquet	1
Beggar's Banquet	1
beggars banquet	1
beggars banquet records	1
Beggars banquet Records	1
Beggers Banquet	1
Being Weird Isn't Enough	1
Belltown Recording	1
bem recording company	1
Bemisbrain Records	1
BENIFFER EDITIONS	1
bent reeds	1
benten	1
Bepop Records	1
Bera	1
Beracah	1
BERSA DISCOS	1
beserkley	1
Beserkley Records	1
Best Friends Records	1
Best Side	1
BEST WORKS	1
Betrug	1
Better Youth Records	1
Between the Lines	1
Between The Lines	1
Beware	1
Beyond	1
bgirl	1
bgo	1
BGP/ACE	1
bias	1
Bib	1
bie Records	1
BIFOCAL MEDIA	1
BIG BALLOON	1
Big beat	1
big beef records	1
Big Ben	1
big cat	1
Big Cat UK	1
Big Crown	1
big dada	1
BIG DADA/NINJA TUNE	1
big deal	1
Big Deal	1
Big Doings / The Bunker New York	1
big hands	1
Big K Records	1
Big Machine	1
Big Mo	1
big neck	1
Big Pop	1
Big Records	1
Big Rehab	1
big sleep records	1
big sun	1
big wheel recreation	1
Big Wonderful! Records	1
BigPop	1
bilawn records	1
Bill Rock	1
BINEMUSIC	1
Bingo	1
Biograph	1
Biological	1
bip-hop	1
Bip-Hop	1
BIP-HOP	1
Biped Music Works	1
Birdcage Records	1
birdman	1
Birdman Records	1
Birs Recordings	1
Birth Records	1
birthright	1
Birthright	1
Biscoito Fino Records	1
Bison Records	1
bizarre/reprise	1
Bizarre/Straight	1
bizzare/straight records	1
Black and Blue Records	1
Black Art Records	1
Black Bean Placenta	1
Black Bough	1
BLACK CATALOGUE	1
Black Flags Over Brooklyn	1
BLACK HAT	1
black hen	1
Black Hen Music	1
Black Label	1
Black Lagoon	1
Black Mammoth	1
Black Olive	1
Black Park	1
Black Plastic Sound	1
BLACK PLASTIC SOUND	1
black pony	1
black saint	1
Blackberry Way Records	1
blackbird	1
Blackest Rainbow	1
BLACKEST RAINBOW	1
Blackjack Records	1
Blackout	1
blacktop records	1
Bladen Co. Records	1
BLADEN COUNTY	1
Blanco y Negro	1
Blank Forms Editions	1
Blank Forms/Empty Editions	1
Blast Records	1
Blast-O-Platter Records	1
BLASTCO	1
BLASTOCOEL SOUND	1
Blaze	1
BLEEDING GOLD	1
Blind Armadillo Recordings	1
blitz records	1
Blix Street Records	1
bloat	1
bloodmoney	1
Bloodshake Records	1
Blue Angel	1
Blue Beat	1
BLUE CHOPSTICKS	1
Blue Corn	1
Blue Corn Music	1
blue dude ltd	1
Blue Flowers	1
BLUE HORIZON	1
Blue Horizon Records	1
blue jackel	1
BLUE MOLD	1
blue monster	1
Blue Moon	1
Blue Moon Recordings	1
Blue note	1
BLUE NOTE / HONEST JONS	1
blue note records	1
Blue Ridge Records	1
Blue Tapes	1
blue thumb records	1
blue wave	1
BLUEBERRY BUDDHA	1
BLUEGREENINK	1
bluekeeper	1
Bluenote	1
blues classics	1
Blues Classics	1
bluesanct	1
BlueSanct	1
bluhammock	1
Blujazz	1
Blume	1
blunt	1
Blunt Records	1
Bluurg	1
BMG Ariola	1
bmg music canada	1
Bo'Weavil (og 1969; reissue 2014)	1
Boardwalk Records	1
Bobby J	1
Bobby's Umbrella	1
Bobock	1
bobok	1
Bobok Ltd	1
Bobsled	1
Bobsled Records	1
BOCIAN	1
Bohemia Beat Records	1
Bokeh Versions	1
Bokeh Visions	1
BokehVersions	1
bolide	1
Bolide Records	1
BOLT	1
bomb	1
Bomb Hip-Hop	1
bomp	1
BOMP Records	1
bomp!	1
Bona Fide	1
bone	1
Boner/Tupelo	1
Bonfa's Productions	1
Bonfire	1
Bong Load	1
Bong Load Records	1
Bongload Records	1
Bongwater Records	1
Boogie Angst	1
BOOMKAT EDITIONS	1
BOOTLEG TAPES	1
BORDERLORD	1
BORN MUGGED	1
Born Yesterday Records	1
bottom feeder	1
BOUNDARY	1
BOUZOUKI JOE	1
BOX THEORY	1
Boxcar	1
Boxcar Records	1
BOXmedia006	1
Boxout.fm	1
BOYSNOIZE RECORDS	1
BPITCH CONTROL	1
Brain Solvent Propoganda	1
BRAINFEEDER	1
BRAINWASHED	1
BRASSLAND	1
bravo musique (2025)	1
BREAKFAST MASCOT	1
Breakfast Music/Moving Target	1
BREATHLESS	1
Breeze	1
BRICK	1
Brick Record	1
Bridge	1
Bridge Nine	1
BRIGHT AS NIGHT	1
Bright Orange	1
BRILLE	1
brinkman	1
British Lung	1
Broadway	1
Broken	1
BROKEN FADER CARTEL	1
Broken Promise records	1
Broken Records	1
Broken Rekids	1
BROKKEN	1
brooklyn beats	1
Brooklyn Beats	1
BROWNSWOOD	1
brr002	1
Bruit Direct Disques	1
BRUIT DIRECT DISQUES	1
brunswick	1
Brunswick	1
Brunswick Records	1
brushfire	1
BRUSHFIRE	1
BSI Records	1
BSI Records Inc.	1
bt puppy	1
bubble core records	1
bubblecore	1
BubbleTease Communications	1
buck snort	1
Bucky-Samsara Records	1
Buda Records	1
buddah	1
Buddha Records	1
buddyhead	1
Buendia Records	1
Bughouse	1
BULL CITY	1
Bullfrog Records	1
Bullseye Blues & Jazz	1
BullsHit	1
Bullshitter	1
BULLY	1
bunkhouse	1
Burek	1
BURGER CITY ROCK N ROLL	1
burn burn burn	1
Burning Heart	1
Burning Rose	1
Burnside Records	1
burnt hair	1
Burnt Toast Vinyl	1
BUSINESS DEAL	1
Busted Lip	1
Buteo Buteo	1
Buy Our Records	1
byg	1
BYO	1
bzdman	1
C MINUS	1
C-Loc Records	1
C.O.Q.	1
c'est la mort	1
c'est la mort records	1
c/z records	1
Cabbagesounds	1
CABIN FLOOR ESOTERICA	1
Cabniet of Curiosities	1
CAbP	1
cachalot	1
Cachalot	1
Cachalot Records	1
CACHE	1
CACIOCAVILLO	1
Cadence Jazz Records	1
Cadence Records	1
Cadet	1
Caedmon	1
Caipirinha Music	1
Caldo Verde Records	1
CALIFORNIA CLAP	1
CALIGRI RECORDS	1
Calla	1
Calliope	1
Camden	1
Camden Records	1
Candela Records	1
Candle Records	1
Candor	1
Canned Music	1
Canopy Records	1
CAPITOL	1
capitol jazz	1
Capitol Music Group	1
Capri records	1
CAPRICORN	1
capricorn (1995)	1
CAPSULE	1
CAPTAIN HIGH	1
Caribou	1
Caribou Records	1
Carlton	1
Carlyle Records	1
carmen records	1
carpark	1
Carpe Diem Records	1
carrot top records	1
Cartel	1
Carthage	1
CASABLANCA	1
Casablanca Record and Filmworks	1
Cascade	1
Cascine	1
CASEQUARTER	1
Cash Money Records/Young Money Ent./Universal Rec.	1
Cassauna	1
CassingleUSA	1
Castle	1
Castle Communications	1
Castle Face Records	1
Castle-Face Records	1
CASTLEFACE	1
Castleface Records	1
casual tonalities	1
Cat Records	1
Catalyst	1
CATALYST	1
Catasonic	1
CATEGORY OF MANIFESTATION	1
Cathexis	1
Cattail Recordings	1
Caulfield	1
Cavestomp!	1
cavity search	1
Cazplak	1
CBS (1986)	1
CBS Associated Records	1
CBS Inc	1
CBS Masterworks	1
ccgmusic	1
ccr	1
CD Presents, Ltd.	1
cdose	1
CDR	1
CELEBRATION RECORDS	1
Celebrity Records	1
CelloBop	1
CellulOid	1
cenotaph Audio	1
CENTERING	1
Centering Records	1
Century	1
Century Media	1
Century Records	1
CERTIFIED PR	1
cesstone music	1
Cesstone Music	1
CFY Records	1
CGI RECORDS	1
CHAINED LIBRARY	1
CHAINSAW	1
chairkicker's	1
chairkicker's music	1
chameleon	1
Chameleon Records	1
Champion of the New Plastic Age	1
chaos	1
Chaos Music	1
Chappell	1
CHAPTER MUSIC	1
Charisma (1970)	1
Charisma Records	1
Charisma Records America	1
CHARLES LESTER MUSIC	1
charly	1
Charnel House	1
Charnel Music	1
Ché	1
Checker	1
Checkered Past	1
Chemical Sound	1
Chemical X	1
Chemistry Records	1
Cheree	1
CHERRY RED	1
Cherry Smash	1
cherry smash (1995)	1
Cherrywood Station	1
Chesky	1
Chess	1
CHESTPLATE	1
Chew Bud	1
chiaroscuro	1
Chiaroscuro	1
Chiaroscuro Records	1
CHICKS ON SPEED	1
chicks on speed records	1
CHIMERA	1
Chimera Music	1
China	1
China Records	1
China Records Ltd.	1
China/Grade	1
Chipie Records	1
Chiptunes4Autism	1
CHIWAX	1
Choke	1
CHONDRITIC SOUND	1
CHOPPER RECORDS	1
Christian Burial Music	1
christinelavin.com records	1
chrome	1
Chrome	1
Chrysalis/EMI Records	1
chuckbrodsky records	1
Chulo	1
Chunk	1
CHUNKLET	1
CHUNKLET INDUSTRIES	1
Chunksaah	1
Cinema	1
CINEMATIC MUSIC	1
Cinepoly	1
Circa Records	1
Circle Change	1
Circle Machine	1
CIRCULAR MOVEMENTS	1
citadel	1
Citadel	1
Citadel Records	1
CITRUS CITY RECORDS	1
CITY OF ANGELS	1
City of Tribes	1
City of Tribes Records	1
City Scape	1
city zen	1
City Zen	1
CJAM	1
CLAAP	1
CLAN DESTINE	1
CLASSIC BAR MUSIC	1
Clean	1
Clear	1
Clear Spot	1
Cleo Records	1
Cleopatra	1
Clermont Music	1
CLIVAGE	1
Clocked Out Productions	1
Cloister	1
CLONE BASEMENT SERIES	1
CLONE RECORDS	1
CLOTH MONKEY	1
Cloud	1
CLOUDS HILL	1
clover records	1
club grand	1
Club Paradiso	1
Club Tools	1
cmp records	1
cnc	1
CNC Records	1
cnm	1
Cocoon	1
COCOON	1
Cocteau Connoisseur	1
Cocteau Records	1
COG	1
cold chillin	1
Cold Chillin'	1
COLD CRUSH	1
Cold Spring	1
COLD SWEAT	1
Colgems	1
Collapsing Drums	1
Collar City	1
collectables	1
Collectables Records	1
Collector Records	1
collectors' choice	1
Collectors' Choice	1
Collectors' Choice Music	1
colombia	1
COLUMBIA	1
columbia (1970)	1
columbia (1975)	1
columbia (1990,1928)	1
Columbia / Ryko	1
Columbia Jazz	1
Columbia Jazz Masterpieces	1
Columbia Masterworks	1
columbia/legacy/sanctuary	1
columbus discount	1
Combat	1
Combat Core	1
COMBINATION	1
Comet	1
COMET	1
COMM3	1
commmons	1
COMMONWEALTH	1
COMMUNICATING VESSELS	1
communion label	1
communion/hausmusik	1
COMMUNITY	1
community 3	1
Community 3	1
Compadre	1
COMPANY	1
Compass	1
Compleat	1
Composers Recordings Inc.	1
Composers Recordings, Inc.	1
Compost	1
Compost Disco	1
Compost records	1
Compost Records	1
compulsiv	1
Computer Students / Modular	1
concentric circles	1
Conception Records	1
concord	1
CONCORD	1
Concrete	1
CONCRETE TAPES	1
CONDUIT	1
CONDUIT CREATIONS	1
Confidential	1
CONJUNTO VACIO	1
CONNAISSEUR RECORDINGS	1
Conquering Lion Records	1
Conscious Records	1
CONSPIRACY	1
CONSPIRACY INTERNATIONAL	1
CONTAGIOUS	1
CONTEXT	1
Continental	1
Continuum	1
CONVULSIVE	1
cooking vinyl	1
COOLER KING	1
Copper Creek Records	1
Copper Spurs	1
COPY FOR YOUR RECORDS	1
Corbett vs. Dempsey	1
cordelia	1
Cordelia Records	1
Corleone	1
Coroner Records	1
CORPOC	1
CORRESPONDANT / GOMMA	1
CORTIZONA	1
COSMIC CHRONIC	1
Cosmic Compositions	1
Cosmic Dreamer	1
Cosmic Rock	1
Cosmic Trigger	1
cosmik	1
Cosmo Rhythmatic	1
COSMO RHYTHMATIC	1
Cotillion Records	1
couch records	1
COUNTER	1
COUNTRY CLUB	1
Country Music Foundation	1
COUNTRY ROUTES	1
Coup D'Etat	1
coyote	1
COYOTE RECORDS	1
Crab Apple Records	1
cram boy	1
crammed discs	1
crank!	1
Crass	1
Crass Records	1
cream	1
Cream of the Crop	1
Creative NZ	1
CREATIVE SOURCES	1
Creative Victoria	1
CREATOR DIY	1
Crevice Tool Clean Sound	1
crewe	1
Crimson Heart Records	1
crippled dick hot wax	1
Critical Music	1
Croatia Records	1
Cronica	1
CRONICA	1
CROWDSPACER	1
crown	1
Crown Prince	1
Crown Records	1
Crown Ruler	1
cruisin records	1
CrunchPod	1
Crunchy Frog	1
cruz records	1
crypt	1
crypt (1994)	1
crypt records	1
Cryptogramaphone	1
Cryptogramophone	1
Cryptovision	1
CSP	1
CUBUS	1
cuneiform records	1
cuniform records	1
curb records	1
CURLE	1
curve	1
cutting edge	1
Cyber Octave Music	1
cycling '74	1
cz records	1
D.S. al Coda	1
D1ST	1
DADASTIC	1
Daily Session	1
daimala	1
Dalloway Records	1
dalton	1
Daly City	1
Damaged Goods	1
damaged goods records	1
DAME	1
DAMNABLY	1
DANCING WAYANG	1
Danger Collective Records	1
Dangerbird	1
DANSE CLUB RECORDS	1
Danse Noire	1
Dapfone	1
Daptone Records	1
Dara	1
Dare Records	1
Daring	1
dark beloved cloud	1
Dark Descent	1
DARK DESCENT	1
dark holler	1
Dark Horse Records	1
darla	1
darla records	1
Darling Music-Kindercore	1
DAUW	1
david geffen co	1
David Geffen Company	1
db	1
DBK Works	1
DC recordings (1995)	1
DCG	1
de soto	1
De Soto Records	1
DE STIJL MUSIC	1
Dead Beat Records	1
dead oceans records	1
DEAD-CERT/FINDERS KEEPERS	1
Deadbeat Records	1
Deadline	1
DEAF, DUMB, AND BLIND	1
Dear Life	1
dear life records	1
DEATH IS NOT THE END	1
Death Records	1
Death Row	1
Death Row Records	1
Death Tow Records	1
Death Valley Records	1
DEATHWISH INC	1
Debonaire	1
debut	1
Decca/MCA Records	1
Decea France	1
DECIBEL MUSIC	1
decon	1
Decon	1
DECON/OKAYPLAYER	1
deep deep pockets	1
DEEP DISTANCE	1
Deep Elm	1
Deep Listening	1
DEEP LISTENING	1
DEEP MOVES GERMANY	1
DEEPBLACK	1
def jam	1
Def Jam South	1
def shrimp records	1
def squad	1
Defrostatica Records	1
DEFYING MUSICAL BOUNDARIES	1
Dekorder	1
DEL Records	1
del-fi	1
Del-Fi Records	1
DELAY 68/CHERRY RED	1
Delayed	1
Delicate Records	1
Delicious	1
DELICIOUS VINYL	1
Delmark (1972)	1
delta	1
Deluxe	1
DEMDIKE STARE	1
Demon Records	1
DEN	1
Den Of Iniquity Records	1
DEP	1
Dephine Knormal Music	1
Derailed	1
Derailleur Records	1
Dero Arcade	1
desco records	1
Desert Daze	1
Desert Island Recordings	1
DESERTED VILLAGE	1
Design Records	1
Desire Path	1
Desire Records	1
DESKPOP	1
DESOLAT	1
DeSoto	1
DeSoto Records	1
DET.UND	1
DETAILS SOUND	1
detector	1
Detector	1
DETOURNEMONT MEDIA	1
Detroit Municipal Recordings	1
Detroit Radio Co.	1
Detroit Radio Co. Recordings	1
Deutsche Grammophone	1
DEVIL DOWN	1
Devil's Game	1
devil's weed	1
Devine	1
Devour	1
DFA/Astralwerks	1
DHR	1
Diadrum	1
Dialect Recordings	1
Diamond West Records	1
DIAMONDTRAXX	1
dick and jane	1
DIE ORAKEL	1
diesel only	1
Diesel Only Records	1
DIFFERENT TRACK RECORDINGS	1
DIFFERENTIAL	1
Difficult Interactions	1
Dig This Way	1
DIG!	1
DIGATONE/TRASH ROCK ARCHIVES	1
DIGIKILLER	1
Digital Hardcore Recordings	1
Digitalis	1
DIM MAK	1
dimension	1
Dimension Records	1
DINE ALONE	1
DINZU ARTEFACTS	1
dirt	1
Dirt	1
DIRT CREW	1
DIRT CULTURE	1
Dirt Nap	1
dirt records	1
Dirt Records	1
Dirt Tech Reck	1
Disa Records	1
Disappearing Records	1
Disc Lexia	1
DISCOMBOBULATE	1
DISCOS MARISCOS	1
Discostan	1
Discotexas	1
discovery	1
Discreet Music	1
Discret	1
Discuba	1
DISGRUNTLED	1
Disk	1
Disk Union	1
diskokaine	1
Disney	1
DISORDERED	1
Disques du Crepuscule	1
Disques Pointu	1
Disques Trema	1
disques wagram	1
Disristina	1
Distant Bloom	1
Distant Cloud (1983)	1
DISTORTIONS/WATERPIPE	1
DISTRICT OF NOISE	1
DIVERGENT SERIES	1
divers avenue	1
divine sounds	1
Division One/Atlantic	1
divot	1
diw	1
Dixon Archival Remnants	1
DJM Records	1
DKH	1
DKM	1
Dlala Records	1
DMAFT	1
DMR	1
DNA	1
do you have peace?	1
document	1
DOCUMENT	1
Dog Gone	1
Dog Gone Records	1
dog meat	1
Dog Meat	1
Dog Patch	1
dog trot	1
Dogday Records	1
Doghouse	1
Dolfin Records	1
Doll Records	1
DOLLAR RECORD	1
dolor del estamago	1
dolphin	1
Dolphin	1
Dolphin Records	1
Dolvador	1
Dolydor	1
Domino Recording Co.	1
DOMINO SOUND/MITMITTA MUSIKA	1
Don Giovanni	1
Don Giovanni Records	1
Don't Get All Heavy and Uncool Records	1
Don't Get All Heavy And Uncool Records	1
DONKEY DISK	1
DONTRUSTHERUIN	1
Doom Trip Records	1
DOOMENTIA	1
DOPENESS GALORE	1
DOSed	1
dot	1
Dot Records	1
Dot Time	1
double agent	1
double double whammy	1
DOUBLE DOUBLE WHAMMY	1
Double Naught	1
Double Naught Records	1
Douglas	1
DOUMEN	1
DOWN LOW	1
Down There	1
DOWNSOUND	1
Doxy	1
Dr. Dream Music Group Inc.	1
dr. dream records	1
Dr. Dream Records	1
Drag City / Yoga	1
Drag City Records	1
Dragon's Eye	1
DRAMATIC RECORDS	1
dread beat	1
Dream Catalogue	1
DREAM CATALOGUE	1
DREAM TOWER	1
Dreamland	1
DREAMSHEEP	1
Dreamtime Records	1
dreamworks	1
Dreamworks Records	1
Dren Records	1
DRG	1
DRG Records	1
DRIFF	1
drimala	1
Drimala Records	1
drink sum wtr	1
drive in records	1
dromedary	1
DRONARIVM	1
DRONE UK	1
DRONEDISCO	1
Drop Medium	1
DROPPING GEMS	1
Drowned by Locals	1
DRUG-FRONT PRODUCTIONS	1
Drughorse	1
DRUGHORSE	1
drunken fish	1
drunken fish records	1
Drunken Fish Records	1
Drunken Sailor	1
DTI Records	1
DTX	1
DUAL PLANET	1
DUB POLICE	1
Dub Store Records	1
Dublab	1
Duck Down	1
DUCK DOWN	1
DUG OUT	1
Duke Records	1
duke street	1
Duke Street Records	1
DULL TOOLS	1
Dune Altar	1
DUNE ALTAR	1
dunhill	1
Dunya	1
Duophonic Super 45s	1
DUPPY GUN	1
DUSTY MEDICAL	1
DUTCH EAST INDIA TRADING	1
DYIN' GHOST	1
Dylan Sneed	1
Dynastic Yellow Star Label	1
dynoflex	1
e one	1
E.G. Records	1
Eagle	1
ear movie	1
earache	1
Eardrum	1
EARL ZINGER & DON ROGALL	1
Earmark	1
EARS&EYES	1
Earth Beat!	1
Earth to Records	1
EarthBeat!	1
earthview	1
East Central One	1
east side digital	1
East Side digital	1
East West	1
East West Records	1
East-West	1
east/west records	1
EASTERN CONFERENCE	1
EASTERN DEVELOPMENTS	1
eastwest	1
Eastwest	1
EastWest	1
Eastwest Records	1
EastWest Records America	1
Easy Eye Sound/Concord	1
Easy Star Records	1
Easy Tempo	1
eat	1
EAT DIS	1
Ebrau	1
ecco fonic	1
Echograph	1
Echonote	1
ECHOSPACE	1
Echostatic	1
ECHOVOLT	1
Eclipse	1
ECM (1971)	1
ECM records	1
Ecstatic Recordings	1
Ed Banger	1
Ed Banger Records	1
Edge Records	1
Edgetone Records	1
EDICOES CN	1
EDITION OMEGA POINT	1
EDITION RZ	1
edition wandelweiser	1
Editions Mego	1
EDS	1
eenie meenie records	1
EFA	1
eg	1
EG	1
EG Editions	1
EG Records	1
Egghunt Records	1
EGGY	1
Egon	1
Ehse Records	1
Eight Gates Music	1
Eighteenth Street Lounge Music	1
EILEAN	1
Einstein	1
einstein records	1
Eisenbahnungluck	1
EKTRO	1
El Palmas Music	1
El Ra Records	1
El Recordo	1
El Sereno	1
El Vida Es Un Mus Discos	1
Elastic	1
Electra	1
ELECTRIC ASSAULT	1
Electro Beat	1
ELECTRO HARMONIX	1
electron	1
ELEFANT	1
Elekra	1
ELEKTRA	1
elektra entertainment	1
elektra musician	1
elektra/asylum	1
Elektra/Nonesuch	1
ELEVATED PRESS	1
ELEVEN-THIRTY	1
ELITE ELEPHANTS	1
Ellipsis Arts...	1
Elypsia Records	1
Emarcy	1
Embryo	1
emerald city	1
EMF	1
EMI Manhattan	1
emi pathe	1
Emi Records	1
EMI/Harvest	1
emigre	1
eminent	1
Emotional Response	1
Emotional Skyscapes	1
emperor jones	1
EMPEROR JONES	1
emperor norton	1
Emperor norton	1
emperorNorton	1
Empire	1
Emporer Jones	1
empreintes digitales	1
Empreintes DIGITALes (2014)	1
Empty	1
enabler	1
ENABLING WORKS	1
ENDANGERED SPECIES	1
endearing records	1
Endearing Records	1
Endorphine Factory	1
Energy Records	1
Engine	1
Enisai Records	1
enja	1
ENJA	1
ENJA Records	1
enmossed	1
Enmossed	1
ENMOSSED	1
Ennie Meenie Records	1
Ensign/Chrysalis	1
ENTENPFUHL	1
enterprise	1
Enterprise	1
Entr'acte	1
Entropic Carnival	1
EONE	1
ePIC	1
EPIC/LEGACY	1
Epiphany	1
Epitaph Records	1
Epitath	1
EQUATOR	1
equilibrium	1
ERADICATOR	1
erased tapes	1
eremite	1
ERGODOS	1
Erika Records	1
ERL	1
ERMITE	1
ERRATUM	1
ERSTE THEKE TONTRAEGER	1
erstwhile	1
Erstwhile	1
es paranza	1
Escapade	1
Esha recordings	1
Eskimo Kiss Records	1
ESKIMO RECORDINGS	1
Esoteric Records	1
ESP-Disk	1
ESP-DISK	1
ESP-SUN Records	1
Essence Music	1
ETC Records	1
ETERNAL RESEARCH	1
ETHBO	1
etherdrag	1
Etherdrag	1
etherdrag records	1
etiquette	1
Etiquette	1
etnaveravela	1
euphoria	1
ever/never	1
Everest	1
evidence music	1
Evidence Music Inc.	1
Evil Teen Records	1
Evilive	1
Evolution	1
Evolutionary Music	1
evolver	1
Evolving Ear	1
EVOLVING EAR/PAX	1
Evy Pollen	1
EX RECORDS	1
Excavations	1
Exclamation Point Records	1
EXILED/YELLOWELECTRIC	1
Exit Records	1
Exit Stencil	1
EXOTIC DANCE	1
Exotica	1
EXPERIMEDIA	1
Explicit Furs	1
EXPUNGED	1
Exude!	1
Exworks	1
Eye Q	1
Eyeball Planet	1
f	1
F Communications	1
F-111 Records	1
f-beat	1
F5 Records	1
fabric originals	1
fabric Originals	1
FACH WORK	1
Factory Benelux	1
factory records	1
Factory- Fac 147	1
Fada Records	1
FADE TO MIND	1
fading captain	1
Fake Doom Records	1
FALL	1
FAMOUS CLASS	1
fancy	1
Fancy	1
fang	1
FANG BOMB	1
fanstastic	1
fantastic	1
fantastic plastic	1
Fantastic Plastic Records	1
fantasy	1
Fantasy Milestone	1
FANTOME PHONOGRAPHIQUE	1
FAR & HERE	1
Far East	1
FAR OUT	1
far out recordings	1
fat cat	1
FATAKA	1
Fatal Marble Records	1
fatcat records	1
fathom	1
FAUX PAS	1
Favored Nations	1
FAVORITE	1
FEAR/BDIH Records	1
Fearless Records	1
FEAST OF HATE AND FEAR	1
FEATHERED COYOTE	1
FEDORA CORPSE	1
FEED THE PEEPS	1
Feel It/Future Shock	1
Feldspar	1
Felmay	1
Felt Forest Records	1
Felte	1
fenway	1
Fenway	1
Ferment Press	1
Ferret	1
Fetal Records	1
Fetish Records	1
Fever Records	1
FFRR Records	1
fibre records	1
fiction	1
fidelity	1
field recording co	1
Fifth Column	1
File Under Music	1
FILE UNDER MUSIC	1
filthy bonnet	1
Finders Keepers	1
finders-keepers	1
FINE CONCEPTS	1
Finisterre	1
finlandia	1
Fire	1
fire inc.	1
fire records	1
Fire records	1
Fire Records	1
Fire Talk	1
Firehouse	1
FIREWORK EDITION	1
first love	1
first warning	1
First Word Records	1
Fish Records	1
fishobaby	1
Fishtail Records	1
Fist Puppet/Ex Records	1
FIT	1
Fit Sound	1
Five Foot Two	1
five kill	1
Fivefour	1
Fixed Grin Records	1
FIXED IDENTITY	1
FIXTURE RECORDS	1
Flameshovel	1
FLAMESHOVEL	1
flaming pie	1
Flaming Pie Records	1
Flapping Jet Records	1
Flarenzach	1
Flashback	1
Flat 5 Press & Recording Co.	1
flat Baroque records	1
FLAT FIELD	1
fledg'ling	1
Fledg'ling	1
Fledg'ling Records	1
fleece	1
flemish eye	1
Flemish Masters	1
Flexout Audio	1
Flicknife	1
Flipmode	1
Flipside	1
FLOAT	1
Flowered Sleeve Records	1
flux	1
Flux	1
Flydaddy Records	1
Flyin' Records	1
Flying Dutchmen	1
FLying Fish	1
flying fish records	1
flying monkeys	1
FMR	1
Folk Era Records	1
folk legacy	1
Folk Legacy	1
Folkways	1
Folkways Records	1
Fonal	1
fonograff	1
Fonovisa	1
Food	1
Foodchain	1
Force	1
Force Inc.	1
forced exposure	1
Forehead Records	1
Foreign Leisure	1
forever living originals	1
Forget The Clock	1
FORT KNOX	1
fort lowell	1
Fortuna	1
FORTUNE	1
Fortune Records	1
FORUM	1
fountain	1
fountain of youth records	1
Fountain of Youth Records	1
Four dots records	1
Fragment Factory	1
Framavision	1
Fraser/Farr Records	1
FREAKOUT CULT	1
freckle	1
Freckle Records	1
Free Dirt	1
FREE DIRT	1
FREE PORCUPINE SOCIETY	1
Free Whirl Records	1
Freedom Family	1
Freedom to Spend	1
freek records	1
Freestyle Records	1
French Kiss Records	1
Frenetic Records	1
fresh avery	1
Fresh Fruit Records	1
Fresh Re	1
Fresh Sounds	1
fret full music	1
Friendly Fire Recordings	1
Frog Pad Records	1
FROG STAND	1
Front Hall	1
Frotee	1
FROZEN LIGHT	1
FROZEN REEDS	1
FSS	1
FTARRI	1
fuel	1
Fueled by Ramen	1
Full Moon	1
Full Tilt	1
full time hobby	1
Full Time Hobby	1
FullContact Records	1
Fuller Bosom	1
Fun Music	1
Fun Stuff	1
Function8	1
Fundamental	1
Fundamental Frequencies	1
Funk Night	1
Funk Night Records	1
Funky Ass Records	1
FUNKY DELICACIES	1
Funny Wisdom	1
FUNNY/NOT FUNNY	1
Funtone USA	1
FUR	1
fur records	1
Further Records	1
Future	1
Future Corridor	1
FUTURE DAYS	1
FUTURE FARMER	1
Future Farmer Recordings	1
Future Recordings	1
Futurist	1
Fuzzy Box	1
Fuzzy Box Records	1
FYFYA AWOT	1
G-STONE	1
gadfly	1
Gadfly records	1
Gadfly Records	1
Gaff Music	1
GAFFER	1
GAGARIN	1
Gaia records	1
gaitan	1
GALACTIC DUST	1
galaxia	1
Galaxia	1
gammon	1
Gammon	1
Gammon Records	1
gant	1
Gar-Hole Records	1
Gark	1
Garnet Recordings	1
Gasatanka	1
GASH COLLECTIVE	1
Gawk Records	1
Gazell	1
GBV INC.	1
gee street	1
geffen records	1
Gene Pool	1
General Recording Corporation	1
General Speech	1
Generic Records	1
genes	1
Genius	1
genius records	1
GENOA IMPORTS	1
Gentle Daze Records	1
gentle giant records	1
Geographic	1
Geographic North	1
GEOMETRIK	1
Geometrik Records	1
George Wilson	1
Gern	1
Gern Blandsten	1
Get Back	1
Get This Right	1
Geza Music	1
GHETTO HOUSE BANGAZ INC.	1
GHETTO MAN BEATS	1
GHOST DISC	1
GHOST REPORTER	1
giant	1
Giant Step	1
GIEGLING	1
GIGANTE SOUND	1
Gigantic	1
GIGOLO	1
GILGONGO	1
Ging Recordings	1
Ginger Records	1
Girlie Records	1
gitanes	1
Gjurmet	1
GLACIAL MOVEMENTS	1
glacial pace	1
Gladys Pearce	1
GLARC	1
glass fish	1
GLASS MUSEUM	1
GLASS, HOUSE	1
glassnote	1
Glassnote	1
Glen Island Music	1
glitterhouse	1
glitterhouse records	1
GLOBAL HYBRID	1
Globe Style	1
GNARLED FOREST	1
gndwire	1
GNOME LIFE	1
gnomonsong	1
go beat	1
Go! Discs	1
Go! Records	1
GOING HOME	1
GoJohnnyGo	1
gold castle	1
Gold Dust	1
GOLD STANDARD LABORATORIES	1
Gold Strike	1
Golden River Records	1
GOMA GRINGA DISCOS	1
Gondwana Records	1
GONZAI	1
good foot records	1
Good Foot Records	1
good looking	1
Good Looking Records	1
Goodnight Records	1
Gordy	1
Gotta Groove Records	1
gourmandizer (1997)	1
Goyem Records	1
Gozadera	1
GQOM OH!	1
GraceSpace Music	1
Grady Shady Music, Inc.	1
Gramavision Records	1
Grammophon	1
granary music	1
Grand Central Records	1
Grand Records	1
grand royal	1
Grand Royal	1
grand theft audio	1
GRAPEFRUIT RECORD CLUB	1
Grass	1
grasshopper	1
GRAVE MISTAKE	1
Gravitation	1
Gravity	1
GRAVITY	1
Great American Music Hall	1
Great Divide Records	1
GREAT POP SUPPLEMENT	1
Great Society	1
Great Southern	1
Great Southern Records	1
GREAT STUFF RECORDINGS	1
Greco-Roman	1
GREEDY	1
GREEN	1
green dolphin	1
GREEN HOUSE	1
green monkey	1
GREEN OWL	1
GREEN STREETS	1
Green Triangle Records	1
greenleaf	1
greensleeves	1
Greensleeves	1
greentrax	1
Greffen	1
grenadine	1
grey flat records	1
GREYSCALE	1
griffin	1
griffin music	1
Grimsey Records	1
Griselda	1
GRM	1
Grob	1
GROOVE ATTACK	1
Groovelocity	1
GROSSO!	1
Ground Up	1
GRP	1
GRP Records	1
Grudge	1
Grundleville	1
gsl	1
Guardian	1
Guernica	1
GUERRILLA REISSUES	1
Guildwater Group	1
Gulcher Records	1
GUSSTAFF	1
Gusto Records	1
Gut	1
Gutbrain	1
GWR	1
GYPSY FARM	1
Gyroscope	1
H&H Production	1
H2	1
Habibi Funk 017	1
hacktone	1
HAIR & GLASSES LTD.	1
Haista	1
Hakuna Kulala	1
HAKUNA KULALA	1
HALATERN, ETC.	1
HALF NOTE	1
HALF TOOTH	1
HALL OF RECORDS/HUMAN EAR MUSIC	1
HALLOW GROUND	1
Hand Drawn Dracula	1
Hand-Held Recordings	1
HANDS DOWN PRODUCTIONS	1
Hands Productions	1
Handsome Records	1
Hangman	1
HANNIBAL RECORDS	1
hansa	1
hap-jones	1
Hapna	1
happi tyme	1
HAPPY GO LUCKY	1
Happy Land Records	1
Happy People	1
Harbourtown Records	1
HARD WORLD	1
hardly art	1
HARLEQUIN	1
Harmodlic	1
harmolodic	1
Harmolodic	1
harmony	1
Harmony	1
Harriet	1
harvestworks	1
HASANA EDITIONS	1
hat art	1
Hat Hut Records	1
Hat Hut/Hatology	1
HATETOQUIT	1
hatOLOGy	1
hatOLOGY	1
Hatology	1
HATOLOGY/HAT HUT	1
Hausu Mountain	1
Hawker Records	1
HBK GANG	1
HDCD	1
HDM Records	1
he Communion	1
headhunter	1
Headhunter Records	1
HEADKRACK	1
Headroom Studios	1
Hear Music	1
Heart Beat	1
Heart Murmur Records	1
Hearthan	1
Heartland	1
Heartpunch Music	1
Hearts O' Space	1
Heat Crimes	1
Heat Records	1
HEAT RETENTION	1
Heat Wave	1
Heats of Space	1
HEAVEN & EARTH MAGIC	1
heavenly	1
Heavenly Recordings	1
HEAVY ARTILLERY	1
HEAVY BLOSSOM	1
HEAVY ON THE GRIND	1
HEAVY PSYCH SOUNDS	1
HEC Tapes	1
Hedera	1
heinz	1
HelioCD	1
Heliocentric	1
hellcat	1
Hellcat	1
Hellcat Records	1
Hemisphere	1
HENCH	1
Henry St.	1
Heritage	1
HERITAGE	1
Hermine	1
HERMIT HUT	1
Hero Music	1
HESSLE AUDIO	1
Hexacord	1
Heyday	1
Heyday Records	1
hfn music	1
HI Fidelity	1
Hi Records	1
HI-FI YEAH!	1
Hib-Ton	1
Hickory	1
HICKORY JACK	1
hidden agenda	1
Hidden Agenda Records	1
Hidden Beach	1
Hidden Beach Recordings	1
Hiero Imperium	1
High Fidelity	1
High Impedence	1
HIGH JAZZ* Records	1
high park records	1
High Times Records	1
High Two Recordings	1
High Water	1
High Windy	1
hIGHER gROUND	1
Higher Octave	1
HIGHGRADE	1
Hip Pocket Records	1
Hip-O	1
Hip-O Records	1
HiPNOTT Records	1
HIPPOS IN TANKS	1
HISKO	1
Hispavox	1
historic new jersey	1
Hit A Note Records	1
Hit or Miss	1
hit thing	1
Hit Thing	1
Hitit	1
Hold Me	1
Holiday Maker	1
HOLIDAYS	1
Holidays for Quince	1
hollywood records	1
Hologramophone Records	1
HOLY SMOKES!	1
home cooking	1
HOME NORMAL	1
HOME TAPES	1
Homecoming	1
HOMESTEAD	1
homestead (1987)	1
Homestead Recods	1
homestead records	1
HOMO-CENTRIC Records	1
HOMOPHONI	1
Honest Jon's	1
Honest Jon's Records	1
Honeychain	1
Honeymoon	1
HOOD FAIRE	1
HOOK OR CROOK	1
HOPESTREET	1
Hopewell	1
Hopewell Records	1
hopscotch	1
Hopscotch	1
HORUS	1
Hot Casa	1
Hot Mule	1
Hot Rabbit	1
hot records	1
Hot Records	1
HOT SHOT SOUNDS	1
Hotel Motel Records	1
Hotel Nizza	1
HOTFLUSH	1
House of Afandi Records	1
House of Blues Music Company	1
Houston Party Records	1
HOW DO YOU ARE?	1
Howdy Skies Records	1
Howl Records	1
Howling Sounds	1
Hozac	1
HUB	1
Hub City Records	1
Human Re Sources	1
Human Resources	1
Humanhood Recordings	1
HUMBUG	1
hungry hill	1
Hunter	1
HURLING MAN	1
HUSH	1
HUSH HUSH	1
Hut	1
Hy records	1
Hybrid	1
Hydrogen Dukebox	1
hymen	1
Hymen	1
HYMNS	1
Hypercolour	1
hyperdub	1
Hypno-Vista	1
HYPNO-VISTA	1
Hypnotic	1
I Am Sound	1
I AM SOUND	1
I C I Records	1
i eat records	1
I Love You	1
I Wanna	1
I Wanna/BMI	1
i.e. records	1
I.R.S Records	1
I.R.S./EMI	1
I2XU	1
iASO	1
ice	1
Ice	1
Iceberg	1
Icon	1
icsu	1
Idaho	1
IDEA	1
Idea / Cooking Vinyl	1
Ideal	1
IDEAL	1
iDEAL Recordings	1
IDEASFORHOUSECRAFTS	1
Ideologic Organ	1
IDEOLOGIC ORGAN	1
Idful	1
Idol	1
idol records	1
Ignition Records	1
igor records	1
Iguana Coax	1
IKEF	1
Ilian Tape	1
Ill Labels	1
ILLSON	1
Illuminated	1
Iloki	1
IMAGINARY CONFLICT	1
imaginary records	1
Imaginary records	1
Imaginary Records	1
imago	1
Imago	1
Imago Recording Company	1
IMBALANCE COMPUTER MUSIC	1
Immaculate Taste	1
Immortal	1
Immortal Records	1
IMPD	1
imperial	1
Imperial	1
Imperial Records	1
Import	1
impulse	1
Impulse! ABC	1
IN A CIRCLE	1
IN EFFECT	1
IN PARADISUM	1
In The Machine Age	1
In the Red Records	1
In The Red Records	1
In-effect	1
inbetweens	1
incas records	1
Incienso	1
INCUS	1
Independent	1
Independent Alliance	1
Independent Jeep	1
Independent Project	1
independent project records	1
india archive music	1
INDIA ARCHIVE MUSIC	1
India Navigation	1
INDIELAND	1
Indigedisc	1
INDUSTRIAL	1
Industrial Records	1
INFINE	1
Infine Editions	1
infinity	1
Infinity Records	1
Inflamable Records	1
INFLATABL	1
Infra Sonic	1
INFRACOM	1
INFRACTION	1
Infrasound	1
Infrasound Collective	1
INHERENT	1
Inierra	1
INIMEG RECORDS	1
Initial	1
Initial Records	1
Ink Works	1
inner city	1
INNER ISLANDS	1
INNER OCEAN	1
Innerbeat Music	1
InnerSpace	1
Innerstate	1
Innerstate Records	1
Innervision Records	1
Innerworks	1
insight	1
Insignificant	1
Instant Classic	1
Instant Records	1
Instinct	1
Instinct Records	1
INSTRUCTIONAL MEDIA	1
Instruments of Discipline	1
INTACTO	1
INTAKE TOWER	1
INTANGIBLE CAT	1
intensive scare	1
Intercord	1
Interdimensional Transmissions	1
INTERDIMENSIONAL TRANSMISSIONS	1
Interfisch Records	1
International Anthem Recording Company	1
INTERNATIONAL ANTHEM RECORDING COMPANY	1
INTERNATIONAL CORPORATION	1
International Feel	1
International Jazz Emporium	1
International Record Syndicate Inc.	1
INTERNATIONAL RECORDS RECORDINGS	1
INTONE	1
INTR.VERSION	1
Intuit Solar	1
intuition	1
Intuition	1
INTUITION	1
Invada Records	1
invasion records	1
invisible	1
Invisible City Editions	1
IONIK	1
IOT Records	1
Iridescence	1
Iris	1
Irma Records	1
irs records	1
Isla	1
ISLAND	1
Island Def Jam	1
ISLAND OF THE GODS	1
island records	1
islands	1
ISLE OF JURA	1
Isota	1
ISOTA	1
IT'S	1
Italians Do It Better	1
ITR	1
Iwafune Records	1
IZNIZ RECORDINGS	1
J-Bird	1
J-Mark	1
JACKSHACK/TELEPHONE EXPLOSION	1
JACOBSMIGEL.COM	1
jade tree	1
Jahtari	1
JAJOUKA	1
JakAttak	1
JAMLA	1
JANUS BERLIN	1
Japan Overseas	1
Jarrah Records	1
Jasmine	1
Jasrac	1
Jass Records	1
Jazz Hounds Records	1
jazz is dead	1
jazz magnet records	1
jazz re:freshed	1
Jazz Workshop	1
Jazzman	1
Jazzman Records	1
JAZZWERKSTATT	1
JBO	1
JC	1
JCOR Entertainment	1
JDub	1
JEALOUS GOD	1
jeepster	1
jem	1
Jem	1
Jem records	1
jerk 001	1
Jester	1
Jesus Christ	1
jesus christ records	1
Jet	1
Jet Set	1
jetset	1
Jettison Records	1
JIAOLONG	1
JIGSAW	1
jilmar	1
Jin	1
jive afrika	1
JJ Records	1
JML	1
Joaquin	1
JOHANN'S FACE	1
John Wendell	1
johnston	1
JOLLY JAMS	1
JRS	1
JSP Records	1
Juba Records	1
Jubilee	1
june appal	1
Jungle	1
JUNGLE CRUNK	1
Jungle Records	1
Jungle Sky	1
Jungle Sky Records	1
Junior Boy's Own	1
Junior Highness	1
just isnt music	1
JUST US/AUDIO SKETCH BOOK	1
Justice Records	1
justin time	1
JUSTIN TIME	1
JVC	1
K (2000)	1
K Punk	1
K.O.A. records	1
k7	1
K7	1
Kab America	1
Kadooga Music	1
KAFTEN	1
KAJMERE	1
Kalahari Oyster Cult	1
Kaleidoscope	1
Kallista Records	1
kama sutra	1
Kama Sutra (1973)	1
Kama Sutra Records	1
Kamera	1
Kanine Records	1
KANINE RECORDS	1
Kapp/MCA	1
Kapsela	1
Karaoke Kalk	1
KARAT	1
KARLOFF	1
Karma Chief	1
Karma Chief Records	1
Karma Sutra Records	1
kat family	1
KATHEXIS	1
KDVS	1
KELPTONE	1
KEMAL	1
Kemet Records	1
keyhole records	1
Keywhole Recordings	1
KHEMIA	1
KHMER ROCKS	1
KI/OON	1
Kigensho Records	1
KILL ROCK STARS/5 RUE CHRISTINE	1
KILL THE DJ	1
Kimchee	1
KIND TURKEY	1
Kindred Spirits	1
kinetic records	1
Kinetic/Reprise	1
King Solomon Records	1
Kingfisher	1
Kingspot	1
KINGSTON SOUNDS	1
Kirshner Records	1
KIRTLAND	1
kitchen motors	1
kitchen ware record	1
Kitchenware	1
Kittridge	1
Kitty records	1
kitty-yo	1
kitty-yo/kollaps	1
Kk Records	1
KLAKSON	1
Klasse Wrecks	1
Klavier Record Company	1
KLIMT	1
klp	1
Knee High Records	1
Knekelhuis	1
KNIFE TAPES	1
knitting factory	1
Knw-yr-own	1
kobalt	1
Koch Jazz	1
Koka Records	1
Kokopelli Records	1
KokoPop	1
kompakt	1
Konami	1
Konkurrent	1
KONTRA MUSIK	1
Kontrans	1
KONTRANS	1
Koombia Music	1
Korea Undok Group	1
Korm Plastics	1
korova	1
KRAFTJERKZ	1
Krave	1
Krazi Music	1
KRIAN	1
KSR	1
Kudu	1
KUDU	1
Kwaidan	1
L-M Records	1
L.A. Club Resource	1
L.R.S.	1
L'ESPIRIT DE L'ESCALIER	1
L'Invitation au Suicide	1
L**ner Enterprises	1
La Bonne Musique	1
la brea (1995)	1
La Parca	1
la societe expeditionnaire	1
La-Di-Da America	1
Label Bleu	1
Labor Records	1
Labrador Records	1
LACIES	1
Ladyslipper Records	1
laface	1
LaFace Records	1
LAFMS	1
LAID	1
Lakeshore	1
Lame-O	1
LAMPSE	1
Lamunai	1
LancePierre	1
Landmark	1
Landspeed Records	1
Lane Signature Sounds	1
Laser	1
Last Gang Records	1
last records	1
Last Roundup	1
last time round records	1
Last Visible Dog	1
latency recordings	1
Lather Records	1
latino bugger veil	1
Latitudes	1
Laundry Room Records	1
laurie	1
Laurie	1
Laurie Records	1
lava	1
Lava Records	1
Lavakoo Records	1
Law of Inertia	1
Law of Inertia Records	1
lazyline	1
Le Chant du Monde	1
Le Jazz	1
le systeme	1
leaf/skintone	1
Leap	1
Leap records	1
Leface	1
LEFT EAR	1
LEFT HAND PATH	1
Legacy	1
LEGENDARY MUSIC	1
Legrand Records	1
Leitmotiv	1
Lektronic Soundscapes	1
LENG	1
Lengua Armada Discos	1
leo records	1
LeoRecords	1
les disques du crepuscule	1
less records	1
Let's Pretend	1
Lethal	1
LEVEL UP	1
LEXICON DEVIL	1
LIFE AND DEATH	1
Life Style	1
Lifesong Records	1
Light	1
Light in the Attic Records	1
LIGHTYEAR	1
Lil Abner	1
Lil Jukebox	1
LIMITED APPEAL	1
limited potential	1
Linda's Strange Vacation	1
Line	1
Line/Outline	1
Link	1
Linn Records	1
Lintie	1
LION PRODUCTIONS/LIGHT IN THE ATTIC	1
Lionel	1
LISBON LUX	1
lithium	1
Lithium	1
LITTLE BIG CHIEF	1
little brother	1
Little Brother	1
Little Brother Records	1
LITTLE GOLD SONGS	1
Little King Records	1
Little Train	1
little voice	1
LIVE AT ROBERT JOHNSON	1
Live From Earth Klub	1
LIVE:UP	1
Livestock Records	1
Living Music	1
living stereo	1
Lizos Music	1
LL Edizioni	1
LM	1
LMGROVLLUM	1
load	1
LOAF	1
Local Action	1
LOCAL ACTION	1
Local Folkel Records	1
LOCUST	1
Lodge Records	1
LOFI SUPPLY	1
LOGIC	1
Logic Records	1
Logic Records (1997)	1
LOGOS/SUB ROSA	1
Loligo	1
LOLIPOP	1
Lolita	1
Loma Vista	1
lomo	1
LONA	1
London FFrr	1
London Recordings	1
Lonely Records	1
Longinus Recordings	1
LONO	1
Look	1
LOOK MAMA!	1
Lookout records	1
Loose	1
Loose Ground	1
Loose Music	1
LOOSE RECORDINGS	1
Loose Thread Recordings	1
Loretta	1
Lost	1
Lost and Found	1
lost arts records	1
Lost Episodes	1
Lost Records	1
Loud	1
Loud (1994)	1
LOUD DEVICES	1
Loud Records	1
LOUD/RCA	1
lounge	1
LOVE PUMP	1
Love What You Feel	1
Lovehammer	1
Loveland Music	1
Lovely Music, Ltd.	1
lovemonk	1
LOVERS ROCK	1
Low Company	1
Low Lying Records	1
Low Noise Music	1
LSN	1
LTM	1
Luckie Street Records	1
LUCKY MADISON	1
Lucky Number Music Ltd	1
luckyhorse industries	1
Luckyhorse Industries	1
Luke	1
LUMBERTON TRADING COMPANY	1
LUMINESCENCE RECORDS	1
Luna	1
LUOVA	1
Lustmurder Records	1
Luv n' haight	1
Luv n' Haight	1
Lycium Music	1
lydia	1
Lynwood Records	1
lyrichord	1
Lyrichord	1
Lysergic Sound Distributions	1
LZY_SLN	1
M.A.D.E.T.O.	1
M.C.	1
M.O.B. Music Corp	1
M=Minimal	1
M=MINIMAL	1
M>O>S	1
M4NM	1
M80	1
M9 ENTERTAINMENT	1
MAC	1
MACHBEAT.COM	1
MACHINING DREAMS	1
Mack Avenue Records	1
MACKROSOFT	1
MACRO	1
MAD ABOUT RECORDS	1
Mad Rover Records	1
Madlib Medicine Show	1
MADRONA	1
Magaibutsu Records	1
Magic Eye Singles	1
Magnet	1
MAGNETIC EYE	1
Magnetic Motorworks	1
Magnum	1
MAHOGANI MUSIC	1
Main Tripp Records	1
main vein records	1
Mainframe Audio	1
mainstream	1
Maison de soul	1
Maison de Soul	1
Maison de Soul Records	1
Maitreya Apache Music	1
Majikick Records	1
MAJMUA MUSIC	1
Major Domo	1
MAJOR KEY	1
Major Label	1
majora	1
MAJORDOMO	1
Majordomo Records	1
MAKE BELIEVE	1
MALASARTES	1
Malka Tuti	1
Mama Records	1
MANA	1
Mandatory	1
Mandogfish/Dustbowl	1
Mandragora Records	1
Manhattan	1
manhattan records	1
Manhattan Records	1
manifesto	1
MANIFESTO	1
Manifesto Records	1
MANIVETTE RECORDS	1
Mankin Records	1
Manteca	1
Manticore	1
Manufacture	1
Maple Death	1
Maple Death Records	1
march records	1
Marcus Records	1
Marina	1
MARINA	1
Marionette	1
MARIONETTE	1
Marshall Teller Records	1
martini records	1
Mass	1
Mass Particles of DC	1
Matador (1992)	1
matador records	1
Matchless	1
Matinee	1
MATSULI	1
Mattress	1
Maverick/Warner Bros	1
Maverick/Warner Bros.	1
Maybe Mars	1
MAYBE MARS	1
MC Records	1
Mca	1
MCA (1974)	1
MCA/Universal	1
MCDE	1
McDisk	1
mcm	1
Meadow Lark Records	1
Meadowlark	1
Meat Records	1
Medusa	1
MEGAFORCE	1
Megaphone	1
mego	1
MEGO	1
MEIKAL	1
Melanie Records	1
melankolic	1
Melodic	1
Melodie Distribution	1
Melodies International	1
Melodies Souterraines	1
Melodiya Records	1
meltdown records	1
Meltdown Records	1
MEMPHIS INDUSTRIES	1
Mends Recordings	1
menlo park	1
MENTAL MONKEY	1
Merck	1
MERCURY	1
mercury (1988)	1
MERGE RECORDS	1
Merkin Records	1
Mesa/Bluemoon Recordings	1
Mesh-Key	1
Messenger Records	1
Messidor	1
Meta Records	1
metal blade	1
METAL BLADE	1
metromedia	1
Metron Records	1
Metronome	1
metronome musik group	1
metropolis	1
Metropolis	1
Metropolis Records	1
Metropolitan Recording Company	1
mezzotint	1
Mezzotint	1
Mick Music	1
MICROCOSM	1
microQlima	1
Mid West Action	1
MIDDAY	1
Midgar Records	1
midnight	1
MIDNIGHT ROCK	1
midnight special	1
Midriff Records	1
MIDWICH	1
MIGHTY MOUTH MUSIC	1
Mignight Music	1
MIGRATION MEDIA	1
Mike Langlie	1
MIKROTON	1
Milan Entertainment, Inc.	1
Miles	1
milk and scissors music	1
Milking Bull	1
Mill Records	1
MILLE PLATEAUX	1
Millenium Records	1
MILLION DOLLAR	1
mimeograph	1
MIND/BETHLEHEM XXX	1
Mindwalk Recordings	1
MINIMAL WAVE	1
Ministry of Sound	1
MINKY	1
MINOR7FLAT5	1
mint	1
Mint	1
MINTY FRESH	1
MINUS	1
Minus Inc.	1
MIO Records	1
MIRABEL	1
Mirage	1
Miramar	1
MISANTHROPIC AGENDA	1
Miskatonic Foundation	1
Misra Records	1
missing piece	1
MISSISSIPPI/CHANGE	1
Mitaitio	1
MITEK	1
Mixed Signals	1
MMRF	1
mnrk	1
MNW Records	1
Mo Wax	1
mobile	1
MOCK	1
Mode (1999)	1
Modern Love	1
Modern Method	1
Modern Method Records	1
Modern Records	1
modern songbook	1
MODULAR	1
MODULARZ	1
Moers	1
MOI J'CONNAIS	1
Moikai	1
moist	1
Moist	1
Mojo	1
MOLL	1
Mom + Pop	1
MOM + POP	1
Mona	1
MONABERRY	1
Mondes Elliptiques	1
Mondoj	1
Mongo	1
Monika	1
Monkey Hill Records	1
MONOFONUS PRESS	1
MONORAIL TRESPASSING	1
MONOSYLLABIC	1
MONOTREME	1
Monsieur Fauteux M'Entendez-Vous?	1
Monsiuer Fauteux	1
Monsoon	1
Mood Hut	1
Moodswing	1
Moon Records	1
Moon Ska	1
Moon Ska NYC	1
Moonfog	1
moonshine music	1
Moonshine Music	1
Mordam	1
More	1
More Alarming Records	1
MORE IS MORE	1
MORE MUSIC	1
Moribund	1
MoRisen	1
Morning Star Records	1
Morning Trip	1
MORNING TRIP	1
Morph Tracks	1
MORPHINE	1
Moshcam Live	1
MOSHI MOSHI RECORDS	1
Motel Records	1
MOTEMA MUSIC	1
Mother Tongue	1
MOTHERSHIP	1
MOTION	1
motion records	1
MOTOWN	1
MOULTY	1
mountain railroad	1
mountain railroad records	1
Mountain Railroad Records	1
Mouth Almighty	1
Mouthpiece	1
MoveItraxx	1
MOVING FURNITURE	1
moving target	1
Mr Bean	1
MR BONGO	1
Mr. Charles Records	1
mr. lady	1
Mr. lady	1
Mr. Lady Records	1
MR. NOBODY	1
mr.lady	1
MTM	1
MTV	1
MU NY	1
MU records	1
MUCHO GUSTO	1
Mud Records	1
Mulatta	1
MULATTA	1
MULE ELECTRONIC	1
Mule Musiq	1
mulligan	1
MULTIPLE	1
MUNDO	1
Munich	1
munster	1
munster records	1
Murderer	1
MUSCLEBOUND RECORDS	1
MUSE / SOUL BROTHER	1
Mush Records	1
Mushroom	1
Mushroom Hour Half Hour	1
Mushroom Pillow	1
MUSHROOM PILLOW	1
Mushroom Records	1
Music & the Arts	1
music artist	1
Music Blitz	1
Music Club	1
Music Factory/Atlantic	1
MUSIC FELLOWSHIP	1
Music for Nations	1
Music from Memory	1
Music in Exile	1
music maniac	1
Music of Life	1
MUSICA GENERA	1
Musicor	1
MUSIQUE PLASTIQUE	1
Musique Pour La Danse	1
MUSIQUES SUISSE	1
MUST DIE	1
Mustang	1
mute records	1
Mute Records Ltd.	1
Muzikawi	1
MY IDEA OF FUN	1
my pal god	1
My Pal God Records	1
Myor	1
Mystra Recoreds	1
Myth America	1
MYTHICAL CARPET STUDIOS	1
N-BEAT	1
N-Det Records	1
n.r. world records	1
n/a	1
N2O	1
n5MD	1
Naada Yoga	1
naafi	1
Nacional Records	1
NAGAM	1
Nail Soup	1
Naive	1
Naked Language	1
naked language records	1
Nana Mary	1
Nano	1
NAPALM	1
Narada Productions	1
narnack	1
Narnack Records	1
NASHAZPHONE	1
NASTY MEMORIES	1
Nasty Mix Records	1
Nastymix	1
nastymix records	1
NastyMix Records	1
nate starkman	1
Nation	1
NATRIX NATRIX	1
Natural Disaster	1
NATURAL HIGH	1
nature sounds	1
Nature Sounds	1
NBN Records	1
NBT	1
NDAGGA	1
NDATL MUZIK	1
Neapolitan Records	1
Necessary Records	1
Needmore Songs	1
NEGATIVE GUEST LIST	1
Nelson Records	1
Nemesis Records	1
nemperor records	1
nemporer	1
Nemporer	1
NEMU	1
neon	1
Neon Gold	1
Neon Taste	1
Neophlyte Records	1
Nepentla Records	1
nerd rock music	1
Net 31	1
NETTWERK	1
nettwerk productions	1
neurot	1
nevado	1
Nevado	1
NEVERMORE	1
Nevermore, Inc.	1
new alliance	1
NEW ALLIANCE	1
New Alliance (1989)	1
New Atlantis	1
New Design Records	1
new electronics	1
NEW GRANADA	1
New Line	1
New Moon Music	1
New Red Archives	1
New Rose	1
New State Recordings	1
new tone	1
new world	1
New World Music	1
new world of sound	1
new world records	1
NEW YORK TRAX	1
newalliance	1
newalliance records	1
Newhere Music	1
NEXSOUND	1
Next Best Way	1
NEXT PLATEAU RECORDS	1
Ng Records	1
Nhac Gay	1
Nice Life/Atlantic	1
nickel bag records	1
Night Bloom	1
NIGHT PEOPLE	1
Night Records	1
NIGHT SCHOOL	1
Night Train	1
Nighthawk Records	1
NIGHTPASS HANDMADE	1
Nightwind	1
nipp guitar	1
Nitro Records	1
Nix Nox Production/Mediarts Records, Inc.	1
NMC Music	1
NO CAN DO	1
No Duh records	1
No Fun Productions	1
No Gold	1
No Hit	1
NO IDEA	1
no label	1
No Label	1
no life	1
No Life Records	1
No Limit Records	1
No More Records	1
no quarter	1
No Remorse	1
NO RENT	1
NO ROOM FOR AIR	1
NO VISA	1
NO WAY	1
No. 6	1
no. 6 records	1
No. 6 Records	1
No. 89 Records	1
NOCAR Records	1
NOD AND SMILE RECORDS	1
NOIS-O-LUTION	1
Noise facotry	1
Noise Factory	1
NOISE FACTORY	1
NOISE INTL	1
NOISE MANIFESTO	1
Noise New York	1
NOISENDO	1
Noiseville	1
Noisy Revolution Records	1
Nomad	1
Nomad Records	1
Nomark	1
Nonclassical	1
none	1
Nonplace	1
nonresponse	1
NONSENSE	1
nordic gallery	1
Nordvis/Bindrune	1
Norfolk	1
NORMAL POSITION	1
NORMAL/QDK MEDIA	1
NORMALS WELCOME	1
North East Indie	1
North Knox Records	1
North of January	1
northern records	1
northern spy	1
NorthernBlues	1
NORTHERNBLUES MUSIC	1
Northshore	1
norton records	1
NOSMOKERECORDS	1
Not For The Weak Records	1
Not listed, maybe self-released?	1
Not Not Fun	1
Not On Label	1
NOT TWO	1
Notenuf	1
nothing	1
Nothing Records	1
Notice Recordings	1
NOUMENAL LOOM	1
Noumenon	1
Nous	1
NOUS DISQUES	1
novamute	1
Novamute	1
Novel Sounds	1
November Rain	1
Novlis	1
Now Again	1
Now Sound	1
NRG (1978)	1
NSO18	1
NTS	1
Nu Gruv Alliance	1
Nublu	1
NUBLU	1
Nude	1
NUMA	1
Numero	1
Numero Group/Holy Spirit	1
Nur/Nicht/Nur	1
nuun	1
nuYo Recores	1
NYC Artists' Collective	1
OAKLYN	1
OBE / STEEL WOOL RECORDS	1
Ocean Floor	1
Ocean Rain Records	1
Ocean Way	1
ocora	1
Octave Music Group	1
Odd Records	1
Odda	1
ODDISEE	1
ode	1
Ode	1
Ode Records Inc	1
Odyssey	1
Odyssey Productions	1
OF UNSOUND MIND	1
OFF	1
off the records	1
OFFEN	1
OFFICE	1
oglio	1
OGUN	1
Oh! Tonito	1
OhBoy	1
Ohev Records	1
OHM	1
Okay Nature	1
Okka Disk	1
Okkadisk	1
Okra	1
Okra records	1
Okra-tone Records	1
OLD BLUE	1
old dam records	1
Old Heaven Books	1
Old Homestead	1
OLD ROOKIE	1
Old Scratch Grammophon	1
Old Town	1
OLE	1
OLFACTORY	1
OLSEN	1
Olympia Records	1
Om	1
Om Records	1
OMEGA SUPREME	1
OMLOTT	1
Omnian Music Group	1
Omnibus	1
OMNITONE	1
omnium	1
omnivore	1
OMNIVORE	1
Omnivore Records	1
Omnivore/Ace	1
Omphalos	1
Omplatten	1
OmTown	1
on-u sound records	1
On!	1
One Drop	1
one horse records	1
ONE KIND FAVOR	1
ONE LEAGUE	1
ONE LITTLE INDIAN	1
ONE TRACK RECORDS	1
One World Records	1
One-Hour Records	1
Onion Records	1
Onliest Records	1
OO Discs	1
oodiscs	1
Op Pop Pop	1
Opal	1
Opal Tapes	1
Open Air Records	1
OPEN LETTER	1
Open Mouth Records	1
openda	1
OPERATION UNKNOWN	1
OPTIMO MUSIC	1
Opulence	1
orange	1
Orange	1
Orange Milk	1
Orange Recordings	1
orange records	1
ORANGE SOUND	1
Orange Village Music	1
ORB TAPES	1
Ordinary Landscapes	1
OREAM	1
ORIGIN JAZZ LIBRARY	1
Origin Records	1
Oriki Music	1
Orindal Records	1
Orleans	1
Orleans Records	1
ORMOLYCKA	1
Orpheus Records	1
Oseon/ Panart	1
Ostgut Ton	1
OSTGUT TON	1
ostinato	1
OTHER PEOPLE	1
Otis Records	1
Otoruku	1
Otrabanda	1
Our Secret Record Company	1
OURMOUTH	1
OUTER BATTERY	1
OUTHERE	1
OUTLIER	1
OUTNOW	1
Outpunk	1
Output	1
outside music	1
ovation	1
Over and Out	1
Over the Counter	1
OVERCOAT	1
Overground	1
ovodisk	1
ow om	1
Own up	1
Ownness	1
Oxrat Music	1
OYAE	1
Oyster	1
Ozone	1
P-Vine	1
P::C::P RECORDS	1
P.M.	1
pablo	1
Pacific Arts Corp.	1
PACIFIC CITY SOUND VISIONS	1
Pacific Force	1
PACIFIC ROCK	1
PACrec	1
PADRE HIMALAYA	1
page one	1
Paisley Park	1
Paisley Park Records	1
Paisley Shirt Records	1
PALACE OF LIGHTS	1
Palace Records	1
PALACE/DRAG CITY	1
Palatsi	1
PALENQUE	1
PALETTE	1
palmetto	1
Palmetto Records	1
PAMPA	1
PAN AMI	1
Pangea	1
PANZERKREUZ	1
paolydor	1
Papa Roux Records	1
Papaya Records Detroit	1
paper bag	1
Paper Bag Records	1
Paperhouse Records	1
PARACHUTE	1
paradigm	1
Paradigm	1
paradise	1
Paradise	1
paradise of bachelors	1
Paradox	1
Paradox Records	1
Paralaxe Editions	1
PARALAXE EDITIONS	1
paramount	1
PARAMOUNT	1
PARANOID LONDON	1
parasol	1
paris	1
Park 'N Ride	1
Park Records	1
Park the Van	1
Park The Van	1
PARK THE VAN	1
Parla	1
Parlophone Records	1
Parlophone/Columbia	1
PARLORTONE	1
PARTE	1
PASSIN' THRU	1
Past Now Tomorrow	1
Pastique Recordings	1
Pathfinder	1
Pausa	1
Pavillion	1
Pay Jay Recordings	1
payola	1
PCA Records	1
PCJC	1
PCP Entertainment	1
PCP Records	1
PDSE (2000)	1
peacefrog	1
PEACEVILLE	1
PEAK OIL	1
PEAKING MANDALA	1
PEANUTS & CORN	1
Pearl Necklace	1
PECAN CRAZY	1
Peek A Boo	1
peek-a-boo	1
PEEK-A-BOO	1
Peek-a-Boo Records	1
Pegasus	1
pehr	1
Peligro!	1
Pendelum Records	1
pendragon	1
Pendulum Productions	1
Penrose	1
Penthouse Records	1
People's Potential Unlimited	1
Peoples Potential Unlimited	1
Pepite	1
PERFECTIFON	1
Performance Records	1
Perhaps Transparent	1
periplum	1
PERISHABLE	1
perlon	1
Perlon	1
permanent	1
Permanent Vacation	1
Perry Botkin Music Co.	1
PERSIAN CARDINAL	1
persona non grata	1
Personal Favorite	1
Perspective	1
peterbilt/dischord	1
petroleum by products	1
pfMentum	1
PHAGE TAPES	1
phase 4	1
Phase II	1
PHASERPRONE	1
philips (1972)	1
Philles Records	1
philly archives	1
PHILOPHON	1
PHIXIEOUS ENTERTAINMENT	1
Phonogram/Mercury	1
Phosphonic	1
Phovsho	1
Phrase Text	1
PHUZZ RECORDS	1
Piano Hub	1
PICA	1
Pickwick International	1
picnic horn	1
PIEROGII-DISC/LIBERTATIA OVERSEAS TRADING	1
Pig Zen's Pace	1
PILGRIMAGE	1
Pin-Up	1
PINE CONE	1
Pinecastle Records	1
pink dust	1
Pink Dust	1
Pink Dust Records	1
PIONEER WORKS	1
Pirahna	1
Piranha Music Verlag	1
Pirouette Records	1
PITCH A TENT	1
Pitch A Tent Records	1
placebo	1
Placebo REcords	1
Placid Casual	1
PLACID CASUAL	1
Plag Dich Nicht	1
plaid cat	1
PLANARIA	1
planet	1
Planet e	1
Planet E Communications, Inc.	1
Planetary Group	1
Plantation Records	1
planting seeds	1
Plastic Records	1
plastique recording co.	1
Platform 23	1
play it again sam	1
Play it Again Sam	1
Play It Again Sam Records USA	1
Playboy Records	1
Plaza Zachodnia	1
PLEASURE OF THE TEXT	1
Pleasure Records	1
Plexus	1
PLOP	1
Ploygram	1
plug research	1
Plug Research	1
PLUT	1
PNN	1
po daddy	1
POCAHONTAS SWAMP MACHINE	1
Poclanos	1
Pogus	1
point music	1
Poison Moon	1
Polar	1
Polemic Records	1
POLYDOR	1
Polydor Records	1
POLYGRAM (1984?)	1
polygram (1984)	1
PolyGram Records Inc.	1
polymer	1
POLYSTAR	1
polyvinyl	1
Polyvinyl + Double Double Whammy	1
polyvinyl record co	1
Polyvinyl Record Co.	1
POME POME TONES	1
POMPERIPOSSA	1
PONDEROSA MUSIC + ART	1
POO-BAH	1
Pooky Looky	1
Pooky Looky Records	1
pop god	1
pop mafia	1
pop narcotic	1
POP NIHIL	1
Pop Records	1
pop secret	1
Popdisk	1
popfactory	1
Popfactory	1
popllama	1
Popllama	1
PopLlama	1
PopLlama (1990)	1
PopNarcotic	1
POPNIHIL	1
Popscape	1
Pork	1
Pork Recordings	1
port	1
Porter	1
porter records	1
Porto Franco Records	1
Portrait Masters	1
Portrait/CBS	1
Portraits GRM	1
posh boy music	1
position chrome	1
Post Mortem Records	1
Post Present Medium	1
POST-CONSUMER	1
Potato Records	1
Poteet	1
POTENCY	1
POTLUCK	1
POUTRE APPARENTE	1
Power Pak	1
powerhouse	1
Pox World Empire	1
PPA	1
PPU	1
PPU Records	1
PRAH Recordings	1
Prank	1
Pravda Records	1
Precious	1
Preference Recordings	1
premier albums	1
Preservation	1
PRESS	1
Presto!	1
PRHYME RECORDS	1
PRICE TAPES	1
Pride	1
PRIMARY NUMBERS	1
Prime Source	1
PRIME SOURCE	1
Primitech	1
Primitech Releases	1
PRIMITIVE LANGUAGES	1
Prince House Records	1
PRINCESS	1
principals of entertainment	1
PRINCIPE	1
Priority (1998)	1
Prism Leisure	1
PRISMA	1
private	1
Private	1
PRIVATE LEISURE	1
private music	1
private stock	1
Private Stock	1
Private Stock Records	1
PROBE	1
Probe Plus	1
probe/abc	1
PROFAN	1
profil de face	1
Profound Lore	1
program audio	1
prohibited records	1
PROIBITO	1
Project Blowed Recordings	1
Projectile Records	1
Promised Land	1
PROMPT CRITIC	1
PROPER	1
Prophesy	1
propinquity	1
Proshop004	1
PROSTHETIC	1
Prounswick	1
PSF	1
PSI	1
PSYCH-O-PATH	1
PSYCHIC HANDSHAKE	1
Psychic Hotline	1
Psycho Teddy	1
Public Bath Records	1
Public Guilt	1
Puking Asian Records	1
Pulltoys and Milktruck Records	1
pulsec	1
PUNCH DRUNK	1
Punk In My Vitamins	1
Punk in My Vitamins? Records	1
PUNK KITTY	1
Purely Physical Teeny Tapes	1
Purg/Sound League	1
Purge Sound League	1
Purple Pyramid	1
PURPLE TAPES PEDIGREE	1
Pusmort	1
Put it on a Cracker	1
Putumayo World Music	1
pvc	1
Pye Records	1
PYRAMID SCHEME	1
QDK MEDIA	1
qfr	1
Quakebasket	1
QUAKEBASKET	1
Quality Control	1
quannum projects	1
Quannum Projects	1
quarter mass	1
QUARTERSTICK	1
quarterstick records	1
QUECKSILBER	1
QUEEN CONSTANCE	1
Queenie	1
question mark records	1
QUESTIONS AND ANSWERS	1
QUESTZ	1
Quicksilver Recording Company	1
QUIET DESIGN	1
QUIET MONEY	1
QUIET TIME	1
Quintessence Critic's Choice	1
QUITE SCIENTIFIC	1
RAAM	1
raccoon	1
Racing Junior	1
RACING JUNIOR	1
Rad Elmo Music	1
Radar Light Records	1
RADIATION	1
RADICAL TURF	1
Radikal Records	1
Radio Khiyaban / Cardinal Fuzz / A.U.M.	1
Radio Records	1
Radio Tokyo	1
Radium	1
raga drop	1
Ragaprong	1
rain/sony	1
Rainbow Snake Records	1
RAINY DAYS	1
RALPH	1
Ralph Carmichael & Light Records	1
Rambler	1
RAMP	1
RAMP LOCAL	1
RAMPART/MOUNTAIN	1
Ramseur Records	1
Ranch Jams	1
RANCH JAMS	1
Rancho Humilde	1
random radar	1
Randy Dean Records	1
Raney Recording Studio	1
Range	1
Ransom Records	1
Rap-A-Lot Records	1
Rapster	1
Raptor	1
rapunzel	1
RARE BOOK ROOM	1
Rare Book Room Records	1
rare earth	1
ras records	1
raska music	1
Rasslin Records	1
Rastacan	1
raster	1
RASTER-NOTON	1
Rat Box Records	1
Rat Life	1
Ratcity Records	1
RATED X	1
Rational Records	1
Rave	1
Rave On	1
Rave On Records	1
RAVENWOOD	1
Raw Elements Records	1
Raw Money Raps	1
Raw TV	1
Rawkus	1
RAWKUS	1
RAZOR AND TIE	1
Razor N Tape	1
RCA (1980)	1
rca camden	1
RCA Novus	1
RCA/Victor	1
RCD	1
RE-RECORDS	1
Reachout International Records	1
Read Seal	1
ready	1
READY	1
Ready Set Go!	1
real authentic sound	1
Real Life Music	1
real world	1
Real World Records	1
Realworld	1
RealWorld	1
Reaper	1
rebel	1
Rebel Rec.	1
Rebeleon Entertainment	1
Receiver Records	1
Reciever records	1
Recital	1
Reckless	1
Recollection GRM	1
Record collect	1
Record Collect	1
Record Collection	1
Record Kicks	1
Recorded Anthology of American Music	1
RECORDED FIELDS EDITIONS	1
Recorded Publications Company	1
RECORDING	1
Rectangle	1
Recursive Records	1
Red Ant	1
Red Bird	1
red buttons	1
RED BUTTONS	1
Red Eye Transit	1
red flame	1
red house records	1
REd House Records	1
Red Lightenin	1
Red Lightnin	1
Red Pajama	1
red panda	1
Red Panda	1
Red Pepper Records	1
Red Records	1
Red Rhino	1
Red Rhino and the Cartel	1
RED ROCKETS GLARE	1
Red Rum Records	1
red seal	1
RED SHIELD	1
red star	1
Red Toucan	1
REDEFINITION	1
redeye	1
REDUCTION	1
redwing	1
Redwing	1
Redwing Music	1
Reel Discs	1
Reel Recordings	1
Refined Records	1
Reflection Sound	1
Reg	1
Regal Records	1
Regal Zonophone	1
Regency	1
Regency Records	1
REGROOVE	1
Rehash	1
REKEM	1
REL RECORDS	1
relapse	1
relativity recordings!	1
Relatvity	1
Relaxin Records	1
release	1
relix	1
Relix	1
relix records	1
REMEDY	1
Repeditor	1
Repent	1
repertoire	1
Repertoire	1
reptile records	1
REPTILIAN RECORDS	1
Requiem Pour Un Twister	1
rer	1
Rerooted	1
Research Records	1
reservoir	1
Reservoir	1
Resipiscent	1
RESIPISCENT	1
Resonance	1
RESONANT	1
resonate	1
Response	1
RESTLESS	1
restless/mute	1
Retro Afric	1
Retroactive	1
RetroAfric	1
Rett / Fletta	1
REV-O-LA	1
Rev-Ola	1
REVENANT	1
Revenge	1
Revolting Records	1
revolver usa	1
Revolver USA	1
RexCo Records	1
RHINESTONE	1
Rhino / Elektra	1
Rhymesayers	1
Rhymesayers Entertainment	1
Rhythm Attack	1
RHYTHM NATION	1
RHYTHM SECTION	1
RIBBON MUSIC	1
RIBOSOME	1
Richie	1
RICHIE	1
Richtone	1
RidingEasy Records	1
Rift	1
Rift Records	1
Righteous Records	1
Rijid Records	1
Ringent	1
Rinse	1
RIOT SEASON	1
RIPATTI	1
Ripete Records	1
RISE ABOVE	1
RISING ROSE	1
Risque Disque	1
Riti	1
RIVBEA	1
Rivbea Music	1
Riverboat	1
RIVERBOAT	1
Riverboat Records	1
RIVERETTE	1
Riverside Records	1
rna	1
RNA Records	1
Roachleg records/D4MT Labs INC	1
roadrunner records	1
roaming panther	1
Robosapien	1
ROBOT ELEPHANT	1
Roc A Fella	1
Roc-A-Fella Records	1
Rock 'N' Roll Records	1
ROCK ACTION	1
Rock Hotel Records	1
Rockathon	1
Rockathon Records	1
rocket	1
Rocket Girl	1
Rocket Girl Records	1
Rocket/MIE	1
Rockin Horse	1
Rockin' Horse	1
Rocktopia	1
Rockville Records	1
rodent records	1
Rogue	1
roir	1
Roir	1
Rolling Stones	1
Rolling Stones Records	1
ROM records	1
ROM Records	1
Rood Records	1
Roof Bolt	1
Roof Bolt Records	1
Roomtone	1
Rooster Blues	1
Rooster Records	1
Roots Vibration	1
Ropeadope Records	1
ROPH	1
RORATORIO	1
Rosetta Records	1
ROTATING SOULS RECORDS	1
rotoni records	1
rotown	1
ROUGH BEAST	1
rough justice	1
Roughneck	1
Roulette	1
ROULETTE	1
Roulette Jazz	1
rOUNDER	1
Rounder CD	1
rounder records	1
Rounder Records Corp	1
Rounder/Radar	1
Roundert	1
Route 66	1
ROWDY	1
Royal Recorders	1
RPM	1
rput	1
RRRecords	1
RRYGULAR	1
Rub 24	1
Rubric	1
RUBRIC	1
Rubric records	1
Ruby	1
Ruby Eyes	1
Ruby Yacht	1
rubyworks	1
Rubyworks	1
RUDE FANS	1
RUF	1
RUFF CUT	1
Ruff House Records	1
Ruffhouse/ Columbia	1
Ruffhouse/Columbia	1
RuffScallion Records	1
Rughead Records	1
ruling factor records	1
RUN FOR COVER	1
Run for Cover Records	1
Run Recordings	1
run river	1
RUNNING BACK	1
Ruptured / Beacon Sound	1
RURAL ISOLATION PROJECT	1
Rural Rhythm Records	1
Rush Associated Labels	1
Rushmore	1
Rusty Nail Records	1
Ruthless	1
ruthless records	1
Ruthless Records	1
Rvng Intl.	1
RYKO	1
rykodisc	1
RYKODISC	1
S-S Records	1
S.O.S Records	1
Sabusa Records	1
sacred bones	1
sacred sound	1
Safety Net	1
SAHEL SOUNDS / BOOMARM NATION	1
Sahko	1
Sail Records	1
SAINT CECILIA KNOWS	1
SALTERN	1
Salvation Records	1
Sam	1
SAMADHISOUND	1
SAMBA MOON	1
Samplistic Records	1
san andreas	1
SAN HUEVOS RECORDS	1
San Jacinto Records	1
sanctuary	1
Sanctuary Records	1
SANGOPLASMO	1
SANGOPLASMO/CRONICA	1
Sanity Check Music INC	1
SANS ESCAPE	1
Sappy Records	1
Sapsucker Records	1
Sara Laughs Records	1
Sarah Records	1
Saravah	1
SARGENT HOUSE	1
satellite	1
SAVAGE	1
Savage Sound Syndicate	1
SAVING GRACE	1
SAVOURY DAYS	1
Savoy	1
Savoy Records	1
sbc	1
sbk records	1
Scaat Records	1
SCAN	1
SCANDAL BAG	1
SCAPE	1
Scat Records	1
Scenario Records	1
Scepter	1
SCHEMATIC/ASPHODEL	1
SCHOOLKIDS RECORDS	1
Schoolkids' Records	1
SCHOOLMAP	1
Sci Fidelity	1
SCION	1
Scissor Tail Records	1
Scorched Earth	1
Scorpio	1
Scorpio Records	1
Scotti Bros.	1
Scotti Bros. Records	1
scratch	1
SCRATCH	1
Scratch Recordings, LLC	1
Scratch Records	1
scratchie	1
screwgun	1
Screwgun	1
SCREWGUN	1
SD Music Group	1
SDZ Records	1
se Dessaisir Publishing	1
SEA NOTE	1
SEAGREEN	1
Sealed Fate Records	1
Sealed Records	1
Seance Centre	1
SEBASTIAN SPEAKS	1
SECOND EDITIONS	1
second motion	1
Second Nature	1
Second Wave Records	1
SECRET CITY	1
Secret crush	1
SECRET EYE	1
SECRET KEEPER	1
sedimental	1
Seed	1
seeland	1
SEELAND	1
Seksound	1
select	1
Select	1
Select Records	1
Self	1
Self Sabotage Records	1
self-released (1995)	1
SELF-SABOTAGE	1
SEMANTICA	1
SEMI-AUTOMATIC	1
Senko Issha	1
Senufo Editions	1
SENUFO EDITIONS	1
SEREIN	1
Serendipity Doda Records	1
Serengeti	1
Serious Records	1
setanta	1
Seven Arts Records	1
SEVEN SOLDIERS	1
SEVERED HAND	1
sferic	1
Shadoks	1
Shadow	1
SHADOW KINGDOM	1
Shadowbirds	1
Shaka Records	1
Shakti	1
SHAMAN WORK RECORDINGS	1
Shameless	1
Shanachie (1985)	1
Shanachie (1997)	1
Shanachie Entertainment Corp.	1
Shanachie Entertainment Group	1
Shangri-La Records	1
Shantell Records	1
SharkAttack!	1
Sharptone	1
SHE ROCKS!	1
Sheer Sound	1
Shelf Life	1
shelflife	1
shelflife records	1
Shelter Records	1
Shimmy	1
SHIMMY DISC	1
Shimmy Disk	1
Shimmy-Disc	1
shimmy-disk	1
Shimmydisc	1
Shining Skull	1
shiny disc	1
Shipwrec	1
Shitkatapult	1
SHITKATAPULT	1
Shmegma	1
SHOCKOUT	1
Shoe String	1
SHORTHAND	1
shove	1
Shovel and A Spade Records	1
Shredder	1
Shredder records	1
Shredder Records	1
SHRIMPER	1
Shur	1
Sibler	1
Sic Records	1
sick room records	1
SICK THIRST	1
SICK WID IT	1
sickroom	1
SICSIC	1
Side One Dummy	1
Sideman	1
SIDEONEDUMMY	1
Sidewalk	1
sierra	1
Sierra	1
SIGE	1
Signal Route	1
signature sounds	1
Signature Sounds	1
silber	1
Silent Dayze	1
Silent Explosion	1
Silent Records	1
SILKEN TOFU	1
SILLY BIRD	1
SILLYBOY	1
siltbreeze	1
silver girl	1
Silverdoor	1
silvertone	1
Silvertone Records	1
Silverwolf	1
SIMLA HOUSE	1
Simple Music Experience	1
SIMULACRA	1
Simulcast	1
Sin Recordings	1
Sinai Records	1
Sinderlyn	1
SINECURE	1
sing	1
Sing a Song Fighter	1
Sing, Eunuchs! Records	1
Single Lock	1
Singular Records	1
Sire/Warner Bros.	1
siren	1
SIRENA	1
Sister Polygon	1
Sister Records	1
SIT-N-SPIN	1
six degrees	1
SIX DEGREES RECORDS	1
Six Shooter	1
Six Shooter Records	1
SIXSHOOTER	1
sixth international	1
Skaggs Family Records	1
Skaloid	1
skam	1
SKELETAL LIGHTNING	1
Skene!	1
Skep Wax	1
SKIN TRADE	1
Skinny Fish Music	1
Skirl	1
skoda	1
skoda recrods	1
SKROCKI	1
SKROT UP	1
Sky	1
sky jump	1
Sky Record	1
skyclad	1
skylark productions	1
skyline	1
Skylines	1
sl records	1
SLAM	1
SLAPART	1
Slash Records	1
SLEEPER CELL	1
Sleeping Bag	1
SLEEPING GIANT GLOSSOLALIA	1
slithering disc records	1
Sloow Tapes	1
SLOOW TAPES	1
Slouch Records	1
SLOW RIVER RECORDS	1
slowdime	1
Slowdime	1
Slowdime Records	1
SLR	1
slumberland	1
SLUMBERLAND	1
Sm:)e Communications	1
SMACKS	1
Small Town Super Sound	1
Small Voice	1
Small World and Ice Studios	1
Small World Records	1
smash	1
Smash	1
smash records	1
Smash Records	1
SMC	1
smells like	1
SMELLS LIKE	1
Smells like records	1
Smilex	1
Smiley Turtle Records	1
smith hyde	1
Smith Level	1
Smithsonian/Folkways Records	1
smog veil	1
Smokey Lung	1
Snapper	1
SNATCH TAPES	1
Snatch-o-matic	1
Snow Star	1
SNOWGLOBE	1
So So def	1
SOAR	1
Socan	1
Social Registry	1
Soda Jerk	1
SoFloJook	1
SOFRITO SUPER SINGLES	1
soft abuse	1
Soft Abuse	1
Soft Profile	1
Software	1
SOL DISCOS	1
SOL RE SOL	1
Sol Re Sol Records	1
Solar Lodge	1
soleilmoon	1
Solesides	1
solid	1
Solid	1
Solitaire Recordings	1
Solponticello	1
Solstice	1
Solstice Radio	1
Som Livre	1
Some	1
Some Odd Pilot Records	1
Some Records	1
someoddpilot records	1
SOMEONE GOOD	1
Sommor	1
Sonafric	1
SONBOY	1
Song Bird Records	1
songdancer	1
Songdancer	1
Songline Recordings	1
Sonic	1
SONIC ACTS/IMPORTANT	1
sonic boom	1
Sonic Boom	1
Sonic Cathedral	1
Sonic Noise	1
SONIC OYSTER VINYL	1
SoNo Recording Group	1
Sony Music	1
sony music entertainment	1
Sony Music Soundtrax	1
Soothsayer	1
SOS Music	1
SOUL CHANTS	1
Soul Dump	1
Soul Fire	1
SOUL NOTE	1
Soul Selects	1
Soul Static Sound	1
Soulciety records	1
Soulgramma	1
Soulistic	1
SOUMA	1
SOUND AMERICAN	1
Sound Boy	1
SOUND MIRACLE	1
Sound of Singles	1
SOUND OF VAST	1
Sound out	1
SOUND SAMPLER	1
SOUND STREAM	1
Sound@One	1
SOUND@ONE	1
Soundcloud	1
Soundies	1
soundink	1
Soundless	1
Sounds and Colors	1
Sounds Familyre	1
Sounds True	1
SOUNDSCAPE	1
Soundscape Productions	1
Soundway	1
Soundwings	1
Soundwork	1
Source	1
south china sea	1
Southeastern Records	1
SOUTHERN CULTURES	1
southern lord	1
Southern Love	1
SOUTHERN LOVE	1
Southern Songs	1
SOUTHPAW	1
southpaw management	1
SOUTHSIDE DUB STARS	1
Soutrane	1
Spare Me	1
Spark it up	1
Sparrow International	1
Spazio Disponsibile	1
Speakeasy Studios SF	1
Special Forces	1
Spectator	1
SPECTRAL SOUND	1
Spectrum Spools	1
Speedy Wunderground	1
SPIDERSONGS	1
spin art	1
Spin art	1
spinArt	1
spinARt	1
SpinArt	1
SPINART	1
spindizzy	1
Spindletop Records	1
Spindrift	1
Spirit	1
Spirit Feel	1
Spirit Level	1
Spirit of Orr Records	1
Spiritmuse Records	1
Spitfire Records	1
SPLEENLESS	1
Spoken Arts	1
Spongebath Records	1
Spoon	1
SQE MUSIC	1
SR	1
SRI MOONSHINE	1
SSC	1
SSR	1
sst records	1
St. Clair	1
St. Joan Records	1
St. Valentine	1
staalplaat	1
Stag-o-lee	1
Stain Records	1
Stamile Records	1
Standard Deviation	1
STANDARD OIL	1
Star Records	1
Star Route Records	1
Stardog	1
Stardust Records	1
starkland	1
STARKLAND	1
STARLIGHT FURNITURE CO.	1
Starlight Furniture Company	1
Stash Records	1
State Laughter	1
Static	1
Static Shock Records	1
STATRA records	1
staubgold	1
Staubgold	1
stax/ardent	1
STAY FREE!	1
steeplechase	1
SteepleChase Productions	1
stegosaurus	1
Stena Academy	1
Step Ball Chain	1
Step Forward	1
stereo	1
STEREO FIDELITY	1
Stereorama	1
Stereorrific	1
Steric	1
Sterling Bell	1
Sterlng	1
Stern's Africa	1
Sterns	1
Steve Albini	1
Stew Records	1
Stickman	1
Sticky Buttons	1
STIFF	1
stiff/ epic	1
Stikapig	1
still sane	1
Stinky Records	1
Stockholm Label	1
Stoic	1
STOLEN RECORDINGS	1
Stoma Street Verlag	1
Stomp	1
stonegarden	1
Stones Throw Records	1
stony plain	1
Stony Plain	1
Stork Music	1
stormfront records	1
STORUNG	1
Straight	1
strange attractors audio house	1
STRANGE FAMOUS	1
strange folk	1
strange fruit	1
Strange Life	1
STRANGE LIFE	1
Strange Productions	1
Strangelove	1
STRANGER TOUCH	1
STRCTR	1
STREAMLINE	1
Street Corner Music	1
street records	1
streetwise	1
STRIATE CORTEX	1
Strike Back Records	1
STRIKING MECHANISM	1
STRIPPED AND CHEWED	1
Stronghold	1
Stroom	1
STROOM	1
Stroom.tv	1
STROOM.tv	1
Strut Records	1
STUDENTS OF DECAY	1
Studio bedroom records	1
Studio One	1
Studio One (1973)	1
STUDIO ROCKERS	1
stumm	1
STYLO	1
Stymie	1
Styrolounge	1
Suave House	1
sub city	1
Sub Core	1
sub rosa	1
SUB STATIC	1
Sub-Pop	1
Sub-Pop Records	1
SUBATOMIC SOUND	1
Subconscious Communications	1
Sublapse	1
Subliminal Sounds	1
Sublingual of Cambridge	1
Sublingual Records	1
Submeta	1
SUBMIT	1
Subpop	1
SubPop	1
subpop records	1
SUBROUTINE RECORDS	1
substractif	1
subterranean	1
Subterranean	1
Subterranean Records	1
success	1
Sudden Death Records	1
Sudden Shame	1
SUED	1
Sugar Bill Records	1
sugar free	1
Sugar Free	1
sugar hill records	1
sugarbush	1
Sugarfrost	1
Suicide Squeeze Records	1
SULPHUR	1
Sulphur Records	1
Sumac	1
SUN ARK	1
SUN MOON	1
Sun Royalle	1
SUN SNEEZE	1
SUNDAZED MUSIC	1
Sundazed Records	1
Sunnyside	1
Sunnyview	1
Sunset	1
Sunset Sound Records	1
Sunset/Liberty	1
Sup pop	1
Super Deluxe	1
super ego	1
Super Electro	1
Super J	1
SUPER SECRET RECORDS	1
superego	1
SuperEgo	1
superego records	1
Superfan	1
Superior Viaduct	1
Supernova	1
supply and demand	1
surrey	1
Survival	1
SUSANNASONATA	1
Sussex	1
Susstones Records	1
swallow	1
swami	1
Swami Records	1
swan song	1
SWAN SONG	1
swan song (1977)	1
sweet tea	1
swimming	1
SWORDFISH	1
SWP	1
Syf Records	1
SYLLART PRODUCTIONS	1
sympathy for the record industry	1
Syndicore	1
Synthetic	1
Synthetic Symphony	1
systematic	1
t.e.c. tones	1
T.K. Records	1
T.O.V.	1
taang!	1
taang! records	1
tableturns	1
Taboo	1
TAG	1
Tainted	1
tak:til	1
take two	1
Taklife	1
Takoma Records	1
Takotsubo Records	1
Talk Sick Sound	1
Talkin Loud	1
tall records	1
TAMED	1
Tamla	1
Tapete Records	1
Tapeworm	1
tapewormies	1
tappersize	1
Tappersize	1
Tappersize Records	1
Tar Hut Records	1
Tara	1
Taragon	1
Tarantulas	1
Tardigrade	1
TARTELET	1
tasankee records	1
Team Clermont	1
TECHNORAMA	1
tectonic records	1
Ted Records	1
TEE PEE	1
Tegal Records	1
Tekito (2000)	1
Teklife	1
TEKLIFE	1
Tektone	1
TELARC	1
telstar	1
TEMPEL	1
Tempo Kannan Bail	1
Temporary Freedom	1
temporary residence	1
Temporary Residence (2000)	1
Ten Pop	1
Ten Records	1
Tench	1
Tender Loving Empire	1
TENDERPARK	1
Tennessee Folklore Society Records	1
Tenor Vossa	1
TENZIER	1
TEQUILA SUNRISE	1
Terenor	1
teresa gramaphone	1
terminus	1
Terminus	1
Terminus Records	1
TERRA NOVA	1
Terranean Records	1
Terrestrial Funk	1
terrible	1
Terror Vision	1
TERRY PLUMMING	1
TEST PATTERN RECORDS	1
TEXAS RECORDING UNDERGROUND	1
Text	1
text records	1
TEXTILE	1
Textile Records	1
tgs	1
TGS records (1977)	1
the agriculture	1
The Alphabet Business Concern	1
the arena rock recording co.	1
The Big Oil Recording Company	1
The Bunker New York	1
The Celtic Trader	1
The classics record library	1
The Communiom Label	1
THE CORNER	1
The Death of Rave	1
The Decca	1
THE ECHO LABEL	1
the end	1
The End Records	1
THE FLENSER	1
THE HOURS	1
the island def jam music group	1
The Lights	1
The Making of Americans	1
The Malaco Music Group	1
The Music Cartel	1
The Muslimgauze Preservation Society	1
The Naim Label	1
The North Quarter	1
The Nude Party	1
The Otter Guild	1
The Pink Label	1
THE QUIETUS PHONOGRAPHIC CORPORATION	1
The RCA Records Label	1
The Reverberation Appreciation Society	1
The Rocket Record Company	1
The Self Starter Foundation	1
The Self-Starter Foundation	1
The Social Registry	1
THE SPRING PRESS	1
the telegraph company	1
The Temporary Residence	1
The Vinyl Factory	1
the wire editions	1
The Worker's Institute	1
THEM THERE	1
theologian records	1
These	1
These Records	1
THG	1
Thick	1
THIN CONSOLATION	1
Thin Wrist	1
third eye	1
Third Gear	1
Third Gear Records	1
Third Lock Records	1
THIRD MAN RECORDS	1
THIRD MAN/REVENANT	1
Third Mind Records	1
THIRD UNCLE	1
Third Uncle Records	1
Third World	1
thirst ear	1
Thirsty Ear Recordings	1
THIRTY TIGERS	1
THIS CHARMING MAN	1
this record label	1
This World Scares Me	1
THOR'S RUBBER HAMMER PRODUCTIONS	1
THREAD PULL RECORDS	1
Three Cherries Records	1
Three Lobed	1
THREE:FOUR	1
threelobed	1
Threshold	1
Threshold (1993)	1
Thriftstore Records	1
Thrill Jockey Records	1
THROAT CULTURE	1
THRONE OF BLOOD	1
Through The Soil	1
Throwing Music	1
Thumbprint Press	1
thunderball	1
Tiberius	1
TIGERBASS	1
Tigerbeat 6	1
tigerbeat6	1
Tigerstyle	1
Tigerstyle Records	1
TIGERSUSHI	1
Tim Kerr Records	1
Time Again Productions	1
time bomb	1
Time Bomb	1
Time Life Records	1
time to develop	1
TIME TO EXPRESS	1
Time Warner	1
Tiny Creatures	1
tiny ghost	1
TIP TOP	1
TMK(S)	1
TMO Records	1
Toadophile	1
Toast Hawaii	1
Tochnit Aleph	1
Todomundo	1
Together	1
token bird	1
tomlab	1
tompkins square	1
Tompkins Square (2010)	1
tone casualties	1
TONE GLOW	1
Tone-Cool Records	1
TONK	1
Too Big Music	1
TOO PURE	1
Too Pure Records	1
Tooth and Nail	1
Tooth and Nail Records	1
Top Quality Records	1
Top records	1
Top Records	1
top shelf records	1
topcat	1
TOPIC	1
TOPPLERS	1
Torn Clean	1
TORNIS	1
TORTUGA	1
Total Energy	1
TOTAL TREBLE	1
TOTAL WORKS	1
TOTALLY/SMALLTOWN SUPERSOUND	1
touch & go	1
Touch And Go	1
touch demon	1
Touch Music	1
TOUCH SENSITIVE	1
Touch-n-Go	1
Touch'n' Go	1
Tower	1
TOXIC STATE	1
toy gun murder	1
Toy gun murder records	1
Toy Tonics	1
toyo	1
ToYo	1
Toytonics	1
TOYTONICS	1
Trace Elements	1
TRACE ELEMENTS	1
Track Record	1
trackland	1
Trade 2	1
Tradition Records	1
traditional crossroads	1
Traditional Records	1
TRAILER-PARK	1
Trampoline	1
trance	1
Trance	1
TRANQUILITY TAPES	1
TRANS AIR	1
transatlantic	1
Transatlantic Records	1
Transdreamer	1
Transdreamer Records	1
Transgressive Records	1
Transmat	1
Transmit Sound, Artemis Records	1
TRANSPARENT	1
TRAPDOOR TAPES	1
Trash Records	1
TraTraTrax	1
Traum	1
traumton	1
Tray Full of Lab Mice	1
TRD W/D	1
TREADER	1
Tree	1
Tree Records	1
trema	1
Tres	1
TRES	1
Tresor Records	1
TRI ANGLE	1
Tri Tone Studios	1
Tricatel	1
Triceratops	1
TRILOGY	1
Triple Earth	1
Tritone	1
Trojan Recordings	1
TROPI RECORDS	1
Tropical Fuck Storm Records	1
Tropical Storm	1
TROPICALIA IN FURS	1
Trpile X Records	1
TRU RUTS/SPEAKEASY	1
Truckstop Records	1
truckstop/atavistic	1
TRUCO ESPARRAGO	1
true	1
True Believer	1
Trunk Records	1
Trust Records	1
TRYTONE	1
TSUBA	1
tUFF cITY	1
Tuff City	1
TUFF GONG	1
Tug-O-War	1
tuk tuk records	1
TUM RECORDS	1
Tunnel Secret	1
Turbo Discos	1
Turbulence	1
Turbulence Records	1
TURGID ANIMAL	1
turn	1
Turn of the Century	1
Turnaround Sound	1
turnbuckle	1
Turnbuckle	1
TURNED WORD	1
turquoise Records	1
tutl	1
TVP	1
tvt	1
Twentyseven Records	1
Twilight	1
Twilight Records	1
Twin City Imports	1
twin tone	1
TWINK TONES	1
Twist Like This Records	1
Twisted Records	1
Two Sheds Music	1
Two Syllable	1
TWO THUMBS DOWN	1
two ton sanita	1
TWOS & FEWS	1
TWOS & FEWS/DRAG CITY	1
Tympanik	1
type a	1
tzadik (1998)	1
U-Udios	1
ubik	1
UBIK	1
UFO	1
ugExplode	1
UIQ	1
Ujikaji Records	1
uknowme!	1
UKNOWY	1
ultimate	1
ultra modern	1
Ultra Modern	1
Ultra Records	1
Ulyssa	1
UMA SOUNDS	1
UMC	1
UMG Recordings	1
Unblinking Ear Records	1
UNC	1
UNCLE HOWIE	1
Unclean	1
Unclean Records	1
UNCOMMON	1
Under the Needle Recordings	1
UNDER THE SPIRE	1
Underdog Records	1
UNDERPOP	1
underscan records	1
Unhinged	1
UNHINGED	1
Unicorn	1
Union Pole	1
unit circle	1
United	1
United Dairies	1
UNITED INTERESTS	1
United Masters	1
Universal Island Records	1
Universal Music Canada	1
Universal Public Records	1
UNIVERSAL SOUND/SOUL JAZZ	1
Universal Wave	1
UNIVERSITY OF VICE	1
Unknown	1
Unlimited Records	1
UNMUSIC	1
UNO NYC	1
unsigned	1
UNSUITABLE	1
UNYTED	1
up records	1
upland	1
UPPER CLASS	1
upright	1
UPRISING	1
Uprok Records	1
upsetter	1
Upside Records	1
Upstairs Asylum Recordings	1
Upstart	1
Upstart Records	1
Urana	1
Urantia	1
urban legends records	1
URCK ARM RECORDINGS	1
urgent	1
Urpa i musell	1
UTERINE FURY	1
UTOPIA	1
UUNITED ACOUSTIC	1
uvulittle records	1
V	1
V/Vm Test Records	1
v2	1
V2 Records	1
Vacant Lot	1
Vaccination Records	1
Vada Vada	1
vagrant	1
Vagrant Records	1
VAGUE TERRAIN	1
Valence Records	1
VALENTINE CONNEXION	1
valley farm records	1
Vampire Blues	1
VAMPIRE BLUES	1
VampiSoul	1
VAND'OEUVRE	1
Vandit	1
Vanguard Recording Society	1
Vanilla Records	1
Vanity	1
VANITY CASE	1
VAPOR	1
Varese Sarabande	1
varunee	1
VC Records	1
vee jay	1
vee-jay	1
Velas Records	1
Velocirecords	1
Velvet Blue Music	1
vendett RECORDS	1
Vengeance	1
Venture Records	1
Vermin Scum	1
Vernon Yard	1
Vernon Yard Recordings	1
Vertible Gold	1
verve forecast	1
Verve Forecast	1
VERY FRIENDLY	1
vhf	1
Vice	1
vice records	1
viceroy vintage	1
Vicious Circle	1
victor	1
Victoria	1
Victory	1
vild records	1
Vintage Music	1
Vinyl Communications	1
VINYL CONFLICT	1
Vinyl Factory	1
Vinyl Records	1
Vinyl Siding Records	1
Viola Records	1
Violator Records	1
VIOLENT TURD	1
VIRAL AGE	1
virgin records	1
virus	1
visa	1
VISA	1
vital cog	1
Vital Music	1
Vocalion	1
Voda	1
VOHU MANAH	1
Volcano	1
Volition	1
Volt	1
Voltage	1
VON	1
Voodoo Rhythm Records	1
VOSSTOK	1
VR Productions	1
Vulture	1
VUM Recordings	1
W.25th	1
W.E.R.F.	1
Wabana	1
WACKIES/BASIC CHANNEL	1
Waggletone Records	1
WAGON / GNEISS THINGS	1
wah wah	1
Walkthrufyre Records	1
WALLFLOWER RECORDS	1
Wangle-Age Music	1
wantage usa	1
Wantage USA	1
Warerat	1
Warlock	1
WARM	1
WARNER	1
warner archivs	1
warner Bros	1
Warner Bros. Reccords Inc	1
Warner Brosd	1
warner brothers	1
WARNER BROTHERS	1
Warner Latina	1
Warner Music Chile	1
Warner Music Germany	1
Warner Records Inc.	1
Warner Strategic Marketing	1
warp records	1
Warp Records/Duophonic Super 45s	1
Warp/Matador	1
warpdisc	1
Wasabi Tapes	1
WASP VIDEO ROADHOUSE	1
Water Wing (reissue 2011)	1
WATERBUG	1
watermelon	1
Watermelon Records	1
Waveform	1
WAVING HANDS	1
Wax Records/More Mars Team	1
Wax Tadpole Records	1
Wax Trax Records	1
wax trax!	1
WAXING DEEP	1
Waxploitation	1
WAXPLOITATION	1
WB Records	1
wb6	1
WE ARE FREE	1
We Jazz	1
We Jazz Records	1
wea	1
wea canada	1
WEA Japan (1996)	1
WEA Records	1
WEBCO	1
Weed	1
well primed	1
Wendel Doesn't Mind	1
West Mineral Ltd.	1
West Side	1
Westbound Records	1
Westminster	1
Westminster Gold	1
WeWantSounds	1
wfc	1
wgns recordings	1
Wharf Cat Records	1
what are records	1
What Next	1
WHEN IN DOUBT	1
where are my records	1
wherethetimegoes	1
Whirled	1
Whirlwind Recordings	1
Whirlybird	1
Whistler	1
White Label	1
White Noise	1
WHITE PADDY MOUNTAIN	1
Whities	1
Whizeagle Records	1
who cares	1
Who cares	1
Who Left Tunes	1
WHOLLY OTHER	1
Wichita	1
WICHITA	1
Wichita Recordings	1
wick	1
Wicky Records	1
Widowspeak	1
WIENER	1
Wifflefist	1
wigwam	1
Wiiija Records	1
Wild Flesh Productions	1
WILD OATS	1
wild patch	1
wild pitch	1
Wild Pitch	1
Wild Pitch Records	1
Wildebeest Records	1
Wildlife (1997)	1
Will	1
WIN	1
win records	1
Win Records	1
WIN Records	1
Wind	1
WIND HIT	1
Windfall	1
WINDHAM HILL	1
Windham Hill Jazz	1
windham hill records	1
WINDIAN	1
Windsong Records	1
Windspell Records	1
Wing	1
Wing Records	1
WING SING	1
Winspear	1
WIRE HEART	1
wishing tree	1
Wishing Tree	1
Wizmak Productions	1
wm records	1
WM Records	1
WOE TO THE SEPTIC HEART!	1
WOLF Music	1
Wolfi Tunes	1
Women of Noise	1
WOMENS WORK	1
Won Ton	1
WONDER	1
wonderfulsound	1
Wonderland	1
woodcrest	1
Wooden Nickel	1
WOODIST	1
Woodson Lateral	1
WOOL	1
Word Sound	1
word4word music	1
Words on Music	1
Wordsound Records	1
work	1
Work	1
WORKSHOP	1
Workshop Records	1
World	1
World Arbiter	1
World Artists	1
World Circuit/Nonesuch	1
World Control	1
World Domination Recordings	1
World One Records	1
world records	1
World Serpent	1
worlds fair	1
WORLDS FAIR	1
WorldSound	1
Woronzow	1
Worship Guitars Records	1
worstward	1
Wrap	1
wrap records	1
WRASSE	1
WRENCH	1
Wrench Records	1
Wrestler	1
Wrestler Records	1
WRONG MUSIC	1
WT RECORDS	1
wtg	1
Wu-tang	1
Wu-Tang	1
X-OR	1
X2	1
Xile	1
Xintrix	1
xl	1
XL CD	1
XPQ?	1
Xpressway	1
XPRESSWAY	1
XPYLON	1
Xquisite Releases	1
XTRA INFINIT	1
Y Records	1
Yaala Yaala	1
yazoo	1
YEAR ZERO	1
Year0001	1
Yellow House	1
yesha	1
Yesha Inc	1
YGROK	1
YODEL-LAY-HEE	1
YOGA	1
Yokomono Ltd	1
YORE	1
You've Changed Records	1
YOUNG AMERICANS	1
Young God Records	1
Young Tide Records	1
Young Turks	1
YOUNG TURKS	1
your best guess	1
yoyo	1
Yoyo Recordings	1
Z	1
Z TAPES	1
z0ar Music	1
Zappa Records	1
ZAPPA RECORDS	1
Ze	1
Ze/Island	1
Zebra	1
Zebra Acoustic	1
Zelone Records	1
zen/ninja tune	1
zero hour	1
Zero HOur	1
Zero Summer	1
ZEST	1
Zickzack	1
ZIRYAB RECORDS	1
ZOD	1
zoe	1
Zoe	1
Zoe Records	1
zofko	1
Zoila Records	1
Zomba	1
Zomba Recording Corporation	1
Zomba Records	1
Zontar	1
Zoo Entertainment	1
ZORN39	1
ZUCKERMAN MUSEUM OF ART	1
zugswang	1
Zulu	1
zum	1
ZUM	1
ZUM AUDIO	1
ZZK RECORDS	1
